# Russian proper names: stress and ё. Source: Wiktionary (en) via kaikki.org, CC BY-SA 4.0.
аарау	а́арау
ааргау	а́аргау
аарон	ааро́н
аарона	ааро́на
аароне	ааро́не
ааронк	ааро́нк
ааронка	ааро́нка
ааронкам	ааро́нкам
ааронками	ааро́нками
ааронках	ааро́нках
ааронке	ааро́нке
ааронки	ааро́нки
ааронкой	ааро́нкой
ааронкою	ааро́нкою
ааронку	ааро́нку
аароном	ааро́ном
аарону	ааро́ну
аахен	а́ахен
аахена	а́ахена
аахене	а́ахене
аахеном	а́ахеном
аахену	а́ахену
абагор	абаго́р
абагора	абаго́ра
абагоре	абаго́ре
абагором	абаго́ром
абагору	абаго́ру
абадан	абада́н
абадана	абада́на
абадане	абада́не
абаданов	абада́нов
абаданом	абада́ном
абадану	абада́ну
абаданы	абада́ны
абаддон	абаддо́н
абаддона	абаддо́на
абаддоне	абаддо́не
абаддоном	абаддо́ном
абаддону	абаддо́ну
абак	аба́к
абака	аба́ка
абакам	аба́кам
абаками	аба́ками
абакан	абака́н
абакана	абака́на
абакане	абака́не
абаканом	абака́ном
абакану	абака́ну
абаках	аба́ках
абаке	аба́ке
абаки	аба́ки
абакой	аба́кой
абакою	аба́кою
абаку	аба́ку
абакум	абаку́м
абакума	абаку́ма
абакумам	абаку́мам
абакумами	абаку́мами
абакумах	абаку́мах
абакуме	абаку́ме
абакумов	абаку́мов
абакумова	абаку́мова
абакумове	абаку́мове
абакумовой	абаку́мовой
абакумовою	абаку́мовою
абакумову	абаку́мову
абакумовы	абаку́мовы
абакумовым	абаку́мовым
абакумовыми	абаку́мовыми
абакумовых	абаку́мовых
абакумом	абаку́мом
абакуму	абаку́му
абакумы	абаку́мы
абалкин	аба́лкин
абалкина	аба́лкина
абалкине	аба́лкине
абалкиной	аба́лкиной
абалкиною	аба́лкиною
абалкину	аба́лкину
абалкины	аба́лкины
абалкиным	аба́лкиным
абалкиными	аба́лкиными
абалкиных	аба́лкиных
абамон	абамо́н
абамона	абамо́на
абамоне	абамо́не
абамоном	абамо́ном
абамону	абамо́ну
абасири	аба́сири
абатуров	абату́ров
абатурова	абату́рова
абатурове	абату́рове
абатуровой	абату́ровой
абатуровою	абату́ровою
абатурову	абату́рову
абатуровы	абату́ровы
абатуровым	абату́ровым
абатуровыми	абату́ровыми
абатуровых	абату́ровых
аббас	абба́с
аббаса	абба́са
аббасам	абба́сам
аббасами	абба́сами
аббасах	абба́сах
аббасе	абба́се
аббасов	абба́сов
аббасом	абба́сом
аббасу	абба́су
аббасы	абба́сы
абгар	абга́р
абгара	абга́ра
абгаре	абга́ре
абгаром	абга́ром
абгару	абга́ру
абдаикл	абдаи́кл
абдаикла	абдаи́кла
абдаикле	абдаи́кле
абдаиклом	абдаи́клом
абдаиклу	абдаи́клу
абдрахман	абдрахма́н
абдрахмана	абдрахма́на
абдрахманов	абдрахма́нов
абдрахманы	абдрахма́ны
абдул	абду́л
абдула	абду́ла
абдулам	абду́лам
абдулами	абду́лами
абдулах	абду́лах
абдуле	абду́ле
абдулл	абду́лл
абдулла	абдулла́
абдуллам	абдулла́м
абдуллами	абдулла́ми
абдуллах	абдулла́х
абдулле	абдулле́
абдуллой	абдулло́й
абдуллою	абдулло́ю
абдуллу	абдуллу́
абдуллы	абдуллы́
абдулов	абду́лов
абдулом	абду́лом
абдулу	абду́лу
абдулы	абду́лы
абеле	а́беле
абелей	а́белей
абелем	а́белем
абели	а́бели
абель	а́бель
абелю	а́белю
абеля	а́беля
абелям	а́белям
абелями	а́белями
абелях	а́белях
абердин	аберди́н
абердина	аберди́на
абердине	аберди́не
абердином	аберди́ном
абердину	аберди́ну
абиджан	абиджа́н
абиджана	абиджа́на
абиджане	абиджа́не
абиджаном	абиджа́ном
абиджану	абиджа́ну
абидос	а́бидос
абидоса	а́бидоса
абидосе	а́бидосе
абидосом	а́бидосом
абидосу	а́бидосу
абией	а́бией
абиею	а́биею
абии	а́бии
абиссинией	абисси́нией
абиссиниею	абисси́ниею
абиссинии	абисси́нии
абиссинию	абисси́нию
абиссиния	абисси́ния
абию	а́бию
абия	а́бия
абнодием	абно́дием
абнодии	абно́дии
абнодий	абно́дий
абнодию	абно́дию
абнодия	абно́дия
абовян	абовя́н
абовяна	абовя́на
абовяне	абовя́не
абовяном	абовя́ном
абовяну	абовя́ну
абраамян	абраамя́н
абраамяна	абраамя́на
абраамянам	абраамя́нам
абраамянами	абраамя́нами
абраамянах	абраамя́нах
абраамяне	абраамя́не
абраамянов	абраамя́нов
абраамяном	абраамя́ном
абраамяну	абраамя́ну
абраамяны	абраамя́ны
абрам	абра́м
абрама	абра́ма
абрамам	абра́мам
абрамами	абра́мами
абрамах	абра́мах
абраме	абра́ме
абрамием	абра́мием
абрамии	абра́мии
абрамий	абра́мий
абрамию	абра́мию
абрамия	абра́мия
абрамов	абра́мов
абрамова	абра́мова
абрамове	абра́мове
абрамовой	абра́мовой
абрамовою	абра́мовою
абрамову	абра́мову
абрамовы	абра́мовы
абрамовым	абра́мовым
абрамовыми	абра́мовыми
абрамовых	абра́мовых
абрамом	абра́мом
абраму	абра́му
абрамы	абра́мы
абросим	абро́сим
абросима	абро́сима
абросиме	абро́симе
абросимом	абро́симом
абросиму	абро́симу
абсее	абсе́е
абсеем	абсе́ем
абсей	абсе́й
абсею	абсе́ю
абсея	абсе́я
абсурдистан	абсурдиста́н
абсурдистана	абсурдиста́на
абсурдистанам	абсурдиста́нам
абсурдистанами	абсурдиста́нами
абсурдистанах	абсурдиста́нах
абсурдистане	абсурдиста́не
абсурдистанов	абсурдиста́нов
абсурдистаном	абсурдиста́ном
абсурдистану	абсурдиста́ну
абсурдистаны	абсурдиста́ны
абу-даби	абу-да́би
абуджа	абу́джа
абудже	абу́дже
абуджей	абу́джей
абуджею	абу́джею
абуджи	абу́джи
абуджу	абу́джу
абхазией	абха́зией
абхазиею	абха́зиею
абхазии	абха́зии
абхазию	абха́зию
абхазия	абха́зия
аваков	ава́ков
авакова	ава́кова
авакове	ава́кове
аваковой	ава́ковой
аваковою	ава́ковою
авакову	ава́кову
аваковы	ава́ковы
аваковым	ава́ковым
аваковыми	ава́ковыми
аваковых	ава́ковых
аванесов	аване́сов
аванесова	аване́сова
аванесове	аване́сове
аванесовой	аване́совой
аванесовою	аване́совою
аванесову	аване́сову
аванесовы	аване́совы
аванесовым	аване́совым
аванесовыми	аване́совыми
аванесовых	аване́совых
аввакир	авваки́р
аввакира	авваки́ра
аввакире	авваки́ре
аввакиром	авваки́ром
аввакиру	авваки́ру
аввакум	авваку́м
аввакума	авваку́ма
аввакумам	авваку́мам
аввакумами	авваку́мами
аввакумах	авваку́мах
аввакуме	авваку́ме
аввакумов	авваку́мов
аввакумом	авваку́мом
аввакуму	авваку́му
аввакумы	авваку́мы
авгаре	авга́ре
авгарем	авга́рем
авгарь	авга́рь
авгарю	авга́рю
авгаря	авга́ря
авгуриев	авгу́риев
авгурием	авгу́рием
авгурии	авгу́рии
авгурий	авгу́рий
авгурию	авгу́рию
авгурия	авгу́рия
авгуриям	авгу́риям
авгуриями	авгу́риями
авгуриях	авгу́риях
август	а́вгуст
августин	августи́н
августина	августи́на
августине	августи́не
августиной	августи́ной
августином	августи́ном
августиною	августи́ною
августину	августи́ну
августины	августи́ны
августой	авгу́стой
августом	а́вгустом
августою	авгу́стою
августы	авгу́сты
авда	а́вда
авде	а́вде
авдее	авде́е
авдеев	авде́ев
авдеева	авде́ева
авдееве	авде́еве
авдеевка	авде́евка
авдеевке	авде́евке
авдеевки	авде́евки
авдеевкой	авде́евкой
авдеевкою	авде́евкою
авдеевку	авде́евку
авдеевой	авде́евой
авдеевою	авде́евою
авдееву	авде́еву
авдеевы	авде́евы
авдеевым	авде́евым
авдеевыми	авде́евыми
авдеевых	авде́евых
авдеем	авде́ем
авдеи	авде́и
авдей	авде́й
авделае	авдела́е
авделаем	авдела́ем
авделай	авдела́й
авделаю	авдела́ю
авделая	авдела́я
авдею	авде́ю
авдея	авде́я
авдеям	авде́ям
авдеями	авде́ями
авдеях	авде́ях
авдием	а́вдием
авдиес	авдие́с
авдиеса	авдие́са
авдиесе	авдие́се
авдиесом	авдие́сом
авдиесу	авдие́су
авдии	а́вдии
авдиисус	авдиису́с
авдиисуса	авдиису́са
авдиисусе	авдиису́се
авдиисусом	авдиису́сом
авдиисусу	авдиису́су
авдий	а́вдий
авдикием	авди́кием
авдикии	авди́кии
авдикий	авди́кий
авдикию	авди́кию
авдикия	авди́кия
авдию	а́вдию
авдия	а́вдия
авдой	а́вдой
авдокее	авдоке́е
авдокеей	авдоке́ей
авдокеею	авдоке́ею
авдокеи	авдоке́и
авдокею	авдоке́ю
авдокея	авдоке́я
авдоким	авдоки́м
авдокима	авдоки́ма
авдокиме	авдоки́ме
авдокимом	авдоки́мом
авдокиму	авдоки́му
авдон	авдо́н
авдона	авдо́на
авдоне	авдо́не
авдоном	авдо́ном
авдону	авдо́ну
авдотий	авдо́тий
авдотье	авдо́тье
авдотьей	авдо́тьей
авдотьею	авдо́тьею
авдотьи	авдо́тьи
авдотью	авдо́тью
авдотья	авдо́тья
авдотьям	авдо́тьям
авдотьями	авдо́тьями
авдотьях	авдо́тьях
авдою	а́вдою
авду	а́вду
авды	а́вды
авдюш	авдю́ш
авдюша	авдю́ша
авдюшам	авдю́шам
авдюшами	авдю́шами
авдюшах	авдю́шах
авдюше	авдю́ше
авдюшей	авдю́шей
авдюшею	авдю́шею
авдюши	авдю́ши
авдюшу	авдю́шу
авеле	а́веле
авелем	а́велем
авелина	авели́на
авелине	авели́не
авелиной	авели́ной
авелиною	авели́ною
авелину	авели́ну
авелины	авели́ны
авель	а́вель
авелю	а́велю
авеля	а́веля
авенир	авени́р
авенира	авени́ра
авенирам	авени́рам
авенирами	авени́рами
авенирах	авени́рах
авенире	авени́ре
авениров	авени́ров
авенирой	авени́рой
авениром	авени́ром
авенирою	авени́рою
авениру	авени́ру
авениры	авени́ры
авентин	авенти́н
авентина	авенти́на
авентине	авенти́не
авентиной	авенти́ной
авентином	авенти́ном
авентиною	авенти́ною
авентину	авенти́ну
авентины	авенти́ны
аверием	аве́рием
аверии	аве́рии
аверий	аве́рий
аверин	аве́рин
аверина	аве́рина
аверине	аве́рине
авериной	аве́риной
авериною	аве́риною
аверину	аве́рину
аверины	аве́рины
авериным	аве́риным
авериными	аве́риными
авериных	аве́риных
аверию	аве́рию
аверия	аве́рия
аверкием	аве́ркием
аверкии	аве́ркии
аверкий	аве́ркий
аверкию	аве́ркию
аверкия	аве́ркия
аверьян	аверья́н
аверьяна	аверья́на
аверьяне	аверья́не
аверьяном	аверья́ном
аверьяну	аверья́ну
авессалом	авессало́м
авессалома	авессало́ма
авессаломе	авессало́ме
авессаломом	авессало́мом
авессалому	авессало́му
авест	аве́ст
авеста	аве́ста
авестам	аве́стам
авестами	аве́стами
авестах	аве́стах
авесте	аве́сте
авестой	аве́стой
авестою	аве́стою
авесту	аве́сту
авесты	аве́сты
авиафа	авиа́фа
авиафе	авиа́фе
авиафой	авиа́фой
авиафою	авиа́фою
авиафу	авиа́фу
авиафы	авиа́фы
авиахим	авиахи́м
авив	ави́в
авива	ави́ва
авиве	ави́ве
авивой	ави́вой
авивом	ави́вом
авивою	ави́вою
авиву	ави́ву
авивы	ави́вы
авид	ави́д
авида	ави́да
авиде	ави́де
авидом	ави́дом
авиду	ави́ду
авией	а́вией
авиею	а́виею
авии	а́вии
авим	ави́м
авима	ави́ма
авиме	ави́ме
авимом	ави́мом
авиму	ави́му
авиньон	авиньо́н
авиньона	авиньо́на
авиньоне	авиньо́не
авиньоном	авиньо́ном
авиньону	авиньо́ну
авиценна	авице́нна
авиценне	авице́нне
авиценной	авице́нной
авиценною	авице́нною
авиценну	авице́нну
авиценны	авице́нны
авию	а́вию
авия	а́вия
авксентием	авксе́нтием
авксентии	авксе́нтии
авксентий	авксе́нтий
авксентию	авксе́нтию
авксентия	авксе́нтия
авкта	а́вкта
авкте	а́вкте
авктом	а́вктом
авкту	а́вкту
авлида	авли́да
авлиде	авли́де
авлидой	авли́дой
авлидою	авли́дою
авлиду	авли́ду
авлиды	авли́ды
авраам	авраа́м
авраама	авраа́ма
аврааме	авраа́ме
авраамием	авраа́мием
авраамии	авраа́мии
авраамий	авраа́мий
авраамию	авраа́мию
авраамия	авраа́мия
авраамом	авраа́мом
аврааму	авраа́му
аврам	авра́м
аврама	авра́ма
авраме	авра́ме
аврамием	авра́мием
аврамии	авра́мии
аврамий	авра́мий
аврамию	авра́мию
аврамия	авра́мия
аврамом	авра́мом
авраму	авра́му
аврее	авре́е
авреей	авре́ей
авреем	авре́ем
авреею	авре́ею
авреи	авре́и
аврей	авре́й
аврелиан	аврелиа́н
аврелиана	аврелиа́на
аврелиане	аврелиа́не
аврелианом	аврелиа́ном
аврелиану	аврелиа́ну
аврелиев	авре́лиев
аврелией	авре́лией
аврелием	авре́лием
аврелиею	авре́лиею
аврелии	авре́лии
аврелий	авре́лий
аврелию	авре́лию
аврелия	авре́лия
аврелиям	авре́лиям
аврелиями	авре́лиями
аврелиях	авре́лиях
аврею	авре́ю
аврея	авре́я
аврор	авро́р
аврора	авро́ра
аврорам	авро́рам
аврорами	авро́рами
аврорах	авро́рах
авроре	авро́ре
аврорин	авро́рин
аврорина	авро́рина
аврорине	авро́рине
аврориной	авро́риной
аврориною	авро́риною
аврорину	авро́рину
аврорины	авро́рины
аврориным	авро́риным
аврориными	авро́риными
аврориных	авро́риных
авророй	авро́рой
авророю	авро́рою
аврору	авро́ру
авроры	авро́ры
авсее	авсе́е
авсеем	авсе́ем
авсей	авсе́й
авсею	авсе́ю
авсея	авсе́я
австралазией	австрала́зией
австралазиею	австрала́зиею
австралазии	австрала́зии
австралазию	австрала́зию
австралазия	австрала́зия
австралией	австра́лией
австралиею	австра́лиею
австралии	австра́лии
австралию	австра́лию
австралия	австра́лия
австрией	а́встрией
австриею	а́встриею
австрии	а́встрии
австрию	а́встрию
австрия	а́встрия
автова	а́втова
автове	а́втове
автово	а́втово
автовом	а́втовом
автову	а́втову
автоном	автоно́м
автонома	автоно́ма
автономам	автоно́мам
автономами	автоно́мами
автономах	автоно́мах
автономе	автоно́ме
автономов	автоно́мов
автономом	автоно́мом
автоному	автоно́му
автономы	автоно́мы
авудим	авуди́м
авудима	авуди́ма
авудиме	авуди́ме
авудимом	авуди́мом
авудиму	авуди́му
авундиев	аву́ндиев
авундием	аву́ндием
авундии	аву́ндии
авундий	аву́ндий
авундию	аву́ндию
авундия	аву́ндия
авундиям	аву́ндиям
авундиями	аву́ндиями
авундиях	аву́ндиях
агав	ага́в
агава	ага́ва
агавва	ага́вва
агавве	ага́вве
агаввой	ага́ввой
агаввою	ага́ввою
агавву	ага́вву
агаввы	ага́ввы
агаве	ага́ве
агавом	ага́вом
агаву	ага́ву
агаджанов	агаджа́нов
агаджанова	агаджа́нова
агаджанове	агаджа́нове
агаджановой	агаджа́новой
агаджановою	агаджа́новою
агаджанову	агаджа́нову
агаджановы	агаджа́новы
агаджановым	агаджа́новым
агаджановыми	агаджа́новыми
агаджановых	агаджа́новых
агаджанян	агаджаня́н
агаджаняна	агаджаня́на
агаджанянам	агаджаня́нам
агаджанянами	агаджаня́нами
агаджанянах	агаджаня́нах
агаджаняне	агаджаня́не
агаджанянов	агаджаня́нов
агаджаняном	агаджаня́ном
агаджаняну	агаджаня́ну
агаджаняны	агаджаня́ны
агазарян	агазаря́н
агазаряна	агазаря́на
агазарянам	агазаря́нам
агазарянами	агазаря́нами
агазарянах	агазаря́нах
агазаряне	агазаря́не
агазарянов	агазаря́нов
агазаряном	агазаря́ном
агазаряну	агазаря́ну
агазаряны	агазаря́ны
агамемнон	агаме́мнон
агамемнона	агаме́мнона
агамемноне	агаме́мноне
агамемноном	агаме́мноном
агамемнону	агаме́мнону
агап	ага́п
агапа	ага́па
агапам	ага́пам
агапами	ага́пами
агапах	ага́пах
агапе	ага́пе
агапее	агапе́е
агапеев	агапе́ев
агапеей	агапе́ей
агапеем	агапе́ем
агапеею	агапе́ею
агапеи	агапе́и
агапей	агапе́й
агапею	агапе́ю
агапея	агапе́я
агапеям	агапе́ям
агапеями	агапе́ями
агапеях	агапе́ях
агапией	ага́пией
агапием	ага́пием
агапиею	ага́пиею
агапии	ага́пии
агапий	ага́пий
агапион	агапио́н
агапиона	агапио́на
агапионам	агапио́нам
агапионами	агапио́нами
агапионах	агапио́нах
агапионе	агапио́не
агапионов	агапио́нов
агапионом	агапио́ном
агапиону	агапио́ну
агапионы	агапио́ны
агапит	агапи́т
агапита	агапи́та
агапитам	агапи́там
агапитами	агапи́тами
агапитах	агапи́тах
агапите	агапи́те
агапитов	агапи́тов
агапитова	агапи́това
агапитове	агапи́тове
агапитовой	агапи́товой
агапитовою	агапи́товою
агапитову	агапи́тову
агапитовы	агапи́товы
агапитовым	агапи́товым
агапитовыми	агапи́товыми
агапитовых	агапи́товых
агапитом	агапи́том
агапиту	агапи́ту
агапиты	агапи́ты
агапию	ага́пию
агапия	ага́пия
агаповка	ага́повка
агаповке	ага́повке
агаповки	ага́повки
агаповкой	ага́повкой
агаповкою	ага́повкою
агаповку	ага́повку
агапой	ага́пой
агапом	ага́пом
агапон	агапо́н
агапона	агапо́на
агапонам	агапо́нам
агапонами	агапо́нами
агапонах	агапо́нах
агапоне	агапо́не
агапонов	агапо́нов
агапоном	агапо́ном
агапону	агапо́ну
агапоны	агапо́ны
агапою	ага́пою
агапу	ага́пу
агапы	ага́пы
агарак	агара́к
агарака	агара́ка
агараке	агара́ке
агараком	агара́ком
агараку	агара́ку
агартал	ага́ртал
агартала	ага́ртала
агарталам	ага́рталам
агарталами	ага́рталами
агарталах	ага́рталах
агартале	ага́ртале
агарталой	ага́рталой
агарталою	ага́рталою
агарталу	ага́рталу
агарталы	ага́рталы
агата	ага́та
агате	ага́те
агатой	ага́той
агатою	ага́тою
агату	ага́ту
агаты	ага́ты
агафангел	агафа́нгел
агафангела	агафа́нгела
агафангелам	агафа́нгелам
агафангелами	агафа́нгелами
агафангелах	агафа́нгелах
агафангеле	агафа́нгеле
агафангелов	агафа́нгелов
агафангелом	агафа́нгелом
агафангелу	агафа́нгелу
агафангелы	агафа́нгелы
агафией	ага́фией
агафиею	ага́фиею
агафии	ага́фии
агафию	ага́фию
агафия	ага́фия
агафодор	агафодо́р
агафодора	агафодо́ра
агафодоре	агафодо́ре
агафодором	агафодо́ром
агафодору	агафодо́ру
агафон	агафо́н
агафона	агафо́на
агафонам	агафо́нам
агафонами	агафо́нами
агафонах	агафо́нах
агафоне	агафо́не
агафоник	агафо́ник
агафоника	агафо́ника
агафонике	агафо́нике
агафоником	агафо́ником
агафонику	агафо́нику
агафонов	агафо́нов
агафоном	агафо́ном
агафону	агафо́ну
агафоны	агафо́ны
агафья	ага́фья
агеенко	аге́енко
аглае	агла́е
аглаей	агла́ей
аглаею	агла́ею
аглаи	агла́и
аглай	агла́й
аглаю	агла́ю
аглая	агла́я
аглаям	агла́ям
аглаями	агла́ями
аглаях	агла́ях
агни	агни́
агра	а́гра
аграфен	аграфе́н
аграфена	аграфе́на
аграфенам	аграфе́нам
аграфенами	аграфе́нами
аграфенах	аграфе́нах
аграфене	аграфе́не
аграфеной	аграфе́ной
аграфеною	аграфе́ною
аграфену	аграфе́ну
аграфены	аграфе́ны
агре	а́гре
агрикол	агри́кол
агрикола	агри́кола
агриколам	агри́колам
агриколами	агри́колами
агриколах	агри́колах
агриколе	агри́коле
агриколой	агри́колой
агриколою	агри́колою
агриколу	агри́колу
агриколы	агри́колы
агринион	агри́нион
агриниона	агри́ниона
агринионам	агри́нионам
агринионами	агри́нионами
агринионах	агри́нионах
агринионе	агри́нионе
агринионов	агри́нионов
агринионом	агри́нионом
агриниону	агри́ниону
агринионы	агри́нионы
агриппа	агри́ппа
агриппе	агри́ппе
агриппой	агри́ппой
агриппою	агри́ппою
агриппу	агри́ппу
агриппы	агри́ппы
агрой	а́грой
агрою	а́грою
агру	а́гру
агры	а́гры
агрыз	агры́з
агрыза	агры́за
агрызе	агры́зе
агрызом	агры́зом
агрызу	агры́зу
агуаскальентес	агуаскалье́нтес
агуаскальентеса	агуаскалье́нтеса
агуаскальентесам	агуаскалье́нтесам
агуаскальентесами	агуаскалье́нтесами
агуаскальентесах	агуаскалье́нтесах
агуаскальентесе	агуаскалье́нтесе
агуаскальентесов	агуаскалье́нтесов
агуаскальентесом	агуаскалье́нтесом
агуаскальентесу	агуаскалье́нтесу
агуаскальентесы	агуаскалье́нтесы
адам	ада́м
адама	ада́ма
адамам	ада́мам
адамами	ада́мами
адамах	ада́мах
адаме	ада́ме
адамов	ада́мов
адамова	ада́мова
адамове	ада́мове
адамович	ада́мович
адамовича	ада́мовича
адамовна	ада́мовна
адамовой	ада́мовой
адамовою	ада́мовою
адамову	ада́мову
адамовы	ада́мовы
адамовым	ада́мовым
адамовыми	ада́мовыми
адамовых	ада́мовых
адамом	ада́мом
адамс	а́дамс
адамса	а́дамса
адамсам	а́дамсам
адамсами	а́дамсами
адамсах	а́дамсах
адамсе	а́дамсе
адамсов	а́дамсов
адамсом	а́дамсом
адамсу	а́дамсу
адамсы	а́дамсы
адаму	ада́му
адамы	ада́мы
адана	адана́
адане	адане́
аданой	адано́й
аданою	адано́ю
адану	адану́
аданы	аданы́
адати	ада́ти
аделаид	аделаи́д
аделаида	аделаи́да
аделаидам	аделаи́дам
аделаидами	аделаи́дами
аделаидах	аделаи́дах
аделаиде	аделаи́де
аделаидой	аделаи́дой
аделаидою	аделаи́дою
аделаиду	аделаи́ду
аделаиды	аделаи́ды
адельфиев	аде́льфиев
адельфием	аде́льфием
адельфии	аде́льфии
адельфий	аде́льфий
адельфию	аде́льфию
адельфия	аде́льфия
адельфиям	аде́льфиям
адельфиями	аде́льфиями
адельфиях	аде́льфиях
аджарией	аджа́рией
аджариею	аджа́риею
аджарии	аджа́рии
аджарию	аджа́рию
аджария	аджа́рия
адирондак	адиро́ндак
адирондака	адиро́ндака
адирондакам	адиро́ндакам
адирондаками	адиро́ндаками
адирондаках	адиро́ндаках
адирондаке	адиро́ндаке
адирондаки	адиро́ндаки
адирондаков	адиро́ндаков
адирондаком	адиро́ндаком
адирондаку	адиро́ндаку
адольф	адо́льф
адольфа	адо́льфа
адольфам	адо́льфам
адольфами	адо́льфами
адольфах	адо́льфах
адольфе	адо́льфе
адольфов	адо́льфов
адольфом	адо́льфом
адольфу	адо́льфу
адольфы	адо́льфы
адонис	адо́нис
адониса	адо́ниса
адонисе	адо́нисе
адонисом	адо́нисом
адонису	адо́нису
адрамелех	адраме́лех
адрамелеха	адраме́леха
адрамелехе	адраме́лехе
адрамелехом	адраме́лехом
адрамелеху	адраме́леху
адриан	адриа́н
адриана	адриа́на
адрианам	адриа́нам
адрианами	адриа́нами
адрианах	адриа́нах
адриане	адриа́не
адрианов	адриа́нов
адрианом	адриа́ном
адриану	адриа́ну
адрианы	адриа́ны
адыгее	адыге́е
адыгеей	адыге́ей
адыгеею	адыге́ею
адыгеи	адыге́и
адыгейск	адыге́йск
адыгейска	адыге́йска
адыгейске	адыге́йске
адыгейском	адыге́йском
адыгейску	адыге́йску
адыгею	адыге́ю
адыгея	адыге́я
адыяман	адыяма́н
адыямана	адыяма́на
адыямане	адыяма́не
адыяманом	адыяма́ном
адыяману	адыяма́ну
аза	а́за
азавад	азава́д
азавада	азава́да
азаваде	азава́де
азавадом	азава́дом
азаваду	азава́ду
азазеле	азазе́ле
азазелем	азазе́лем
азазель	азазе́ль
азазелю	азазе́лю
азазеля	азазе́ля
азалией	аза́лией
азалиею	аза́лиею
азалии	аза́лии
азалий	аза́лий
азалию	аза́лию
азалия	аза́лия
азалиям	аза́лиям
азалиями	аза́лиями
азалиях	аза́лиях
азам	а́зам
азами	а́зами
азах	а́зах
азе	а́зе
азербайджан	азербайджа́н
азербайджана	азербайджа́на
азербайджане	азербайджа́не
азербайджаном	азербайджа́ном
азербайджану	азербайджа́ну
азией	а́зией
азиею	а́зиею
азии	а́зии
азимов	ази́мов
азимова	ази́мова
азимове	ази́мове
азимовой	ази́мовой
азимовою	ази́мовою
азимову	ази́мову
азимовы	ази́мовы
азимовым	ази́мовым
азимовыми	ази́мовыми
азимовых	ази́мовых
азию	а́зию
азия	а́зия
азнавур	азнаву́р
азнавура	азнаву́ра
азнавурам	азнаву́рам
азнавурами	азнаву́рами
азнавурах	азнаву́рах
азнавуре	азнаву́ре
азнавуров	азнаву́ров
азнавуром	азнаву́ром
азнавуру	азнаву́ру
азнавуры	азнаву́ры
азов	азо́в
азова	азо́ва
азове	азо́ве
азовой	азо́вой
азовом	азо́вом
азовою	азо́вою
азову	азо́ву
азовы	азо́вы
азовым	азо́вым
азовыми	азо́выми
азовых	азо́вых
азой	а́зой
азор	азо́р
азорам	азо́рам
азорами	азо́рами
азорах	азо́рах
азоры	азо́ры
азою	а́зою
азу	а́зу
азы	а́зы
аид	аи́д
аида	аи́да
аиде	аи́де
аиджал	аиджа́л
аиджала	аиджа́ла
аиджале	аиджа́ле
аиджалом	аиджа́лом
аиджалу	аиджа́лу
аидом	аи́дом
аиду	аи́ду
айвазовская	айвазо́вская
айвазовские	айвазо́вские
айвазовский	айвазо́вский
айвазовским	айвазо́вским
айвазовскими	айвазо́вскими
айвазовских	айвазо́вских
айвазовского	айвазо́вского
айвазовской	айвазо́вской
айвазовском	айвазо́вском
айвазовскому	айвазо́вскому
айвазовскою	айвазо́вскою
айвазовскую	айвазо́вскую
айгнер	а́йгнер
айгнера	а́йгнера
айгнерам	а́йгнерам
айгнерами	а́йгнерами
айгнерах	а́йгнерах
айгнере	а́йгнере
айгнеров	а́йгнеров
айгнером	а́йгнером
айгнеру	а́йгнеру
айгнеры	а́йгнеры
айдахо	айда́хо
айдос	а́йдос
айдоса	а́йдоса
айзаул	айза́ул
айзаула	айза́ула
айзауле	айза́уле
айзаулом	айза́улом
айзаулу	айза́улу
айринг	а́йринг
айринга	а́йринга
айрингам	а́йрингам
айрингами	а́йрингами
айрингах	а́йрингах
айринге	а́йринге
айринги	а́йринги
айрингов	а́йрингов
айрингом	а́йрингом
айрингу	а́йрингу
айрум	айру́м
айрума	айру́ма
айруме	айру́ме
айрумом	айру́мом
айруму	айру́му
айти	а́йти
айтматов	айтма́тов
айтматова	айтма́това
айтматове	айтма́тове
айтматовой	айтма́товой
айтматовою	айтма́товою
айтматову	айтма́тову
айтматовы	айтма́товы
айтматовым	айтма́товым
айтматовыми	айтма́товыми
айтматовых	айтма́товых
айша	айша́
айшам	айша́м
айшами	айша́ми
айшах	айша́х
айше	айше́
айшей	айше́й
айши	айши́
айшой	айшо́й
айшою	айшо́ю
айшу	айшу́
ак-довурак	ак-довура́к
ак-довурака	ак-довура́ка
акабира	акаби́ра
академсети	академсе́ти
академсеть	академсе́ть
академсетью	академсе́тью
акакием	ака́кием
акакии	ака́кии
акакий	ака́кий
акакию	ака́кию
акакия	ака́кия
аквитанией	аквита́нией
аквитаниею	аквита́ниею
аквитании	аквита́нии
аквитанию	аквита́нию
аквитания	аквита́ния
акет	аке́т
акета	аке́та
акетам	аке́там
акетами	аке́тами
акетах	аке́тах
акете	аке́те
акетов	аке́тов
акетом	аке́том
акету	аке́ту
акеты	аке́ты
аким	аки́м
акима	аки́ма
акимам	аки́мам
акимами	аки́мами
акимах	аки́мах
акиме	аки́ме
акимов	аки́мов
акимом	аки́мом
акиму	аки́му
акимы	аки́мы
акита	а́кита
аките	а́ките
акитой	а́китой
акитою	а́китою
акиту	а́киту
акиты	а́киты
аккад	акка́д
аккада	акка́да
аккаде	акка́де
аккадом	акка́дом
аккаду	акка́ду
аккра	а́ккра
аккре	а́ккре
аккрой	а́ккрой
аккрою	а́ккрою
аккру	а́ккру
аккры	а́ккры
акойт	ако́йт
акойта	ако́йта
акойтам	ако́йтам
акойтами	ако́йтами
акойтах	ако́йтах
акойте	ако́йте
акойтов	ако́йтов
акойтом	ако́йтом
акойту	ако́йту
акойты	ако́йты
акопов	ако́пов
акопова	ако́пова
акопове	ако́пове
акоповой	ако́повой
акоповою	ако́повою
акопову	ако́пову
акоповы	ако́повы
акоповым	ако́повым
акоповыми	ако́повыми
акоповых	ако́повых
акопян	акопя́н
акопяна	акопя́на
акопянам	акопя́нам
акопянами	акопя́нами
акопянах	акопя́нах
акопяне	акопя́не
акопянов	акопя́нов
акопяном	акопя́ном
акопяну	акопя́ну
акопяны	акопя́ны
акрополе	акро́поле
акрополем	акро́полем
акрополь	акро́поль
акрополю	акро́полю
акрополя	акро́поля
аксенов	аксёнов
аксенова	аксёнова
аксенове	аксёнове
аксеновой	аксёновой
аксеновою	аксёновою
аксенову	аксёнову
аксеновы	аксёновы
аксеновым	аксёновым
аксеновыми	аксёновыми
аксеновых	аксёновых
аксиний	акси́ний
аксинье	акси́нье
аксиньей	акси́ньей
аксиньею	акси́ньею
аксиньи	акси́ньи
аксинью	акси́нью
аксинья	акси́нья
аксиньям	акси́ньям
аксиньями	акси́ньями
аксиньях	акси́ньях
акунин	аку́нин
акунина	аку́нина
акунине	аку́нине
акуниной	аку́ниной
акуниною	аку́ниною
акунину	аку́нину
акунины	аку́нины
акуниным	аку́ниным
акуниными	аку́ниными
акуниных	аку́ниных
акутагава	акутага́ва
акутагаве	акутага́ве
акутагавой	акутага́вой
акутагавою	акутага́вою
акутагаву	акутага́ву
акутагавы	акутага́вы
алабама	алаба́ма
алабаме	алаба́ме
алабамой	алаба́мой
алабамою	алаба́мою
алабаму	алаба́му
алабамы	алаба́мы
алаверди	алаверди́
аладдин	аладди́н
аладдина	аладди́на
аладдинам	аладди́нам
аладдинами	аладди́нами
аладдинах	аладди́нах
аладдине	аладди́не
аладдинов	аладди́нов
аладдином	аладди́ном
аладдину	аладди́ну
аладдины	аладди́ны
алазани	алаза́ни
алазань	алаза́нь
алазанью	алаза́нью
аланд	ала́нд
аландам	ала́ндам
аландами	ала́ндами
аландах	ала́ндах
аланды	ала́нды
аланией	ала́нией
аланиею	ала́ниею
алании	ала́нии
аланий	ала́ний
аланию	ала́нию
алания	ала́ния
аланиям	ала́ниям
аланиями	ала́ниями
аланиях	ала́ниях
аланье	ала́нье
аланьей	ала́ньей
аланьею	ала́ньею
аланьи	ала́ньи
аланью	ала́нью
аланья	ала́нья
алапаевск	алапа́евск
алапаевска	алапа́евска
алапаевске	алапа́евске
алапаевском	алапа́евском
алапаевску	алапа́евску
аларих	ала́рих
алариха	ала́риха
аларихе	ала́рихе
аларихом	ала́рихом
алариху	ала́риху
албанией	алба́нией
албаниею	алба́ниею
албании	алба́нии
албанию	алба́нию
албания	алба́ния
албуров	албу́ров
албурова	албу́рова
албурове	албу́рове
албуровой	албу́ровой
албуровою	албу́ровою
албурову	албу́рову
албуровы	албу́ровы
албуровым	албу́ровым
албуровыми	албу́ровыми
албуровых	албу́ровых
але	а́ле
алевтин	алевти́н
алевтина	алевти́на
алевтинам	алевти́нам
алевтинами	алевти́нами
алевтинах	алевти́нах
алевтине	алевти́не
алевтиной	алевти́ной
алевтиною	алевти́ною
алевтину	алевти́ну
алевтины	алевти́ны
алей	а́лей
александр	алекса́ндр
александра	алекса́ндра
александрам	алекса́ндрам
александрами	алекса́ндрами
александрах	алекса́ндрах
александре	алекса́ндре
александринка	александри́нка
александринке	александри́нке
александринки	александри́нки
александринкой	александри́нкой
александринкою	александри́нкою
александринку	александри́нку
александров	алекса́ндров
александрова	алекса́ндрова
александрове	алекса́ндрове
александрович	алекса́ндрович
александровича	алекса́ндровича
александровна	алекса́ндровна
александровны	алекса́ндровны
александровой	алекса́ндровой
александровою	алекса́ндровою
александрову	алекса́ндрову
александровы	алекса́ндровы
александровым	алекса́ндровым
александровыми	алекса́ндровыми
александровых	алекса́ндровых
александрой	алекса́ндрой
александром	алекса́ндром
александрою	алекса́ндрою
александру	алекса́ндру
александруполис	александру́полис
александруполиса	александру́полиса
александруполисе	александру́полисе
александруполисом	александру́полисом
александруполису	александру́полису
александры	алекса́ндры
алексанян	алексаня́н
алексаняна	алексаня́на
алексанянам	алексаня́нам
алексанянами	алексаня́нами
алексанянах	алексаня́нах
алексаняне	алексаня́не
алексанянов	алексаня́нов
алексаняном	алексаня́ном
алексаняну	алексаня́ну
алексаняны	алексаня́ны
алексее	алексе́е
алексеев	алексе́ев
алексеева	алексе́ева
алексееве	алексе́еве
алексеевой	алексе́евой
алексеевою	алексе́евою
алексееву	алексе́еву
алексеевы	алексе́евы
алексеевым	алексе́евым
алексеевыми	алексе́евыми
алексеевых	алексе́евых
алексеем	алексе́ем
алексеи	алексе́и
алексей	алексе́й
алексею	алексе́ю
алексея	алексе́я
алексеям	алексе́ям
алексеями	алексе́ями
алексеях	алексе́ях
алексиевич	алексие́вич
алексиевича	алексие́вича
алексиевичам	алексие́вичам
алексиевичами	алексие́вичами
алексиевичах	алексие́вичах
алексиевиче	алексие́виче
алексиевичей	алексие́вичей
алексиевичем	алексие́вичем
алексиевичи	алексие́вичи
алексиевичу	алексие́вичу
ален	алён
алена	алёна
аленам	алёнам
аленами	алёнами
аленах	алёнах
алене	алёне
аленой	алёной
аленою	алёною
алену	алёну
алены	алёны
алеппа	але́ппа
алеппе	але́ппе
алеппо	але́ппо
алеппом	але́ппом
алеппу	але́ппу
алехин	алёхин
алехина	алёхина
алехине	алёхине
алехиной	алёхиной
алехиною	алёхиною
алехину	алёхину
алехины	алёхины
алехиным	алёхиным
алехиными	алёхиными
алехиных	алёхиных
алеш	алёш
алеша	алёша
алешам	алёшам
алешами	алёшами
алешах	алёшах
алеше	алёше
алешей	алёшей
алешею	алёшею
алеши	алёши
алешу	алёшу
алею	а́лею
алжир	алжи́р
алжира	алжи́ра
алжире	алжи́ре
алжиром	алжи́ром
алжиру	алжи́ру
али-баба	али-баба́
али-бабе	али-бабе́
али-бабой	али-бабо́й
али-бабою	али-бабо́ю
али-бабу	али-бабу́
али-бабы	али-бабы́
алик	а́лик
алика	а́лика
аликам	а́ликам
аликами	а́ликами
аликах	а́ликах
алике	а́лике
алики	а́лики
аликов	а́ликов
аликом	а́ликом
алику	а́лику
алин	али́н
алина	али́на
алинам	али́нам
алинами	али́нами
алинах	али́нах
алине	али́не
алиной	али́ной
алиною	али́ною
алину	али́ну
алины	али́ны
алис	али́с
алиса	али́са
алисам	али́сам
алисами	али́сами
алисах	али́сах
алисе	али́се
алисой	али́сой
алисою	али́сою
алистер	а́листер
алистера	а́листера
алистере	а́листере
алистером	а́листером
алистеру	а́листеру
алису	али́су
алисы	али́сы
алла	а́лла
аллам	а́ллам
аллами	а́ллами
аллаха	алла́ха
аллахабад	аллахаба́д
аллахабада	аллахаба́да
аллахабаде	аллахаба́де
аллахабадом	аллахаба́дом
аллахабаду	аллахаба́ду
аллахвердиев	аллахверди́ев
аллахвердиева	аллахверди́ева
аллахвердиевы	аллахверди́евы
аллахвердиевых	аллахверди́евых
аллахе	алла́хе
аллахом	алла́хом
аллаху	алла́ху
алле	а́лле
аллой	а́ллой
аллою	а́ллою
аллу	а́ллу
аллы	а́ллы
алма-ата	алма-ата́
алма-ате	алма-ате́
алма-атой	алма-ато́й
алма-атою	алма-ато́ю
алма-ату	алма-ату́
алма-аты	алма-аты́
алмазная	алма́зная
алмазной	алма́зной
алмазною	алма́зною
алмазную	алма́зную
алматы	алматы́
алмере	алме́ре
алонсо	ало́нсо
алоцветик	алоцве́тик
алоцветика	алоцве́тика
алоцветике	алоцве́тике
алоцветиком	алоцве́тиком
алоцветику	алоцве́тику
алтае	алта́е
алтаем	алта́ем
алтай	алта́й
алтаю	алта́ю
алтая	алта́я
алупка	алу́пка
алупке	алу́пке
алупки	алу́пки
алупкой	алу́пкой
алупкою	алу́пкою
алупку	алу́пку
алушта	алу́шта
алуште	алу́ште
алуштой	алу́штой
алуштою	алу́штою
алушту	алу́шту
алушты	алу́шты
алфред	а́лфред
алфреда	а́лфреда
алфреде	а́лфреде
алфредом	а́лфредом
алфреду	а́лфреду
алчевск	алче́вск
алчевска	алче́вска
алчевске	алче́вске
алчевском	алче́вском
алчевску	алче́вску
аль-каида	аль-ка́ида
аль-каиде	аль-ка́иде
аль-каидой	аль-ка́идой
аль-каидою	аль-ка́идою
аль-каиду	аль-ка́иду
аль-каиды	аль-ка́иды
альбац	альба́ц
альбаца	альба́ца
альбацам	альба́цам
альбацами	альба́цами
альбацах	альба́цах
альбаце	альба́це
альбацев	альба́цев
альбацем	альба́цем
альбацу	альба́цу
альбацы	альба́цы
альберт	альбе́рт
альберта	альбе́рта
альбертам	альбе́ртам
альбертами	альбе́ртами
альбертах	альбе́ртах
альберте	альбе́рте
альбертов	альбе́ртов
альбертой	альбе́ртой
альбертом	альбе́ртом
альбертою	альбе́ртою
альберту	альбе́рту
альберты	альбе́рты
альбин	альби́н
альбина	альби́на
альбинам	альби́нам
альбинами	альби́нами
альбинах	альби́нах
альбине	альби́не
альбиной	альби́ной
альбиною	альби́ною
альбину	альби́ну
альбины	альби́ны
альбион	альбио́н
альбиона	альбио́на
альбионе	альбио́не
альбионом	альбио́ном
альбиону	альбио́ну
альбирео	альбире́о
альбукерке	альбуке́рке
альвис	альви́с
альвиса	альви́са
альвисам	альви́сам
альвисами	альви́сами
альвисах	альви́сах
альвисе	альви́се
альвисов	альви́сов
альвисом	альви́сом
альвису	альви́су
альвисы	альви́сы
альдебаран	альдебара́н
альдебарана	альдебара́на
альдебаране	альдебара́не
альдебараном	альдебара́ном
альдебарану	альдебара́ну
альметьевск	альме́тьевск
альметьевска	альме́тьевска
альметьевске	альме́тьевске
альметьевском	альме́тьевском
альметьевску	альме́тьевску
альпам	а́льпам
альпами	а́льпами
альпах	а́льпах
альпы	а́льпы
альфвен	альфве́н
альфвена	альфве́на
альфвенам	альфве́нам
альфвенами	альфве́нами
альфвенах	альфве́нах
альфвене	альфве́не
альфвенов	альфве́нов
альфвеном	альфве́ном
альфвену	альфве́ну
альфвены	альфве́ны
альфонс	альфо́нс
альфонса	альфо́нса
альфонсам	альфо́нсам
альфонсами	альфо́нсами
альфонсах	альфо́нсах
альфонсе	альфо́нсе
альфонсо	альфо́нсо
альфонсов	альфо́нсов
альфонсом	альфо́нсом
альфонсу	альфо́нсу
альфонсы	альфо́нсы
альцгеймер	альцге́ймер
альцгеймера	альцге́ймера
альцгеймерам	альцге́ймерам
альцгеймерами	альцге́ймерами
альцгеймерах	альцге́ймерах
альцгеймере	альцге́ймере
альцгеймеров	альцге́ймеров
альцгеймером	альцге́ймером
альцгеймеру	альцге́ймеру
альцгеймеры	альцге́ймеры
алю	а́лю
аля	а́ля
алям	а́лям
алями	а́лями
аляска	аля́ска
аляскам	аля́скам
алясками	аля́сками
алясках	аля́сках
аляске	аля́ске
аляски	аля́ски
аляской	аля́ской
аляскою	аля́скою
аляску	аля́ску
алясок	аля́сок
алях	а́лях
амазонией	амазо́нией
амазониею	амазо́ниею
амазонии	амазо́нии
амазонию	амазо́нию
амазония	амазо́ния
амазонка	амазо́нка
амазонке	амазо́нке
амазонки	амазо́нки
амазонкой	амазо́нкой
амазонкою	амазо́нкою
амазонку	амазо́нку
амаль	ама́ль
амасье	ама́сье
амасьей	ама́сьей
амасьею	ама́сьею
амасьи	ама́сьи
амасью	ама́сью
амасья	ама́сья
америк	аме́рик
америка	аме́рика
америкам	аме́рикам
америками	аме́риками
америках	аме́риках
америке	аме́рике
америки	аме́рики
америкой	аме́рикой
америкою	аме́рикою
америку	аме́рику
амерсфорт	а́мерсфорт
амерсфорта	а́мерсфорта
амерсфорте	а́мерсфорте
амерсфортом	а́мерсфортом
амерсфорту	а́мерсфорту
амман	амма́н
аммана	амма́на
аммане	амма́не
амманом	амма́ном
амману	амма́ну
амос	амо́с
амоса	амо́са
амосам	амо́сам
амосами	амо́сами
амосах	амо́сах
амосе	амо́се
амосов	амо́сов
амосом	амо́сом
амосу	амо́су
амосы	амо́сы
амритсар	амритса́р
амритсара	амритса́ра
амритсаре	амритса́ре
амритсаром	амритса́ром
амритсару	амритса́ру
амстердам	амстерда́м
амстердама	амстерда́ма
амстердаме	амстерда́ме
амстердамом	амстерда́мом
амстердаму	амстерда́му
аму-дарье	аму-дарье́
аму-дарьи	аму-дарьи́
аму-дарью	аму-дарью́
аму-дарья	аму-дарья́
амударье	амударье́
амударьей	амударьёй
амударьею	амударьёю
амударьи	амударьи́
амударью	амударью́
амударья	амударья́
амур	аму́р
амура	аму́ра
амуре	аму́ре
амуром	аму́ром
амурск	аму́рск
амурска	аму́рска
амурская	аму́рская
амурске	аму́рске
амурской	аму́рской
амурском	аму́рском
амурскою	аму́рскою
амурску	аму́рску
амурскую	аму́рскую
амуру	аму́ру
амфитрион	амфитрио́н
амфитриона	амфитрио́на
амфитрионе	амфитрио́не
амфитрионом	амфитрио́ном
амфитриону	амфитрио́ну
амьен	амье́н
амьена	амье́на
амьене	амье́не
амьеном	амье́ном
амьену	амье́ну
анадыре	ана́дыре
анадырем	ана́дырем
анадырь	ана́дырь
анадырю	ана́дырю
анадыря	ана́дыря
анаксагор	анаксаго́р
анаксагора	анаксаго́ра
анаксагоре	анаксаго́ре
анаксагором	анаксаго́ром
анаксагору	анаксаго́ру
анаксарх	анакса́рх
анаксарха	анакса́рха
анаксархе	анакса́рхе
анаксархом	анакса́рхом
анаксарху	анакса́рху
анаксимандр	анаксима́ндр
анаксимандра	анаксима́ндра
анаксимандре	анаксима́ндре
анаксимандром	анаксима́ндром
анаксимандру	анаксима́ндру
анаксимен	анаксиме́н
анаксимена	анаксиме́на
анаксимене	анаксиме́не
анаксименом	анаксиме́ном
анаксимену	анаксиме́ну
анапа	ана́па
анапе	ана́пе
анапой	ана́пой
анапою	ана́пою
анапу	ана́пу
анапы	ана́пы
анастасиев	анаста́сиев
анастасией	анастаси́ей
анастасием	анаста́сием
анастасиею	анастаси́ею
анатолиев	анато́лиев
анатолией	анато́лией
анатолием	анато́лием
анатолиею	анато́лиею
анатолии	анато́лии
анатолий	анато́лий
анатолию	анато́лию
анатолия	анато́лия
анатолиям	анато́лиям
анатолиями	анато́лиями
анатолиях	анато́лиях
анахита	анахи́та
анахиты	анахи́ты
ангара	ангара́
ангаре	ангаре́
ангарой	ангаро́й
ангарою	ангаро́ю
ангару	ангару́
ангары	ангары́
ангел	а́нгел
ангела	а́нгела
ангелам	а́нгелам
ангелами	а́нгелами
ангелах	а́нгелах
ангеле	а́нгеле
ангелин	ангели́н
ангелина	ангели́на
ангелинам	ангели́нам
ангелинами	ангели́нами
ангелинах	ангели́нах
ангелине	ангели́не
ангелиной	ангели́ной
ангелиною	ангели́ною
ангелину	ангели́ну
ангелины	ангели́ны
ангелой	а́нгелой
ангелою	а́нгелою
ангелу	а́нгелу
ангелы	а́нгелы
ангилье	анги́лье
ангильей	анги́льей
ангильею	анги́льею
ангильи	анги́льи
ангилью	анги́лью
ангилья	анги́лья
ангкор-ват	ангкор-ва́т
ангкор-вата	ангкор-ва́та
ангкор-вате	ангкор-ва́те
ангкор-ватом	ангкор-ва́том
ангкор-вату	ангкор-ва́ту
англией	а́нглией
англиею	а́нглиею
англии	а́нглии
англию	а́нглию
англия	а́нглия
ангола	анго́ла
анголе	анго́ле
анголой	анго́лой
анголою	анго́лою
анголу	анго́лу
анголы	анго́лы
анграпа	ангра́па
анграпе	ангра́пе
анграпой	ангра́пой
анграпою	ангра́пою
анграппа	ангра́ппа
анграппе	ангра́ппе
анграппой	ангра́ппой
анграппою	ангра́ппою
анграппу	ангра́ппу
анграппы	ангра́ппы
анграпу	ангра́пу
анграпы	ангра́пы
андалузией	андалу́зией
андалузиею	андалу́зиею
андалузии	андалу́зии
андалузию	андалу́зию
андалузия	андалу́зия
андалусией	андалу́сией
андалусиею	андалу́сиею
андалусии	андалу́сии
андалусию	андалу́сию
андалусия	андалу́сия
андам	а́ндам
андами	а́ндами
андах	а́ндах
андерсен	а́ндерсен
андерсена	а́ндерсена
андерсенам	а́ндерсенам
андерсенами	а́ндерсенами
андерсенах	а́ндерсенах
андерсене	а́ндерсене
андерсенов	а́ндерсенов
андерсеном	а́ндерсеном
андерсену	а́ндерсену
андерсены	а́ндерсены
анджел	андже́л
анджела	андже́ла
анджелам	андже́лам
анджелами	андже́лами
анджелах	андже́лах
анджеле	андже́ле
анджелой	андже́лой
анджелою	андже́лою
анджелу	андже́лу
анджелы	андже́лы
андорра	андо́рра
андорре	андо́рре
андоррой	андо́ррой
андоррою	андо́ррою
андорру	андо́рру
андорры	андо́рры
андрее	андре́е
андреев	андре́ев
андреева	андре́ева
андрееве	андре́еве
андреевой	андре́евой
андреевою	андре́евою
андрееву	андре́еву
андреевы	андре́евы
андреевым	андре́евым
андреевыми	андре́евыми
андреевых	андре́евых
андреем	андре́ем
андреи	андре́и
андрей	андре́й
андрею	андре́ю
андрея	андре́я
андреям	андре́ям
андреями	андре́ями
андреях	андре́ях
андриан	андриа́н
андриана	андриа́на
андрианам	андриа́нам
андрианами	андриа́нами
андрианах	андриа́нах
андриане	андриа́не
андрианов	андриа́нов
андрианом	андриа́ном
андриану	андриа́ну
андрианы	андриа́ны
андромеда	андроме́да
андромеде	андроме́де
андромедой	андроме́дой
андромедою	андроме́дою
андромеду	андроме́ду
андромеды	андроме́ды
андропов	андро́пов
андропова	андро́пова
андропове	андро́пове
андроповой	андро́повой
андроповою	андро́повою
андропову	андро́пову
андроповы	андро́повы
андроповым	андро́повым
андроповыми	андро́повыми
андроповых	андро́повых
андрюш	андрю́ш
андрюша	андрю́ша
андрюшам	андрю́шам
андрюшами	андрю́шами
андрюшах	андрю́шах
андрюше	андрю́ше
андрюшей	андрю́шей
андрюшею	андрю́шею
андрюши	андрю́ши
андрюшу	андрю́шу
андхра-прадеш	андхра-пра́деш
андхра-прадеша	андхра-пра́деша
андхра-прадеше	андхра-пра́деше
андхра-прадешем	андхра-пра́дешем
андхра-прадешу	андхра-пра́дешу
анды	а́нды
ане	а́не
аней	а́ней
анею	а́нею
анжел	анже́л
анжела	анже́ла
анжелам	анже́лам
анжелами	анже́лами
анжелах	анже́лах
анжеле	анже́ле
анжелик	анжели́к
анжелика	анжели́ка
анжеликам	анжели́кам
анжеликами	анжели́ками
анжеликах	анжели́ках
анжелике	анжели́ке
анжелики	анжели́ки
анжеликой	анжели́кой
анжеликою	анжели́кою
анжелику	анжели́ку
анжелой	анже́лой
анжелою	анже́лою
анжелу	анже́лу
анжелы	анже́лы
анжу	анжу́
ани	а́ни
аникин	ани́кин
аникина	ани́кина
аникине	ани́кине
аникиной	ани́киной
аникиною	ани́киною
аникину	ани́кину
аникины	ани́кины
аникиным	ани́киным
аникиными	ани́киными
аникиных	ани́киных
анисией	ани́сией
анисиею	ани́сиею
анисии	ани́сии
анисий	ани́сий
анисим	ани́сим
анисима	ани́сима
анисимам	ани́симам
анисимами	ани́симами
анисимах	ани́симах
анисиме	ани́симе
анисимов	ани́симов
анисимом	ани́симом
анисиму	ани́симу
анисимы	ани́симы
анисию	ани́сию
анисия	ани́сия
анисиям	ани́сиям
анисиями	ани́сиями
анисиях	ани́сиях
анисье	ани́сье
анисьей	ани́сьей
анисьею	ани́сьею
анисьи	ани́сьи
анисью	ани́сью
анисья	ани́сья
анисьям	ани́сьям
анисьями	ани́сьями
анисьях	ани́сьях
анкара	анкара́
анкаре	анкаре́
анкарой	анкаро́й
анкарою	анкаро́ю
анкару	анкару́
анкары	анкары́
анкоридж	а́нкоридж
анкориджа	а́нкориджа
анкоридже	а́нкоридже
анкориджем	а́нкориджем
анкориджу	а́нкориджу
анна	а́нна
аннама	анна́ма
аннаме	анна́ме
аннами	а́ннами
аннамом	анна́мом
аннаму	анна́му
аннаполис	анна́полис
аннаполиса	анна́полиса
аннаполисе	анна́полисе
аннаполисом	анна́полисом
аннаполису	анна́полису
аннах	а́ннах
анне	а́нне
анной	а́нной
анною	а́нною
анну	а́нну
анны	а́нны
анталье	анта́лье
антальей	анта́льей
антальею	анта́льею
антальи	анта́льи
анталью	анта́лью
анталья	анта́лья
антананариву	антананари́ву
антарктида	антаркти́да
антарктиде	антаркти́де
антарктидой	антаркти́дой
антарктидою	антаркти́дою
антарктиду	антаркти́ду
антарктиды	антаркти́ды
антарктик	анта́рктик
антарктика	анта́рктика
антарктикам	анта́рктикам
антарктиками	анта́рктиками
антарктиках	анта́рктиках
антарктике	анта́рктике
антарктики	анта́рктики
антарктикой	анта́рктикой
антарктикою	анта́рктикою
антарктику	анта́рктику
антиливан	антилива́н
антиливана	антилива́на
антиох	антио́х
антиоха	антио́ха
антиохам	антио́хам
антиохами	антио́хами
антиохах	антио́хах
антиохе	антио́хе
антиохи	антио́хи
антиохией	антио́хией
антиохиею	антио́хиею
антиохии	антио́хии
антиохий	антио́хий
антиохию	антио́хию
антиохия	антио́хия
антиохиям	антио́хиям
антиохиями	антио́хиями
антиохиях	антио́хиях
антиохов	антио́хов
антиохом	антио́хом
антиоху	антио́ху
антихрист	анти́христ
антихриста	анти́христа
антихристам	анти́христам
антихристами	анти́христами
антихристах	анти́христах
антихристе	анти́христе
антихристов	анти́христов
антихристом	анти́христом
антихристу	анти́христу
антихристы	анти́христы
антон	анто́н
антона	анто́на
антонам	анто́нам
антонами	анто́нами
антонах	анто́нах
антоне	анто́не
антонин	антони́н
антонина	антони́на
антонинам	антони́нам
антонинами	антони́нами
антонинах	антони́нах
антонине	антони́не
антониной	антони́ной
антониною	антони́ною
антонину	антони́ну
антонины	антони́ны
антонов	анто́нов
антонова	анто́нова
антонове	анто́нове
антоновой	анто́новой
антоновою	анто́новою
антонову	анто́нову
антоновы	анто́новы
антоновым	анто́новым
антоновыми	анто́новыми
антоновых	анто́новых
антоном	анто́ном
антону	анто́ну
антоны	анто́ны
анубис	ану́бис
анубиса	ану́биса
анубисе	ану́бисе
анубисом	ану́бисом
анубису	ану́бису
анфертьев	анфе́ртьев
анфертьева	анфе́ртьева
анфертьеве	анфе́ртьеве
анфертьевой	анфе́ртьевой
анфертьевою	анфе́ртьевою
анфертьеву	анфе́ртьеву
анфертьевы	анфе́ртьевы
анфертьевым	анфе́ртьевым
анфертьевыми	анфе́ртьевыми
анфертьевых	анфе́ртьевых
анфис	анфи́с
анфиса	анфи́са
анфисам	анфи́сам
анфисами	анфи́сами
анфисах	анфи́сах
анфисе	анфи́се
анфисой	анфи́сой
анфисою	анфи́сою
анфису	анфи́су
анфисы	анфи́сы
анхел	а́нхел
анхела	а́нхела
анхелам	а́нхелам
анхелами	а́нхелами
анхелах	а́нхелах
анхеле	а́нхеле
анхелой	а́нхелой
анхелою	а́нхелою
анхелу	а́нхелу
анхелы	а́нхелы
анхиз	анхи́з
анхиза	анхи́за
анхизе	анхи́зе
анхизом	анхи́зом
анхизу	анхи́зу
аньхое	аньхо́е
аньхоем	аньхо́ем
аньхой	аньхо́й
аньхою	аньхо́ю
аньхоя	аньхо́я
аньхуе	аньху́е
аньхуем	аньху́ем
аньхуй	аньху́й
аньхуэе	аньхуэ́е
аньхуэем	аньхуэ́ем
аньхуэй	аньхуэ́й
аньхуэю	аньхуэ́ю
аньхуэя	аньхуэ́я
аньхую	аньху́ю
аньхуя	аньху́я
аньшане	аньша́не
аньшанем	аньша́нем
аньшань	аньша́нь
аньшаню	аньша́ню
аньшаня	аньша́ня
аню	а́ню
анют	аню́т
анюта	аню́та
анютам	аню́там
анютами	аню́тами
анютах	аню́тах
анюте	аню́те
анютой	аню́той
анютою	аню́тою
анюту	аню́ту
анюты	аню́ты
аня	а́ня
аням	а́ням
анями	а́нями
анях	а́нях
аомори	ао́мори
аомыне	аомы́не
аомынем	аомы́нем
аомынь	аомы́нь
аомыню	аомы́ню
аомыня	аомы́ня
аомэне	аомэ́не
аомэнем	аомэ́нем
аомэнь	аомэ́нь
аомэню	аомэ́ню
аомэня	аомэ́ня
апаран	апара́н
апарана	апара́на
апаране	апара́не
апараном	апара́ном
апарану	апара́ну
апачи	апа́чи
апеннин	апенни́н
апеннинам	апенни́нам
апеннинами	апенни́нами
апеннинах	апенни́нах
апеннины	апенни́ны
апиа	а́пиа
аполлинариев	аполлина́риев
аполлинарием	аполлина́рием
аполлинарии	аполлина́рии
аполлинарий	аполлина́рий
аполлинарию	аполлина́рию
аполлинария	аполлина́рия
аполлинариям	аполлина́риям
аполлинариями	аполлина́риями
аполлинариях	аполлина́риях
аполлон	аполло́н
аполлона	аполло́на
аполлоне	аполло́не
аполлоном	аполло́ном
аполлону	аполло́ну
аппалачам	аппала́чам
аппалачами	аппала́чами
аппалачах	аппала́чах
аппалачей	аппала́чей
аппалачи	аппала́чи
апрелевка	апре́левка
апрелевке	апре́левке
апрелевки	апре́левки
апрелевкой	апре́левкой
апрелевкою	апре́левкою
апрелевку	апре́левку
апресян	апреся́н
апресяна	апреся́на
апресянам	апреся́нам
апресянами	апреся́нами
апресянах	апреся́нах
апресяне	апреся́не
апресянов	апреся́нов
апресяном	апреся́ном
апресяну	апреся́ну
апресяны	апреся́ны
аравией	ара́вией
аравиею	ара́виею
аравии	ара́вии
аравию	ара́вию
аравия	ара́вия
арагацотн	арагацо́тн
арагацотна	арагацо́тна
арагви	ара́гви
арагон	араго́н
арагона	араго́на
арагонам	араго́нам
арагонами	араго́нами
арагонах	араго́нах
арагоне	араго́не
арагонов	араго́нов
арагоном	араго́ном
арагону	араго́ну
арагоны	араго́ны
аракава	арака́ва
аракаве	арака́ве
аракавой	арака́вой
аракавою	арака́вою
аракаву	арака́ву
аракавы	арака́вы
аракс	ара́кс
аракса	ара́кса
араксе	ара́ксе
араксом	ара́ксом
араксу	ара́ксу
арарат	арара́т
арарата	арара́та
арарате	арара́те
араратом	арара́том
арарату	арара́ту
арау	а́рау
арахосией	арахоси́ей
арахосиею	арахоси́ею
арахосии	арахоси́и
арахосий	арахоси́й
арахосию	арахоси́ю
арахосия	арахоси́я
арахосиям	арахоси́ям
арахосиями	арахоси́ями
арахосиях	арахоси́ях
аргау	а́ргау
аргентина	аргенти́на
аргентине	аргенти́не
аргентиной	аргенти́ной
аргентиною	аргенти́ною
аргентину	аргенти́ну
аргентины	аргенти́ны
арго	арго́
аргос	а́ргос
аргоса	а́ргоса
аргосе	а́ргосе
аргосом	а́ргосом
аргосу	а́ргосу
аргус	а́ргус
аргуса	а́ргуса
аргусам	а́ргусам
аргусами	а́ргусами
аргусах	а́ргусах
аргусе	а́ргусе
аргусов	а́ргусов
аргусом	а́ргусом
аргусу	а́ргусу
аргусы	а́ргусы
арденн	арде́нн
арденнам	арде́ннам
арденнами	арде́ннами
арденнах	арде́ннах
арденны	арде́нны
ардеш	арде́ш
ардеша	арде́ша
ардеше	арде́ше
ардешем	арде́шем
ардешу	арде́шу
арес	аре́с
ареса	аре́са
аресе	аре́се
аресом	аре́сом
арестович	аресто́вич
арестовича	аресто́вича
арестовичам	аресто́вичам
арестовичами	аресто́вичами
арестовичах	аресто́вичах
арестовиче	аресто́виче
арестовичей	аресто́вичей
арестовичем	аресто́вичем
арестовичи	аресто́вичи
арестовичу	аресто́вичу
аресу	аре́су
ареццо	аре́ццо
арзамас	арзама́с
арзамаса	арзама́са
арзамасе	арзама́се
арзамасом	арзама́сом
арзамасу	арзама́су
ариана	ариа́на
ариане	ариа́не
арианой	ариа́ной
арианою	ариа́ною
ариану	ариа́ну
арианы	ариа́ны
аризона	аризо́на
аризоне	аризо́не
аризоной	аризо́ной
аризоною	аризо́ною
аризону	аризо́ну
аризоны	аризо́ны
арика	ари́ка
арике	ари́ке
арики	ари́ки
арикой	ари́кой
арикою	ари́кою
арику	ари́ку
ариман	арима́н
аримана	арима́на
аримане	арима́не
ариманом	арима́ном
ариману	арима́ну
ариндж	ари́ндж
аринджа	ари́нджа
ариндже	ари́ндже
аринджем	ари́нджем
аринджу	ари́нджу
аристотеле	аристо́теле
аристотелей	аристо́телей
аристотелем	аристо́телем
аристотели	аристо́тели
аристотель	аристо́тель
аристотелю	аристо́телю
аристотеля	аристо́теля
аристотелям	аристо́телям
аристотелями	аристо́телями
аристотелях	аристо́телях
аристофан	аристофа́н
аристофана	аристофа́на
аристофане	аристофа́не
аристофаном	аристофа́ном
аристофану	аристофа́ну
ариэль	ариэ́ль
аркадиев	арка́диев
аркадией	арка́дией
аркадием	арка́дием
аркадиею	арка́диею
аркадии	арка́дии
аркадий	арка́дий
аркадию	арка́дию
аркадия	арка́дия
аркадиям	арка́диям
аркадиями	арка́диями
аркадиях	арка́диях
арканзас	арканза́с
арканзаса	арканза́са
арканзасе	арканза́се
арканзасом	арканза́сом
арканзасу	арканза́су
арктик	а́рктик
арктика	а́рктика
арктикам	а́рктикам
арктиками	а́рктиками
арктиках	а́рктиках
арктике	а́рктике
арктики	а́рктики
арктикой	а́рктикой
арктикою	а́рктикою
арктику	а́рктику
армавир	армави́р
армавира	армави́ра
армавире	армави́ре
армавиром	армави́ром
армавиру	армави́ру
армагеддон	армагеддо́н
армагеддона	армагеддо́на
армагеддоне	армагеддо́не
армагеддоном	армагеддо́ном
армагеддону	армагеддо́ну
арменией	арме́нией
армениею	арме́ниею
армении	арме́нии
армению	арме́нию
армения	арме́ния
арнем	а́рнем
арнема	а́рнема
арнеме	а́рнеме
арнемом	а́рнемом
арнему	а́рнему
арон	аро́н
арона	аро́на
аронам	аро́нам
аронами	аро́нами
аронах	аро́нах
ароне	аро́не
аронов	аро́нов
ароном	аро́ном
арону	аро́ну
ароны	аро́ны
арран	а́рран
аррана	а́ррана
арранам	а́рранам
арранами	а́рранами
арранах	а́рранах
арране	а́рране
арранов	а́рранов
арраном	а́рраном
аррану	а́ррану
арраны	а́рраны
арсеньев	арсе́ньев
арсеньева	арсе́ньева
арсеньеве	арсе́ньеве
арсеньевом	арсе́ньевом
арсеньеву	арсе́ньеву
артаксеркс	артаксе́ркс
артаксеркса	артаксе́ркса
артаксерксам	артаксе́рксам
артаксерксами	артаксе́рксами
артаксерксах	артаксе́рксах
артаксерксе	артаксе́рксе
артаксерксов	артаксе́рксов
артаксерксом	артаксе́рксом
артаксерксу	артаксе́рксу
артаксерксы	артаксе́рксы
арташат	арташа́т
арташата	арташа́та
арташате	арташа́те
арташатом	арташа́том
арташату	арташа́ту
артем	артём
артема	артёма
артемам	артёмам
артемами	артёмами
артемах	артёмах
артеме	артёме
артемид	артеми́д
артемида	артеми́да
артемидам	артеми́дам
артемидами	артеми́дами
артемидах	артеми́дах
артемиде	артеми́де
артемидой	артеми́дой
артемидою	артеми́дою
артемиду	артеми́ду
артемиды	артеми́ды
артемов	артёмов
артемовск	артёмовск
артемовска	артёмовска
артемовске	артёмовске
артемовском	артёмовском
артемовску	артёмовску
артемом	артёмом
артему	артёму
артемы	артёмы
артемьев	арте́мьев
артемьева	арте́мьева
артемьеве	арте́мьеве
артемьевой	арте́мьевой
артемьевою	арте́мьевою
артемьеву	арте́мьеву
артемьевы	арте́мьевы
артемьевым	арте́мьевым
артемьевыми	арте́мьевыми
артемьевых	арте́мьевых
артик	арти́к
артика	арти́ка
артике	арти́ке
артиком	арти́ком
артику	арти́ку
артин	арти́н
артина	арти́на
артинам	арти́нам
артинами	арти́нами
артинах	арти́нах
артине	арти́не
артиной	арти́ной
артиною	арти́ною
артину	арти́ну
артины	арти́ны
артур	арту́р
артура	арту́ра
артурам	арту́рам
артурами	арту́рами
артурах	арту́рах
артуре	арту́ре
артуров	арту́ров
артуром	арту́ром
артуру	арту́ру
артуры	арту́ры
аруба	ару́ба
арубе	ару́бе
арубой	ару́бой
арубою	ару́бою
арубу	ару́бу
арубы	ару́бы
аруначал-прадеш	аруначал-праде́ш
аруначал-прадеша	аруначал-праде́ша
аруначал-прадеше	аруначал-праде́ше
аруначал-прадешем	аруначал-праде́шем
аруначал-прадешу	аруначал-праде́шу
архангельск	арха́нгельск
архангельска	арха́нгельска
архангельске	арха́нгельске
архангельском	арха́нгельском
архангельску	арха́нгельску
архилох	архило́х
архилоха	архило́ха
архилохе	архило́хе
архилохом	архило́хом
архилоху	архило́ху
архимед	архиме́д
архимеда	архиме́да
архимеде	архиме́де
архимедом	архиме́дом
архимеду	архиме́ду
арцах	арца́х
арцаха	арца́ха
арцахе	арца́хе
арцахом	арца́хом
арцаху	арца́ху
аршава	арша́ва
аршавы	арша́вы
арьеж	арье́ж
арьежа	арье́жа
арьеже	арье́же
арьежем	арье́жем
арьежу	арье́жу
асахикава	асахика́ва
асван	асва́н
асвана	асва́на
асване	асва́не
асваном	асва́ном
асвану	асва́ну
асе	а́се
асеан	асеа́н
асеана	асеа́на
асеане	асеа́не
асеаном	асеа́ном
асеану	асеа́ну
асей	а́сей
асею	а́сею
аси	а́си
асибецу	асибе́цу
асклепиев	аскле́пиев
асклепием	аскле́пием
асклепии	аскле́пии
асклепий	аскле́пий
асклепию	аскле́пию
асклепия	аскле́пия
асклепиям	аскле́пиям
асклепиями	аскле́пиями
асклепиях	аскле́пиях
асмара	асма́ра
асмаре	асма́ре
асмарой	асма́рой
асмарою	асма́рою
асмару	асма́ру
асмары	асма́ры
асмодее	асмоде́е
асмодеем	асмоде́ем
асмодей	асмоде́й
асмодею	асмоде́ю
асмодея	асмоде́я
асмэра	асмэ́ра
асмэре	асмэ́ре
асмэрой	асмэ́рой
асмэрою	асмэ́рою
асмэру	асмэ́ру
асмэры	асмэ́ры
ассам	асса́м
ассама	асса́ма
ассаме	асса́ме
ассамом	асса́мом
ассаму	асса́му
ассен	а́ссен
ассена	а́ссена
ассене	а́ссене
ассеном	а́ссеном
ассену	а́ссену
ассирией	асси́рией
ассириею	асси́риею
ассирии	асси́рии
ассирию	асси́рию
ассирия	асси́рия
ассуан	ассуа́н
ассуана	ассуа́на
ассуане	ассуа́не
ассуаном	ассуа́ном
ассуану	ассуа́ну
астана	астана́
астане	астане́
астаной	астано́й
астаною	астано́ю
астану	астану́
астаны	астаны́
астерикс	астери́кс
астерикса	астери́кса
астериксе	астери́ксе
астериксом	астери́ксом
астериксу	астери́ксу
астрахани	а́страхани
астрахань	а́страхань
астраханью	а́страханью
астурией	асту́рией
астуриею	асту́риею
астурии	асту́рии
астурию	асту́рию
астурия	асту́рия
астхик	астхи́к
асуан	асуа́н
асуана	асуа́на
асуане	асуа́не
асуаном	асуа́ном
асуану	асуа́ну
асунсьон	асунсьо́н
асунсьона	асунсьо́на
асунсьоне	асунсьо́не
асунсьоном	асунсьо́ном
асунсьону	асунсьо́ну
асьют	асью́т
асьюта	асью́та
асьюте	асью́те
асьютом	асью́том
асьюту	асью́ту
асю	а́сю
ася	а́ся
асям	а́сям
асями	а́сями
асях	а́сях
атари	ата́ри
ататюрк	ататю́рк
ататюрка	ататю́рка
ататюркам	ататю́ркам
ататюрками	ататю́рками
ататюрках	ататю́рках
ататюрке	ататю́рке
ататюрки	ататю́рки
ататюрков	ататю́рков
ататюрком	ататю́рком
ататюрку	ататю́рку
аткинсон	а́ткинсон
аткинсона	а́ткинсона
аткинсонам	а́ткинсонам
аткинсонами	а́ткинсонами
аткинсонах	а́ткинсонах
аткинсоне	а́ткинсоне
аткинсонов	а́ткинсонов
аткинсоном	а́ткинсоном
аткинсону	а́ткинсону
аткинсоны	а́ткинсоны
атлант	атла́нт
атланта	атла́нта
атланте	атла́нте
атлантида	атланти́да
атлантиде	атланти́де
атлантидой	атланти́дой
атлантидою	атланти́дою
атлантиду	атланти́ду
атлантиды	атланти́ды
атлантой	атла́нтой
атлантом	атла́нтом
атлантою	атла́нтою
атланту	атла́нту
атланты	атла́нты
атропатена	атропате́на
атропатене	атропате́не
атропатеной	атропате́ной
атропатеною	атропате́ною
атропатену	атропате́ну
атропатены	атропате́ны
атталией	атта́лией
атталиею	атта́лиею
атталии	атта́лии
атталию	атта́лию
атталия	атта́лия
аттика	а́ттика
аттике	а́ттике
аттики	а́ттики
аттикой	а́ттикой
аттикою	а́ттикою
аттику	а́ттику
атэс	атэ́с
аукштайтией	а́укштайтией
аукштайтиею	а́укштайтиею
аукштайтии	а́укштайтии
аукштайтию	а́укштайтию
аукштайтия	а́укштайтия
аурангабад	аурангаба́д
аурангабада	аурангаба́да
аурангабаде	аурангаба́де
аурангабадов	аурангаба́дов
аурангабадом	аурангаба́дом
аурангабаду	аурангаба́ду
аурангабады	аурангаба́ды
аушвиц	а́ушвиц
аушвица	а́ушвица
аушвицам	а́ушвицам
аушвицами	а́ушвицами
аушвицах	а́ушвицах
аушвице	а́ушвице
аушвицев	а́ушвицев
аушвицем	а́ушвицем
аушвицу	а́ушвицу
аушвицы	а́ушвицы
афанасиев	афана́сиев
афанасией	афана́сией
афанасием	афана́сием
афанасиею	афана́сиею
афанасии	афана́сии
афанасий	афана́сий
афанасию	афана́сию
афанасия	афана́сия
афанасиям	афана́сиям
афанасиями	афана́сиями
афанасиях	афана́сиях
афганистан	афганиста́н
афганистана	афганиста́на
афганистане	афганиста́не
афганистаном	афганиста́ном
афганистану	афганиста́ну
афин	афи́н
афина	афи́на
афинам	афи́нам
афинами	афи́нами
афинах	афи́нах
афине	афи́не
афиной	афи́ной
афиною	афи́ною
афину	афи́ну
афины	афи́ны
афонсу	афо́нсу
африка	а́фрика
африке	а́фрике
африки	а́фрики
африкой	а́фрикой
африкою	а́фрикою
африку	а́фрику
афродит	афроди́т
афродита	афроди́та
афродитам	афроди́там
афродитами	афроди́тами
афродитах	афроди́тах
афродите	афроди́те
афродитой	афроди́той
афродитою	афроди́тою
афродиту	афроди́ту
афродиты	афроди́ты
ахав	аха́в
ахава	аха́ва
ахавам	аха́вам
ахавами	аха́вами
ахавах	аха́вах
ахаве	аха́ве
ахавов	аха́вов
ахавом	аха́вом
ахаву	аха́ву
ахавы	аха́вы
ахеджаков	ахеджа́ков
ахеджакова	ахеджа́кова
ахеджакове	ахеджа́кове
ахеджаковой	ахеджа́ковой
ахеджаковою	ахеджа́ковою
ахеджакову	ахеджа́кову
ахеджаковы	ахеджа́ковы
ахеджаковым	ахеджа́ковым
ахеджаковыми	ахеджа́ковыми
ахеджаковых	ахеджа́ковых
ахелое	ахело́е
ахелоем	ахело́ем
ахелой	ахело́й
ахелою	ахело́ю
ахелоя	ахело́я
ахемен	ахеме́н
ахемена	ахеме́на
ахеменам	ахеме́нам
ахеменами	ахеме́нами
ахеменах	ахеме́нах
ахемене	ахеме́не
ахеменов	ахеме́нов
ахеменом	ахеме́ном
ахемену	ахеме́ну
ахемены	ахеме́ны
ахен	а́хен
ахена	а́хена
ахене	а́хене
ахеном	а́хеном
ахену	а́хену
ахерон	ахеро́н
ахерона	ахеро́на
ахеронам	ахеро́нам
ахеронами	ахеро́нами
ахеронах	ахеро́нах
ахероне	ахеро́не
ахеронов	ахеро́нов
ахероном	ахеро́ном
ахерону	ахеро́ну
ахероны	ахеро́ны
ахетатон	ахетато́н
ахетатона	ахетато́на
ахетатоне	ахетато́не
ахетатоном	ахетато́ном
ахетатону	ахетато́ну
ахилл	ахи́лл
ахилла	ахи́лла
ахилле	ахи́лле
ахиллес	ахилле́с
ахиллеса	ахилле́са
ахиллесе	ахилле́се
ахиллесом	ахилле́сом
ахиллесу	ахилле́су
ахиллом	ахи́ллом
ахиллу	ахи́ллу
ахмадабад	ахмадаба́д
ахмадабада	ахмадаба́да
ахмадабаде	ахмадаба́де
ахмадабадом	ахмадаба́дом
ахмадабаду	ахмадаба́ду
ахмадуллина	ахмаду́ллина
ахмадуллиной	ахмаду́ллиной
ахмадуллины	ахмаду́ллины
ахмадуллиных	ахмаду́ллиных
ахматов	ахма́тов
ахматова	ахма́това
ахматове	ахма́тове
ахматовой	ахма́товой
ахматовою	ахма́товою
ахматову	ахма́тову
ахматовы	ахма́товы
ахматовым	ахма́товым
ахматовыми	ахма́товыми
ахматовых	ахма́товых
ахтала	ахтала́
ахтале	ахтале́
ахталой	ахтало́й
ахталою	ахтало́ю
ахталу	ахталу́
ахталы	ахталы́
ахтырка	ахты́рка
ахтырке	ахты́рке
ахтырки	ахты́рки
ахтыркой	ахты́ркой
ахтыркою	ахты́ркою
ахтырку	ахты́рку
ахура-мазда	ахура-ма́зда
ахура-мазде	ахура-ма́зде
ахура-маздой	ахура-ма́здой
ахура-маздою	ахура-ма́здою
ахура-мазду	ахура-ма́зду
ахура-мазды	ахура-ма́зды
ацест	аце́ст
ацеста	аце́ста
ацесте	аце́сте
ацестом	аце́стом
ацесту	аце́сту
ашанти	аша́нти
ашгабат	ашгаба́т
ашгабата	ашгаба́та
ашгабате	ашгаба́те
ашгабатом	ашгаба́том
ашгабату	ашгаба́ту
ашкенази	ашкена́зи
аштарак	аштара́к
аштарака	аштара́ка
аштараке	аштара́ке
аштараком	аштара́ком
аштараку	аштара́ку
ашурков	ашурко́в
ашуркова	ашурко́ва
ашуркове	ашурко́ве
ашурковой	ашурко́вой
ашурковою	ашурко́вою
ашуркову	ашурко́ву
ашурковы	ашурко́вы
ашурковым	ашурко́вым
ашурковыми	ашурко́выми
ашурковых	ашурко́вых
ашхабад	ашхаба́д
ашхабада	ашхаба́да
ашхабаде	ашхаба́де
ашхабадом	ашхаба́дом
ашхабаду	ашхаба́ду
аэлит	аэли́т
аэлита	аэли́та
аэлитам	аэли́там
аэлитами	аэли́тами
аэлитах	аэли́тах
аэлите	аэли́те
аэлитой	аэли́той
аэлитою	аэли́тою
аэлиту	аэли́ту
аэлиты	аэли́ты
аэробус	аэро́бус
аэробуса	аэро́буса
аэробусам	аэро́бусам
аэробусами	аэро́бусами
аэробусах	аэро́бусах
аэробусе	аэро́бусе
аэробусов	аэро́бусов
аэробусом	аэро́бусом
аэробусу	аэро́бусу
аэробусы	аэро́бусы
аэрофлот	аэрофло́т
аэрофлота	аэрофло́та
аэрофлоте	аэрофло́те
аэрофлотом	аэрофло́том
аэрофлоту	аэрофло́ту
аюшеев	аюше́ев
аюшеева	аюше́ева
аюшееве	аюше́еве
аюшеевой	аюше́евой
аюшеевою	аюше́евою
аюшееву	аюше́еву
аюшеевы	аюше́евы
аюшеевым	аюше́евым
аюшеевыми	аюше́евыми
аюшеевых	аюше́евых
аюшин	аюши́н
аюшина	аюши́на
баальбек	баальбе́к
баальбека	баальбе́ка
бабаджанян	бабаджаня́н
бабаджаняна	бабаджаня́на
бабаджанянам	бабаджаня́нам
бабаджанянами	бабаджаня́нами
бабаджанянах	бабаджаня́нах
бабаджаняне	бабаджаня́не
бабаджанянов	бабаджаня́нов
бабаджаняном	бабаджаня́ном
бабаджаняну	бабаджаня́ну
бабаджаняны	бабаджаня́ны
бабарико	бабари́ко
бабуров	бабу́ров
бабурова	бабу́рова
бабурове	бабу́рове
бабуровой	бабу́ровой
бабуровою	бабу́ровою
бабурову	бабу́рову
бабуровы	бабу́ровы
бабуровым	бабу́ровым
бабуровыми	бабу́ровыми
бабуровых	бабу́ровых
бабченко	ба́бченко
баварией	бава́рией
бавариею	бава́риею
баварии	бава́рии
баварий	бава́рий
баварию	бава́рию
бавария	бава́рия
бавариям	бава́риям
бавариями	бава́риями
бавариях	бава́риях
багам	бага́м
багамам	бага́мам
багамами	бага́мами
багамах	бага́мах
багамы	бага́мы
багдад	багда́д
багдада	багда́да
багдаде	багда́де
багдадом	багда́дом
багдаду	багда́ду
багдасаров	багдаса́ров
багдасарова	багдаса́рова
багдасарове	багдаса́рове
багдасаровой	багдаса́ровой
багдасаровою	багдаса́ровою
багдасарову	багдаса́рову
багдасаровы	багдаса́ровы
багдасаровым	багдаса́ровым
багдасаровыми	багдаса́ровыми
багдасаровых	багдаса́ровых
багор	баго́р
баграмян	баграмя́н
баграмяна	баграмя́на
баграмянам	баграмя́нам
баграмянами	баграмя́нами
баграмянах	баграмя́нах
баграмяне	баграмя́не
баграмянов	баграмя́нов
баграмяном	баграмя́ном
баграмяну	баграмя́ну
баграмяны	баграмя́ны
базарон	базаро́н
байден	ба́йден
байдена	ба́йдена
байденам	ба́йденам
байденами	ба́йденами
байденах	ба́йденах
байдене	ба́йдене
байденов	ба́йденов
байденом	ба́йденом
байдену	ба́йдену
байдены	ба́йдены
байкал	байка́л
байкала	байка́ла
байкале	байка́ле
байкалом	байка́лом
байкалу	байка́лу
баку	баку́
балаклее	балакле́е
балаклеей	балакле́ей
балаклеею	балакле́ею
балаклеи	балакле́и
балаклею	балакле́ю
балаклея	балакле́я
балдано	балдано́
бали	ба́ли
балкан	балка́н
балканам	балка́нам
балканами	балка́нами
балканах	балка́нах
балканы	балка́ны
балтийск	балти́йск
балтийска	балти́йска
балтийске	балти́йске
балтийском	балти́йском
балтийску	балти́йску
бамако	бамако́
бангалор	бангало́р
бангалора	бангало́ра
бангалоре	бангало́ре
бангалором	бангало́ром
бангалору	бангало́ру
банги	банги́
бангкок	бангко́к
бангкока	бангко́ка
бангкоке	бангко́ке
бангкоком	бангко́ком
бангкоку	бангко́ку
бангладеш	бангладе́ш
бандеростан	бандероста́н
бандеростана	бандероста́на
бандеростане	бандероста́не
бандеростаном	бандероста́ном
бандеростану	бандероста́ну
банжул	банжу́л
банжула	банжу́ла
банжуле	банжу́ле
банжулом	банжу́лом
банжулу	банжу́лу
банкок	банко́к
банкока	банко́ка
банкоке	банко́ке
банкоком	банко́ком
банкоку	банко́ку
бара	ба́ра
барам	ба́рам
барами	ба́рами
барах	ба́рах
барбадос	барба́дос
барбадоса	барба́доса
барбадосам	барба́досам
барбадосами	барба́досами
барбадосах	барба́досах
барбадосе	барба́досе
барбадосов	барба́досов
барбадосом	барба́досом
барбадосу	барба́досу
барбадосы	барба́досы
барбуда	барбу́да
барбуде	барбу́де
барбудой	барбу́дой
барбудою	барбу́дою
барбуду	барбу́ду
барбуды	барбу́ды
бардило	бардило́
баре	ба́ре
барнаул	барнау́л
барнаула	барнау́ла
барнауле	барнау́ле
барнаулом	барнау́лом
барнаулу	барнау́лу
баров	ба́ров
баром	ба́ром
баррес	барре́с
барреса	барре́са
барресам	барре́сам
барресами	барре́сами
барресах	барре́сах
барресе	барре́се
барресов	барре́сов
барресом	барре́сом
барресу	барре́су
барресы	барре́сы
барселона	барсело́на
барселоне	барсело́не
барселоной	барсело́ной
барселоною	барсело́ною
барселону	барсело́ну
барселоны	барсело́ны
бару	ба́ру
бархударов	бархуда́ров
бархударова	бархуда́рова
бархударове	бархуда́рове
бархударовой	бархуда́ровой
бархударовою	бархуда́ровою
бархударову	бархуда́рову
бархударовы	бархуда́ровы
бархударовым	бархуда́ровым
бархударовыми	бархуда́ровыми
бархударовых	бархуда́ровых
барчев	барче́в
барчева	барче́ва
барчевам	барче́вам
барчевами	барче́вами
барчевах	барче́вах
барчеве	барче́ве
барчево	барче́во
барчевом	барче́вом
барчеву	барче́ву
бары	ба́ры
барышников	бары́шников
барышникова	бары́шникова
барышникове	бары́шникове
барышниковой	бары́шниковой
барышниковою	бары́шниковою
барышникову	бары́шникову
барышниковы	бары́шниковы
барышниковым	бары́шниковым
барышниковыми	бары́шниковыми
барышниковых	бары́шниковых
барякин	баря́кин
барякина	баря́кина
барякине	баря́кине
барякиной	баря́киной
барякиною	баря́киною
барякину	баря́кину
барякины	баря́кины
барякиным	баря́киным
барякиными	баря́киными
барякиных	баря́киных
басилашвили	басилашви́ли
басов	ба́сов
басова	ба́сова
басове	ба́сове
басовой	ба́совой
басовою	ба́совою
басову	ба́сову
басовы	ба́совы
басовым	ба́совым
басовыми	ба́совыми
басовых	ба́совых
бастер	басте́р
бастера	басте́ра
бастере	басте́ре
бастером	басте́ром
бастеру	басте́ру
бастрыкин	бастры́кин
бастрыкина	бастры́кина
бастрыкине	бастры́кине
бастрыкиной	бастры́киной
бастрыкиною	бастры́киною
бастрыкину	бастры́кину
бастрыкины	бастры́кины
бастрыкиным	бастры́киным
бастрыкиными	бастры́киными
бастрыкиных	бастры́киных
баталов	бата́лов
баталова	бата́лова
баталове	бата́лове
баталовой	бата́ловой
баталовою	бата́ловою
баталову	бата́лову
баталовы	бата́ловы
баталовым	бата́ловым
баталовыми	бата́ловыми
баталовых	бата́ловых
баткен	батке́н
баткена	батке́на
баткене	батке́не
баткеном	батке́ном
баткену	батке́ну
батна	ба́тна
батне	ба́тне
батной	ба́тной
батною	ба́тною
батну	ба́тну
батны	ба́тны
батоев	бато́ев
батоева	бато́ева
батоин	батои́н
батоина	батои́на
баттенберг	ба́ттенберг
баттенберга	ба́ттенберга
баттенбергам	ба́ттенбергам
баттенбергами	ба́ттенбергами
баттенбергах	ба́ттенбергах
баттенберге	ба́ттенберге
баттенберги	ба́ттенберги
баттенбергов	ба́ттенбергов
баттенбергом	ба́ттенбергом
баттенбергу	ба́ттенбергу
батуев	бату́ев
батуева	бату́ева
батуми	бату́ми
батюшков	ба́тюшков
батюшкова	ба́тюшкова
батюшкове	ба́тюшкове
батюшковой	ба́тюшковой
батюшковою	ба́тюшковою
батюшкову	ба́тюшкову
батюшковы	ба́тюшковы
батюшковым	ба́тюшковым
батюшковыми	ба́тюшковыми
батюшковых	ба́тюшковых
баутцен	ба́утцен
баутцена	ба́утцена
баутцене	ба́утцене
баутценом	ба́утценом
баутцену	ба́утцену
бафомет	бафоме́т
бафомета	бафоме́та
бафомете	бафоме́те
бафометом	бафоме́том
бафомету	бафоме́ту
баха	ба́ха
бахам	ба́хам
бахами	ба́хами
бахах	ба́хах
бахе	ба́хе
бахи	ба́хи
бахмут	бахму́т
бахмута	бахму́та
бахмуте	бахму́те
бахмутом	бахму́том
бахмуту	бахму́ту
бахов	ба́хов
бахом	ба́хом
бахрейн	бахре́йн
бахрейна	бахре́йна
бахрейне	бахре́йне
бахрейном	бахре́йном
бахрейну	бахре́йну
баху	ба́ху
бахус	ба́хус
бахчисарае	бахчисара́е
бахчисараем	бахчисара́ем
бахчисарай	бахчисара́й
бахчисараю	бахчисара́ю
бахчисарая	бахчисара́я
башкортостан	башкортоста́н
башкортостана	башкортоста́на
башкортостане	башкортоста́не
башкортостаном	башкортоста́ном
башкортостану	башкортоста́ну
баямо	бая́мо
беван	бе́ван
бевана	бе́вана
беванам	бе́ванам
беванами	бе́ванами
беванах	бе́ванах
беване	бе́ване
беванов	бе́ванов
беваном	бе́ваном
бевану	бе́вану
беваны	бе́ваны
безос	бе́зос
безоса	бе́зоса
безосам	бе́зосам
безосами	бе́зосами
безосах	бе́зосах
безосе	бе́зосе
безосов	бе́зосов
безосом	бе́зосом
безосу	бе́зосу
безосы	бе́зосы
безруков	безру́ков
безрукова	безру́кова
безрукове	безру́кове
безруковой	безру́ковой
безруковою	безру́ковою
безрукову	безру́кову
безруковы	безру́ковы
безруковым	безру́ковым
безруковыми	безру́ковыми
безруковых	безру́ковых
безухов	безу́хов
безухова	безу́хова
безухове	безу́хове
безуховой	безу́ховой
безуховою	безу́ховою
безухову	безу́хову
безуховы	безу́ховы
безуховым	безу́ховым
безуховыми	безу́ховыми
безуховых	безу́ховых
бейрут	бейру́т
бейрута	бейру́та
бейруте	бейру́те
бейрутом	бейру́том
бейруту	бейру́ту
бейтса	бе́йтса
бейтсам	бе́йтсам
бейтсами	бе́йтсами
бейтсах	бе́йтсах
бейтсе	бе́йтсе
бейтсов	бе́йтсов
бейтсом	бе́йтсом
бейтсон	бе́йтсон
бейтсона	бе́йтсона
бейтсонам	бе́йтсонам
бейтсонами	бе́йтсонами
бейтсонах	бе́йтсонах
бейтсоне	бе́йтсоне
бейтсонов	бе́йтсонов
бейтсоном	бе́йтсоном
бейтсону	бе́йтсону
бейтсоны	бе́йтсоны
бейтсу	бе́йтсу
бейтсы	бе́йтсы
бекетов	беке́тов
бекетова	беке́това
бекетове	беке́тове
бекетовой	беке́товой
бекетовою	беке́товою
бекетову	беке́тову
бекетовы	беке́товы
бекетовым	беке́товым
бекетовыми	беке́товыми
бекетовых	беке́товых
белагорода	белаго́рода
беларуси	белару́си
беларусь	белару́сь
беларусью	белару́сью
белгород	бе́лгород
белгорода	бе́лгорода
белгороде	бе́лгороде
белгородом	бе́лгородом
белгороду	бе́лгороду
белград	белгра́д
белграда	белгра́да
белграде	белгра́де
белградом	белгра́дом
белграду	белгра́ду
белегороде	белего́роде
белеруси	белеру́си
белиз	бели́з
белиза	бели́за
белизам	бели́зам
белизами	бели́зами
белизах	бели́зах
белизе	бели́зе
белизов	бели́зов
белизом	бели́зом
белизу	бели́зу
белизы	бели́зы
белковская	белко́вская
белковские	белко́вские
белковский	белко́вский
белковским	белко́вским
белковскими	белко́вскими
белковских	белко́вских
белковского	белко́вского
белковской	белко́вской
белковском	белко́вском
белковскому	белко́вскому
белковскою	белко́вскою
белковскую	белко́вскую
беловодье	белово́дье
беловодьем	белово́дьем
беловодью	белово́дью
беловодья	белово́дья
белогоровка	белого́ровка
белогоровке	белого́ровке
белогоровки	белого́ровки
белогоровкой	белого́ровкой
белогоровкою	белого́ровкою
белогоровку	белого́ровку
белозеров	белозёров
белозерова	белозёрова
белозерове	белозёрове
белозеровой	белозёровой
белозеровою	белозёровою
белозерову	белозёрову
белозеровы	белозёровы
белозеровым	белозёровым
белозеровыми	белозёровыми
белозеровых	белозёровых
белойрусью	белойру́сью
белоруси	белору́си
белоруссией	белору́ссией
белоруссиею	белору́ссиею
белоруссии	белору́ссии
белоруссий	белору́ссий
белоруссию	белору́ссию
белоруссия	белору́ссия
белоруссиям	белору́ссиям
белоруссиями	белору́ссиями
белоруссиях	белору́ссиях
белорусь	белору́сь
белоснежек	белосне́жек
белоснежка	белосне́жка
белоснежкам	белосне́жкам
белоснежками	белосне́жками
белоснежках	белосне́жках
белоснежке	белосне́жке
белоснежки	белосне́жки
белоснежкой	белосне́жкой
белоснежкою	белосне́жкою
белоснежку	белосне́жку
белосток	белосто́к
белостока	белосто́ка
белостоке	белосто́ке
белостоком	белосто́ком
белостоку	белосто́ку
белоус	белоу́с
белоусов	белоу́сов
белоусова	белоу́сова
белоусове	белоу́сове
белоусовой	белоу́совой
белоусовою	белоу́совою
белоусову	белоу́сову
белоусовы	белоу́совы
белоусовым	белоу́совым
белоусовыми	белоу́совыми
белоусовых	белоу́совых
белоюрусью	белоюру́сью
белугороду	белуго́роду
белурусь	белуру́сь
белуха	белу́ха
белухе	белу́хе
белухи	белу́хи
белухой	белу́хой
белухою	белу́хою
белуху	белу́ху
белфаст	бе́лфаст
белфаста	бе́лфаста
белфасте	бе́лфасте
белфастом	бе́лфастом
белфасту	бе́лфасту
белымгородом	белымго́родом
белыруси	белыру́си
бельгией	бе́льгией
бельгиею	бе́льгиею
бельгии	бе́льгии
бельгий	бе́льгий
бельгию	бе́льгию
бельгия	бе́льгия
бельгиям	бе́льгиям
бельгиями	бе́льгиями
бельгиях	бе́льгиях
бельмопан	бельмопа́н
бельмопана	бельмопа́на
бельмопане	бельмопа́не
бельмопаном	бельмопа́ном
бельмопану	бельмопа́ну
белявская	беля́вская
белявские	беля́вские
белявский	беля́вский
белявским	беля́вским
белявскими	беля́вскими
белявских	беля́вских
белявского	беля́вского
белявской	беля́вской
белявском	беля́вском
белявскому	беля́вскому
белявскою	беля́вскою
белявскую	беля́вскую
беляев	беля́ев
беляева	беля́ева
беляеве	беля́еве
беляевой	беля́евой
беляевою	беля́евою
беляеву	беля́еву
беляевы	беля́евы
беляевым	беля́евым
беляевыми	беля́евыми
беляевых	беля́евых
бенгази	бенга́зи
бенгалией	бенга́лией
бенгалиею	бенга́лиею
бенгалии	бенга́лии
бенгалию	бенга́лию
бенгалия	бенга́лия
бендер	бенде́р
бендерам	бенде́рам
бендерами	бенде́рами
бендерах	бенде́рах
бендеры	бенде́ры
бенин	бени́н
бенина	бени́на
бенине	бени́не
бенином	бени́ном
бенину	бени́ну
беннион	бе́ннион
бенниона	бе́нниона
беннионам	бе́ннионам
беннионами	бе́ннионами
беннионах	бе́ннионах
беннионе	бе́ннионе
беннионов	бе́ннионов
беннионом	бе́ннионом
бенниону	бе́нниону
беннионы	бе́ннионы
бенуа	бенуа́
берген	бе́рген
бергена	бе́ргена
бергене	бе́ргене
бергеном	бе́ргеном
бергену	бе́ргену
берда	бе́рда
берде	бе́рде
берди	бе́рди
бердичев	берди́чев
бердичева	берди́чева
бердичеве	берди́чеве
бердичевом	берди́чевом
бердичеву	берди́чеву
бердом	бе́рдом
берду	бе́рду
бердью	бе́рдью
бердянск	бердя́нск
бердянска	бердя́нска
бердянске	бердя́нске
бердянском	бердя́нском
бердянску	бердя́нску
берегова	бе́регова
берегове	бе́регове
берегово	бе́регово
береговом	бе́реговом
берегову	бе́регову
березовец	березове́ц
березовка	березо́вка
березовке	березо́вке
березовки	березо́вки
березовкой	березо́вкой
березовкою	березо́вкою
березовку	березо́вку
березовская	березо́вская
березовские	березо́вские
березовский	березо́вский
березовским	березо́вским
березовскими	березо́вскими
березовских	березо́вских
березовского	березо́вского
березовской	березо́вской
березовском	березо́вском
березовскому	березо́вскому
березовскою	березо́вскою
березовскую	березо́вскую
березовца	березовца́
березовцам	березовца́м
березовцами	березовца́ми
березовцах	березовца́х
березовце	березовце́
березовцов	березовцо́в
березовцом	березовцо́м
березовцу	березовцу́
березовцы	березовцы́
берестье	бе́рестье
берестьем	бе́рестьем
берестью	бе́рестью
берестья	бе́рестья
берией	бе́рией
бериею	бе́риею
берии	бе́рии
берий	бе́рий
берислав	берисла́в
берислава	берисла́ва
бериславе	берисла́ве
бериславом	берисла́вом
бериславу	берисла́ву
берию	бе́рию
берия	бе́рия
бериям	бе́риям
бериями	бе́риями
бериях	бе́риях
беркович	берко́вич
берковича	берко́вича
берковичам	берко́вичам
берковичами	берко́вичами
берковичах	берко́вичах
берковиче	берко́виче
берковичей	берко́вичей
берковичем	берко́вичем
берковичи	берко́вичи
берковичу	берко́вичу
берлин	берли́н
берлина	берли́на
берлине	берли́не
берлином	берли́ном
берлину	берли́ну
берлускони	берлуско́ни
берна	бе́рна
берне	бе́рне
берни	бе́рни
берном	бе́рном
берну	бе́рну
бетховен	бетхо́вен
бетховена	бетхо́вена
бетховенам	бетхо́венам
бетховенами	бетхо́венами
бетховенах	бетхо́венах
бетховене	бетхо́вене
бетховенов	бетхо́венов
бетховеном	бетхо́веном
бетховену	бетхо́вену
бетховены	бетхо́вены
бехтерев	бе́хтерев
бехтерева	бе́хтерева
бехтереве	бе́хтереве
бехтеревой	бе́хтеревой
бехтеревою	бе́хтеревою
бехтереву	бе́хтереву
бехтеревы	бе́хтеревы
бехтеревым	бе́хтеревым
бехтеревыми	бе́хтеревыми
бехтеревых	бе́хтеревых
бзыбей	бзы́бей
бзыби	бзы́би
бзыбью	бзы́бью
бзыбям	бзы́бям
бзыбями	бзы́бями
бзыбях	бзы́бях
би-би-си	би-би-си́
библа	би́бла
библией	би́блией
библиею	би́блиею
библии	би́блии
библий	би́блий
библию	би́блию
библия	би́блия
библиям	би́блиям
библиями	би́блиями
библиях	би́блиях
бидон	бидо́н
бидона	бидо́на
бидоне	бидо́не
бидонов	бидо́нов
бидоном	бидо́ном
бидону	бидо́ну
бидоны	бидо́ны
бийска	би́йска
бийске	би́йске
бийском	би́йском
бийску	би́йску
бикин	бики́н
бикина	бики́на
бикине	бики́не
бикином	бики́ном
бикину	бики́ну
билсон	би́лсон
билсона	би́лсона
билсонам	би́лсонам
билсонами	би́лсонами
билсонах	би́лсонах
билсоне	би́лсоне
билсонов	би́лсонов
билсоном	би́лсоном
билсону	би́лсону
билсоны	би́лсоны
бирма	би́рма
бирме	би́рме
бирмой	би́рмой
бирмою	би́рмою
бирму	би́рму
бирмы	би́рмы
биробиджан	биробиджа́н
биробиджана	биробиджа́на
биробиджане	биробиджа́не
биробиджаном	биробиджа́ном
биробиджану	биробиджа́ну
бисау	биса́у
бисмарк	би́смарк
бисмарка	би́смарка
бисмарке	би́смарке
бисмарком	би́смарком
бисмарку	би́смарку
битола	би́тола
битоле	би́толе
битолой	би́толой
битолою	би́толою
битолу	би́толу
битолы	би́толы
бицкая	би́цкая
бицкие	би́цкие
бицкий	би́цкий
бицким	би́цким
бицкими	би́цкими
бицких	би́цких
бицкого	би́цкого
бицкой	би́цкой
бицком	би́цком
бицкому	би́цкому
бицкою	би́цкою
бицкую	би́цкую
бишкек	бишке́к
бишкека	бишке́ка
бишкеке	бишке́ке
бишкеком	бишке́ком
бишкеку	бишке́ку
благовещение	благове́щение
благовещением	благове́щением
благовещении	благове́щении
благовещений	благове́щений
благовещению	благове́щению
благовещения	благове́щения
благовещениям	благове́щениям
благовещениями	благове́щениями
благовещениях	благове́щениях
благовещенск	благове́щенск
благовещенска	благове́щенска
благовещенске	благове́щенске
благовещенском	благове́щенском
благовещенску	благове́щенску
благовещенье	благове́щенье
благоевград	благо́евград
благоевграда	благо́евграда
благоевграде	благо́евграде
благоевградом	благо́евградом
благоевграду	благо́евграду
близнецам	близнеца́м
близнецами	близнеца́ми
близнецах	близнеца́х
близнецов	близнецо́в
близнецы	близнецы́
близнюк	близню́к
близнюка	близнюка́
близнюкам	близнюка́м
близнюками	близнюка́ми
близнюках	близнюка́х
близнюке	близнюке́
близнюки	близнюки́
близнюков	близнюко́в
близнюком	близнюко́м
близнюку	близнюку́
блока	бло́ка
блокам	бло́кам
блоками	бло́ками
блоках	бло́ках
блоке	бло́ке
блоки	бло́ки
блоков	бло́ков
блоком	бло́ком
блоку	бло́ку
блохин	блохи́н
блохина	блохина́
блохине	блохине́
блохиной	блохино́й
блохиною	блохино́ю
блохину	блохину́
блохины	блохины́
блохиным	блохины́м
блохиными	блохины́ми
блохиных	блохины́х
блэкман	блэ́кман
блэкмана	блэ́кмана
блэкманам	блэ́кманам
блэкманами	блэ́кманами
блэкманах	блэ́кманах
блэкмане	блэ́кмане
блэкманов	блэ́кманов
блэкманом	блэ́кманом
блэкману	блэ́кману
блэкманы	блэ́кманы
боба	бо́ба
бобам	бо́бам
бобами	бо́бами
бобах	бо́бах
бобе	бо́бе
бобов	бо́бов
бобом	бо́бом
бобсон	бо́бсон
бобсона	бо́бсона
бобсонам	бо́бсонам
бобсонами	бо́бсонами
бобсонах	бо́бсонах
бобсоне	бо́бсоне
бобсонов	бо́бсонов
бобсоном	бо́бсоном
бобсону	бо́бсону
бобсоны	бо́бсоны
бобу	бо́бу
бобы	бо́бы
бога	бо́га
богатырев	богатырёв
богатырева	богатырёва
богатыреве	богатырёве
богатыревой	богатырёвой
богатыревою	богатырёвою
богатыреву	богатырёву
богатыревы	богатырёвы
богатыревым	богатырёвым
богатыревыми	богатырёвыми
богатыревых	богатырёвых
боггса	бо́ггса
боггсам	бо́ггсам
боггсами	бо́ггсами
боггсах	бо́ггсах
боггсе	бо́ггсе
боггсов	бо́ггсов
боггсом	бо́ггсом
боггсу	бо́ггсу
боггсы	бо́ггсы
богдан	богда́н
богдана	богда́на
богданам	богда́нам
богданами	богда́нами
богданах	богда́нах
богдане	богда́не
богданов	богда́нов
богданова	богда́нова
богданове	богда́нове
богданово	богда́ново
богдановой	богда́новой
богдановом	богда́новом
богдановою	богда́новою
богданову	богда́нову
богдановы	богда́новы
богдановым	богда́новым
богдановыми	богда́новыми
богдановых	богда́новых
богданом	богда́ном
богдану	богда́ну
богданы	богда́ны
богдасаров	богдаса́ров
боге	бо́ге
богемией	боге́мией
богемиею	боге́миею
богемии	боге́мии
богемию	боге́мию
богемия	боге́мия
богодухов	богоду́хов
богодухова	богоду́хова
богодухове	богоду́хове
богодуховом	богоду́ховом
богодухову	богоду́хову
богом	бо́гом
богоматерей	богома́терей
богоматери	богома́тери
богоматерь	богома́терь
богоматерью	богома́терью
богоматерям	богома́терям
богоматерями	богома́терями
богоматерях	богома́терях
богомолов	богомо́лов
богомолова	богомо́лова
богомолове	богомо́лове
богомоловой	богомо́ловой
богомоловою	богомо́ловою
богомолову	богомо́лову
богомоловы	богомо́ловы
богомоловым	богомо́ловым
богомоловыми	богомо́ловыми
богомоловых	богомо́ловых
богородица	богоро́дица
богородице	богоро́дице
богородицей	богоро́дицей
богородицею	богоро́дицею
богородицу	богоро́дицу
богородицы	богоро́дицы
богу	бо́гу
боже	бо́же
бойко	бо́йко
болгарией	болга́рией
болгариею	болга́риею
болгарии	болга́рии
болгарию	болга́рию
болгария	болга́рия
болград	болгра́д
болграда	болгра́да
болграде	болгра́де
болградом	болгра́дом
болграду	болгра́ду
болеслав	болесла́в
болеслава	болесла́ва
болеславам	болесла́вам
болеславами	болесла́вами
болеславах	болесла́вах
болеславе	болесла́ве
болеславов	болесла́вов
болеславом	болесла́вом
болеславу	болесла́ву
болеславы	болесла́вы
боливией	боли́вией
боливиею	боли́виею
боливии	боли́вии
боливию	боли́вию
боливия	боли́вия
болконская	болко́нская
болконские	болко́нские
болконский	болко́нский
болконским	болко́нским
болконскими	болко́нскими
болконских	болко́нских
болконского	болко́нского
болконской	болко́нской
болконском	болко́нском
болконскому	болко́нскому
болконскою	болко́нскою
болконскую	болко́нскую
боллза	бо́ллза
боллзам	бо́ллзам
боллзами	бо́ллзами
боллзах	бо́ллзах
боллзе	бо́ллзе
боллзов	бо́ллзов
боллзом	бо́ллзом
боллзу	бо́ллзу
боллзы	бо́ллзы
болливуд	болливу́д
болливуда	болливу́да
бологого	болого́го
бологое	болого́е
болонье	боло́нье
болоньей	боло́ньей
болоньею	боло́ньею
болоньи	боло́ньи
болонью	боло́нью
болонья	боло́нья
бомбее	бомбе́е
бомбеем	бомбе́ем
бомбей	бомбе́й
бомбею	бомбе́ю
бомбея	бомбе́я
бондарев	бо́ндарев
бондарева	бо́ндарева
бондареве	бо́ндареве
бондаревой	бо́ндаревой
бондаревою	бо́ндаревою
бондареву	бо́ндареву
бондаревы	бо́ндаревы
бондаревым	бо́ндаревым
бондаревыми	бо́ндаревыми
бондаревых	бо́ндаревых
бондарчук	бондарчу́к
бондарчука	бондарчука́
бондарчукам	бондарчука́м
бондарчуками	бондарчука́ми
бондарчуках	бондарчука́х
бондарчуке	бондарчуке́
бондарчуки	бондарчуки́
бондарчуков	бондарчуко́в
бондарчуком	бондарчуко́м
бондарчуку	бондарчуку́
бонна	бо́нна
боннам	бо́ннам
боннами	бо́ннами
боннах	бо́ннах
бонне	бо́нне
боннов	бо́ннов
бонном	бо́нном
бонну	бо́нну
бонны	бо́нны
боннэр	бо́ннэр
боннэра	бо́ннэра
боннэрам	бо́ннэрам
боннэрами	бо́ннэрами
боннэрах	бо́ннэрах
боннэре	бо́ннэре
боннэров	бо́ннэров
боннэром	бо́ннэром
боннэру	бо́ннэру
боннэры	бо́ннэры
боре	бо́ре
борей	бо́рей
боренька	бо́ренька
борею	бо́рею
боржоми	боржо́ми
борзунов	борзуно́в
борзунова	борзуно́ва
борзунове	борзуно́ве
борзуновой	борзуно́вой
борзуновою	борзуно́вою
борзунову	борзуно́ву
борзуновы	борзуно́вы
борзуновым	борзуно́вым
борзуновыми	борзуно́выми
борзуновых	борзуно́вых
бори	бо́ри
борис	бори́с
бориса	бори́са
борисам	бори́сам
борисами	бори́сами
борисах	бори́сах
борисе	бори́се
борисов	бори́сов
борисова	бори́сова
борисове	бори́сове
борисович	бори́сович
борисовича	бори́совича
борисовичам	бори́совичам
борисовичами	бори́совичами
борисовичах	бори́совичах
борисовиче	бори́совиче
борисовичей	бори́совичей
борисовичем	бори́совичем
борисовичи	бори́совичи
борисовичу	бори́совичу
борисовн	бори́совн
борисовна	бори́совна
борисовнам	бори́совнам
борисовнами	бори́совнами
борисовнах	бори́совнах
борисовне	бори́совне
борисовной	бори́совной
борисовною	бори́совною
борисовну	бори́совну
борисовны	бори́совны
борисовой	бори́совой
борисовою	бори́совою
борисову	бори́сову
борисовы	бори́совы
борисовым	бори́совым
борисовыми	бори́совыми
борисовых	бори́совых
борисоглебск	борисогле́бск
борисоглебска	борисогле́бска
борисоглебске	борисогле́бске
борисоглебском	борисогле́бском
борисоглебску	борисогле́бску
борисом	бори́сом
борисполе	бори́споле
борисполем	бори́сполем
борисполь	бори́споль
борисполю	бори́сполю
борисполя	бори́споля
борису	бори́су
борисы	бори́сы
борисыч	бори́сыч
борнео	борне́о
боровая	борова́я
боровик	борови́к
боровика	боровика́
боровикам	боровика́м
боровиками	боровика́ми
боровиках	боровика́х
боровике	боровике́
боровики	боровики́
боровиков	боровико́в
боровикова	боровико́ва
боровикове	боровико́ве
боровиковой	боровико́вой
боровиковою	боровико́вою
боровикову	боровико́ву
боровиковы	боровико́вы
боровиковым	боровико́вым
боровиковыми	боровико́выми
боровиковых	боровико́вых
боровиком	боровико́м
боровику	боровику́
борового	борово́го
боровой	борово́й
боровом	борово́м
боровому	борово́му
боровою	борово́ю
боровую	борову́ю
боровые	боровы́е
боровым	боровы́м
боровыми	боровы́ми
боровых	боровы́х
бородин	бороди́н
бородина	бородина́
бородине	бородине́
бородино	бородино́
бородиной	бородино́й
бородином	бородино́м
бородиною	бородино́ю
бородину	бородину́
бородины	бородины́
бородиным	бородины́м
бородиными	бородины́ми
бородиных	бородины́х
бортников	бо́ртников
бортникова	бо́ртникова
бортникове	бо́ртникове
бортниковой	бо́ртниковой
бортниковою	бо́ртниковою
бортникову	бо́ртникову
бортниковы	бо́ртниковы
бортниковым	бо́ртниковым
бортниковыми	бо́ртниковыми
бортниковых	бо́ртниковых
борька	бо́рька
борю	бо́рю
боря	бо́ря
борям	бо́рям
борями	бо́рями
борях	бо́рях
боснией	бо́снией
босниею	бо́сниею
боснии	бо́снии
боснию	бо́снию
босния	бо́сния
бостон	бо́стон
бостона	бо́стона
бостоне	бо́стоне
бостоном	бо́стоном
бостону	бо́стону
босфор	босфо́р
босфора	босфо́ра
босфоре	босфо́ре
босфором	босфо́ром
босфору	босфо́ру
ботсвана	ботсва́на
ботсване	ботсва́не
ботсваной	ботсва́ной
ботсваною	ботсва́ною
ботсвану	ботсва́ну
ботсваны	ботсва́ны
боулз	бо́улз
боулза	бо́улза
боулзам	бо́улзам
боулзами	бо́улзами
боулзах	бо́улзах
боулзе	бо́улзе
боулзов	бо́улзов
боулзом	бо́улзом
боулзу	бо́улзу
боулзы	бо́улзы
боярская	боя́рская
боярские	боя́рские
боярский	боя́рский
боярским	боя́рским
боярскими	боя́рскими
боярских	боя́рских
боярского	боя́рского
боярской	боя́рской
боярском	боя́рском
боярскому	боя́рскому
боярскою	боя́рскою
боярскую	боя́рскую
браззавиле	браззави́ле
браззавилем	браззави́лем
браззавиль	браззави́ль
браззавилю	браззави́лю
браззавиля	браззави́ля
бразилиа	брази́лиа
бразилией	брази́лией
бразилиею	брази́лиею
бразилии	брази́лии
бразилию	брази́лию
бразилия	брази́лия
брайан	бра́йан
брайана	бра́йана
брайанам	бра́йанам
брайанами	бра́йанами
брайанах	бра́йанах
брайане	бра́йане
брайанов	бра́йанов
брайаном	бра́йаном
брайану	бра́йану
брайаны	бра́йаны
брайле	бра́йле
брайлем	бра́йлем
брайлю	бра́йлю
брайля	бра́йля
брайтон-бич	бра́йтон-бич
бранденбург	бра́нденбург
бранденбурга	бра́нденбурга
братислава	братисла́ва
братиславе	братисла́ве
братиславой	братисла́вой
братиславою	братисла́вою
братиславу	братисла́ву
братиславы	братисла́вы
братска	бра́тска
братске	бра́тске
братском	бра́тском
братску	бра́тску
браун	бра́ун
брауна	бра́уна
браунам	бра́унам
браунами	бра́унами
браунах	бра́унах
брауне	бра́уне
браунли	бра́унли
браунов	бра́унов
брауном	бра́уном
брауну	бра́уну
брауны	бра́уны
бреда	бреда́
бреде	бреде́
бредой	бредо́й
бредою	бредо́ю
бреду	бреду́
бреды	бреды́
брежнев	бре́жнев
брежнева	бре́жнева
брежневе	бре́жневе
брежневой	бре́жневой
брежневою	бре́жневою
брежневу	бре́жневу
брежневы	бре́жневы
брежневым	бре́жневым
брежневыми	бре́жневыми
брежневых	бре́жневых
брекинридж	бре́кинридж
брекинриджа	бре́кинриджа
брекинриджам	бре́кинриджам
брекинриджами	бре́кинриджами
брекинриджах	бре́кинриджах
брекинридже	бре́кинридже
брекинриджей	бре́кинриджей
брекинриджем	бре́кинриджем
брекинриджи	бре́кинриджи
брекинриджу	бре́кинриджу
бремен	бре́мен
бремена	бре́мена
бремене	бре́мене
бременом	бре́меном
бремену	бре́мену
бреста	бре́ста
бресте	бре́сте
брестом	бре́стом
бресту	бре́сту
бретани	брета́ни
бретань	брета́нь
бретанью	брета́нью
брисбен	бри́сбен
брисбена	бри́сбена
брисбене	бри́сбене
брисбеном	бри́сбеном
брисбену	бри́сбену
британией	брита́нией
британиею	брита́ниею
британии	брита́нии
британию	брита́нию
британия	брита́ния
броварам	бровара́м
броварами	бровара́ми
броварах	бровара́х
броваров	броваро́в
бровары	бровары́
бродская	бро́дская
бродские	бро́дские
бродский	бро́дский
бродским	бро́дским
бродскими	бро́дскими
бродских	бро́дских
бродского	бро́дского
бродской	бро́дской
бродском	бро́дском
бродскому	бро́дскому
бродскою	бро́дскою
бродскую	бро́дскую
броневая	бронева́я
броневого	бронево́го
броневой	бронево́й
броневом	бронево́м
броневому	бронево́му
броневою	бронево́ю
броневую	броневу́ю
броневые	броневы́е
броневым	броневы́м
броневыми	броневы́ми
броневых	броневы́х
бронкса	бро́нкса
бронксе	бро́нксе
бронксом	бро́нксом
бронксу	бро́нксу
бруклин	бру́клин
бруклина	бру́клина
бруклине	бру́клине
бруклином	бру́клином
бруклину	бру́клину
брунее	бруне́е
брунеем	бруне́ем
бруней	бруне́й
брунею	бруне́ю
брунея	бруне́я
брюсселе	брюссе́ле
брюсселем	брюссе́лем
брюссель	брюссе́ль
брюсселю	брюссе́лю
брюсселя	брюссе́ля
брянска	бря́нска
брянске	бря́нске
брянском	бря́нском
брянску	бря́нску
буга	бу́га
бугам	бу́гам
бугами	бу́гами
бугах	бу́гах
буге	бу́ге
буги	бу́ги
бугов	бу́гов
бугом	бу́гом
бугу	бу́гу
буданов	буда́нов
буданова	буда́нова
буданове	буда́нове
будановой	буда́новой
будановою	буда́новою
буданову	буда́нову
будановы	буда́новы
будановым	буда́новым
будановыми	буда́новыми
будановых	буда́новых
будапешт	будапе́шт
будапешта	будапе́шта
будапештам	будапе́штам
будапештами	будапе́штами
будапештах	будапе́штах
будапеште	будапе́ште
будапештов	будапе́штов
будапештом	будапе́штом
будапешту	будапе́шту
будапешты	будапе́шты
будда	бу́дда
буддам	бу́ддам
буддами	бу́ддами
буддах	бу́ддах
будде	бу́дде
буддой	бу́ддой
буддою	бу́ддою
будду	бу́дду
будды	бу́дды
бужумбура	бужумбу́ра
бужумбуре	бужумбу́ре
бужумбурой	бужумбу́рой
бужумбурою	бужумбу́рою
бужумбуру	бужумбу́ру
бужумбуры	бужумбу́ры
букалему	букале́му
буковина	букови́на
буковине	букови́не
буковиной	букови́ной
буковиною	букови́ною
буковину	букови́ну
буковины	букови́ны
булат	була́т
булата	була́та
булатам	була́там
булатами	була́тами
булатах	була́тах
булате	була́те
булатов	була́тов
булатом	була́том
булату	була́ту
булаты	була́ты
булгаков	булга́ков
булгакова	булга́кова
булгакове	булга́кове
булгаковой	булга́ковой
булгаковом	булга́ковом
булгаковою	булга́ковою
булгакову	булга́кову
булгаковы	булга́ковы
булгаковым	булга́ковым
булгаковыми	булга́ковыми
булгаковых	булга́ковых
булычев	булычёв
булычева	булычёва
булычеве	булычёве
булычевой	булычёвой
булычевою	булычёвою
булычеву	булычёву
булычевы	булычёвы
булычевым	булычёвым
булычевыми	булычёвыми
булычевых	булычёвых
бульбастан	бульбаста́н
бульбостан	бульбоста́н
бульбостана	бульбоста́на
бульбостанам	бульбоста́нам
бульбостанами	бульбоста́нами
бульбостанах	бульбоста́нах
бульбостане	бульбоста́не
бульбостанов	бульбоста́нов
бульбостаном	бульбоста́ном
бульбостану	бульбоста́ну
бульбостаны	бульбоста́ны
бунин	бу́нин
бунина	бу́нина
бунине	бу́нине
буниной	бу́ниной
буниною	бу́ниною
бунину	бу́нину
бунины	бу́нины
буниным	бу́ниным
буниными	бу́ниными
буниных	бу́ниных
бунке	бункё
буратино	бурати́но
бургас	бурга́с
бургаса	бурга́са
бургасе	бурга́се
бургасом	бурга́сом
бургасу	бурга́су
бургундией	бургу́ндией
бургундиею	бургу́ндиею
бургундии	бургу́ндии
бургундию	бургу́ндию
бургундия	бургу́ндия
бурдасов	бурда́сов
бурдасова	бурда́сова
бурдасове	бурда́сове
бурдасовой	бурда́совой
бурдасовою	бурда́совою
бурдасову	бурда́сову
бурдасовы	бурда́совы
бурдасовым	бурда́совым
бурдасовыми	бурда́совыми
бурдасовых	бурда́совых
бурса	бу́рса
бурсе	бу́рсе
бурсой	бу́рсой
бурсою	бу́рсою
бурсу	бу́рсу
бурсы	бу́рсы
бурунди	буру́нди
бурятией	буря́тией
бурятиею	буря́тиею
бурятии	буря́тии
бурятию	буря́тию
бурятия	буря́тия
бутан	бута́н
бутана	бута́на
бутане	бута́не
бутаном	бута́ном
бутану	бута́ну
бутин	бу́тин
бутина	бу́тина
бутине	бу́тине
бутиной	бу́тиной
бутиною	бу́тиною
бутину	бу́тину
бутины	бу́тины
бутиным	бу́тиным
бутиными	бу́тиными
бутиных	бу́тиных
буттиджич	бу́ттиджич
буттиджича	бу́ттиджича
буттиджичам	бу́ттиджичам
буттиджичами	бу́ттиджичами
буттиджичах	бу́ттиджичах
буттиджиче	бу́ттиджиче
буттиджичей	бу́ттиджичей
буттиджичем	бу́ттиджичем
буттиджичи	бу́ттиджичи
буттиджичу	бу́ттиджичу
бутусов	буту́сов
бутусова	буту́сова
бутусове	буту́сове
бутусовой	буту́совой
бутусовою	буту́совою
бутусову	буту́сову
бутусовы	буту́совы
бутусовым	буту́совым
бутусовыми	буту́совыми
бутусовых	буту́совых
бухара	бухара́
бухаре	бухаре́
бухарест	бухаре́ст
бухареста	бухаре́ста
бухаресте	бухаре́сте
бухарестом	бухаре́стом
бухаресту	бухаре́сту
бухарин	буха́рин
бухарина	буха́рина
бухарине	буха́рине
бухариной	буха́риной
бухариною	буха́риною
бухарину	буха́рину
бухарины	буха́рины
бухариным	буха́риным
бухариными	буха́риными
бухариных	буха́риных
бухарой	бухаро́й
бухарою	бухаро́ю
бухару	бухару́
бухары	бухары́
буча	бу́ча
буче	бу́че
бучей	бу́чей
бучею	бу́чею
бучи	бу́чи
бучу	бу́чу
буш-дю-рон	буш-дю-ро́н
буян	буя́н
буяна	буя́на
буяне	буя́не
буяном	буя́ном
буяну	буя́ну
бывшев	бы́вшев
бывшева	бы́вшева
бывшеве	бы́вшеве
бывшевой	бы́вшевой
бывшевою	бы́вшевою
бывшеву	бы́вшеву
бывшевы	бы́вшевы
бывшевым	бы́вшевым
бывшевыми	бы́вшевыми
бывшевых	бы́вшевых
быдгощ	бы́дгощ
быдгоща	бы́дгоща
быдгоще	бы́дгоще
быдгощем	бы́дгощем
быдгощу	бы́дгощу
быков	бы́ков
быкова	бы́кова
быкове	бы́кове
быковой	бы́ковой
быковою	бы́ковою
быкову	бы́кову
быковы	бы́ковы
быковым	бы́ковым
быковыми	бы́ковыми
быковых	бы́ковых
бюракан	бюрака́н
бюракана	бюрака́на
бюракане	бюрака́не
бюраканом	бюрака́ном
бюракану	бюрака́ну
бюрегаван	бюрегава́н
бюрегавана	бюрегава́на
бюрегаване	бюрегава́не
бюрегаваном	бюрегава́ном
бюрегавану	бюрегава́ну
ваагн	ваа́гн
ваагна	ваа́гна
ваагнам	ваа́гнам
ваагнами	ваа́гнами
ваагнах	ваа́гнах
ваагне	ваа́гне
ваагнов	ваа́гнов
ваагном	ваа́гном
ваагну	ваа́гну
ваагны	ваа́гны
вавилов	вави́лов
вавилова	вави́лова
вавилове	вави́лове
вавиловой	вави́ловой
вавиловою	вави́ловою
вавилову	вави́лову
вавиловы	вави́ловы
вавиловым	вави́ловым
вавиловыми	вави́ловыми
вавиловых	вави́ловых
вавилон	вавило́н
вавилона	вавило́на
вавилоне	вавило́не
вавилоном	вавило́ном
вавилону	вавило́ну
вагаршапат	вагаршапа́т
вагаршапата	вагаршапа́та
вагаршапате	вагаршапа́те
вагаршапатом	вагаршапа́том
вагаршапату	вагаршапа́ту
вадим	вади́м
вадима	вади́ма
вадимам	вади́мам
вадимами	вади́мами
вадимах	вади́мах
вадиме	вади́ме
вадимов	вади́мов
вадимом	вади́мом
вадиму	вади́му
вадимы	вади́мы
вадуц	ваду́ц
вадуца	ваду́ца
вадуце	ваду́це
вадуцем	ваду́цем
вадуцу	ваду́цу
вайка	ва́йка
вайке	ва́йке
вайком	ва́йком
вайку	ва́йку
вайоминг	вайо́минг
вайоминга	вайо́минга
вайоминге	вайо́минге
вайомингом	вайо́мингом
вайомингу	вайо́мингу
вакаяма	вакая́ма
вакаяме	вакая́ме
вакаямой	вакая́мой
вакаямою	вакая́мою
вакаяму	вакая́му
вакаямы	вакая́мы
вакканае	ваккана́е
вакканаем	ваккана́ем
вакканай	ваккана́й
вакканаю	ваккана́ю
вакканая	ваккана́я
вакха	ва́кха
вакхам	ва́кхам
вакхами	ва́кхами
вакхах	ва́кхах
вакхе	ва́кхе
вакхи	ва́кхи
вакхов	ва́кхов
вакхом	ва́кхом
вакху	ва́кху
валахией	вала́хией
валахиею	вала́хиею
валахии	вала́хии
валахию	вала́хию
валахия	вала́хия
валдае	валда́е
валдаем	валда́ем
валдай	валда́й
валдаю	валда́ю
валдая	валда́я
вале	ва́ле
валей	ва́лей
валенс	вале́нс
валенса	вале́нса
валенсам	вале́нсам
валенсами	вале́нсами
валенсах	вале́нсах
валенсе	вале́нсе
валенсией	вале́нсией
валенсиею	вале́нсиею
валенсии	вале́нсии
валенсию	вале́нсию
валенсия	вале́нсия
валенсой	вале́нсой
валенсою	вале́нсою
валенсу	вале́нсу
валенсуэл	валенсуэ́л
валенсуэла	валенсуэ́ла
валенсуэлам	валенсуэ́лам
валенсуэлами	валенсуэ́лами
валенсуэлах	валенсуэ́лах
валенсуэле	валенсуэ́ле
валенсуэлой	валенсуэ́лой
валенсуэлою	валенсуэ́лою
валенсуэлу	валенсуэ́лу
валенсуэлы	валенсуэ́лы
валенсы	вале́нсы
валентин	валенти́н
валентина	валенти́на
валентинам	валенти́нам
валентинами	валенти́нами
валентинах	валенти́нах
валентине	валенти́не
валентинов	валенти́нов
валентиной	валенти́ной
валентином	валенти́ном
валентиною	валенти́ною
валентину	валенти́ну
валентины	валенти́ны
валер	вале́р
валера	вале́ра
валерам	вале́рам
валерами	вале́рами
валерах	вале́рах
валере	вале́ре
валериев	вале́риев
валерией	вале́рией
валерием	вале́рием
валериею	вале́риею
валерии	вале́рии
валерий	вале́рий
валерию	вале́рию
валерия	вале́рия
валериям	вале́риям
валериями	вале́риями
валериях	вале́риях
валерой	вале́рой
валерою	вале́рою
валеру	вале́ру
валеры	вале́ры
валерьев	вале́рьев
валею	ва́лею
вали	ва́ли
валленберг	валле́нберг
валленберга	валле́нберга
валленбергам	валле́нбергам
валленбергами	валле́нбергами
валленбергах	валле́нбергах
валленберге	валле́нберге
валленберги	валле́нберги
валленбергов	валле́нбергов
валленбергом	валле́нбергом
валленбергу	валле́нбергу
валлетта	валле́тта
валлетте	валле́тте
валлеттой	валле́ттой
валлеттою	валле́ттою
валлетту	валле́тту
валлетты	валле́тты
валлонией	валло́нией
валлониею	валло́ниею
валлонии	валло́нии
валлонию	валло́нию
валлония	валло́ния
валька	ва́лька
валю	ва́лю
валя	ва́ля
валям	ва́лям
валями	ва́лями
валях	ва́лях
вана	ва́на
ванадзор	ванадзо́р
ванадзора	ванадзо́ра
ванадзоре	ванадзо́ре
ванадзором	ванадзо́ром
ванадзору	ванадзо́ру
ванда	ва́нда
вандам	ва́ндам
вандами	ва́ндами
вандах	ва́ндах
ванде	ва́нде
вандеи	ванде́и
вандея	ванде́я
вандой	ва́ндой
вандою	ва́ндою
ванду	ва́нду
ванды	ва́нды
ване	ва́не
ванеева	ване́ева
ванееве	ване́еве
ванеево	ване́ево
ванеевом	ване́евом
ванееву	ване́еву
ваней	ва́ней
ванею	ва́нею
вани	ва́ни
ванкувер	ванку́вер
ванкувера	ванку́вера
ванкувере	ванку́вере
ванкувером	ванку́вером
ванкуверу	ванку́веру
ваном	ва́ном
вану	ва́ну
вануату	вануа́ту
ваню	ва́ню
ваня	ва́ня
ваням	ва́ням
ванями	ва́нями
ванях	ва́нях
вараш	вара́ш
вараша	вара́ша
вараше	вара́ше
варашем	вара́шем
варашу	вара́шу
варвар	варва́р
варвара	варва́ра
варварам	варва́рам
варварами	варва́рами
варварах	варва́рах
варваре	варва́ре
варварин	варва́рин
варварина	варва́рина
варварине	варва́рине
варвариной	варва́риной
варвариною	варва́риною
варварину	варва́рину
варварины	варва́рины
варвариным	варва́риным
варвариными	варва́риными
варвариных	варва́риных
варварой	варва́рой
варварою	варва́рою
варвару	варва́ру
варвары	варва́ры
варденис	вардени́с
вардениса	вардени́са
варденисе	вардени́се
варденисом	вардени́сом
варденису	вардени́су
варенек	ва́ренек
варенька	ва́ренька
варенькам	ва́ренькам
вареньками	ва́реньками
вареньках	ва́реньках
вареньке	ва́реньке
вареньки	ва́реньки
варенькой	ва́ренькой
варенькою	ва́ренькою
вареньку	ва́реньку
варламов	варла́мов
варламова	варла́мова
варламове	варла́мове
варламовой	варла́мовой
варламовою	варла́мовою
варламову	варла́мову
варламовы	варла́мовы
варламовым	варла́мовым
варламовыми	варла́мовыми
варламовых	варла́мовых
варна	ва́рна
варне	ва́рне
варной	ва́рной
варною	ва́рною
варну	ва́рну
варны	ва́рны
варта	ва́рта
вартанов	варта́нов
вартанова	варта́нова
вартанове	варта́нове
вартановой	варта́новой
вартановою	варта́новою
вартанову	варта́нову
вартановы	варта́новы
вартановым	варта́новым
вартановыми	варта́новыми
вартановых	варта́новых
варте	ва́рте
вартой	ва́ртой
вартою	ва́ртою
варту	ва́рту
варты	ва́рты
варфоломее	варфоломе́е
варфоломеев	варфоломе́ев
варфоломеем	варфоломе́ем
варфоломеи	варфоломе́и
варфоломей	варфоломе́й
варфоломею	варфоломе́ю
варфоломея	варфоломе́я
варфоломеям	варфоломе́ям
варфоломеями	варфоломе́ями
варфоломеях	варфоломе́ях
варшава	варша́ва
варшаве	варша́ве
варшавой	варша́вой
варшавою	варша́вою
варшаву	варша́ву
варшавы	варша́вы
васе	ва́се
васей	ва́сей
васек	васёк
васею	ва́сею
васи	ва́си
василевская	василе́вская
василевские	василе́вские
василевский	василе́вский
василевским	василе́вским
василевскими	василе́вскими
василевских	василе́вских
василевския	василе́вския
василевского	василе́вского
василевское	василе́вское
василевской	василе́вской
василевском	василе́вском
василевскому	василе́вскому
василевскою	василе́вскою
василевскую	василе́вскую
василиев	васи́лиев
василием	васи́лием
василии	васи́лии
василий	васи́лий
василис	васили́с
василиса	васили́са
василисам	васили́сам
василисами	васили́сами
василисах	васили́сах
василисе	васили́се
василисой	васили́сой
василисою	васили́сою
василису	васили́су
василисы	васили́сы
василию	васи́лию
василия	васи́лия
василиям	васи́лиям
василиями	васи́лиями
василиях	васи́лиях
васильев	васи́льев
васильева	васи́льева
васильеве	васи́льеве
васильевка	васи́льевка
васильевке	васи́льевке
васильевки	васи́льевки
васильевкой	васи́льевкой
васильевкою	васи́льевкою
васильевку	васи́льевку
васильевой	васи́льевой
васильевою	васи́льевою
васильеву	васи́льеву
васильевы	васи́льевы
васильевым	васи́льевым
васильевыми	васи́льевыми
васильевых	васи́льевых
васнецов	васнецо́в
васнецова	васнецо́ва
васнецове	васнецо́ве
васнецовой	васнецо́вой
васнецовою	васнецо́вою
васнецову	васнецо́ву
васнецовы	васнецо́вы
васнецовым	васнецо́вым
васнецовыми	васнецо́выми
васнецовых	васнецо́вых
васька	ва́ська
васю	ва́сю
вася	ва́ся
васям	ва́сям
васями	ва́сями
васях	ва́сях
ватикан	ватика́н
ватикана	ватика́на
ватикане	ватика́не
ватиканом	ватика́ном
ватикану	ватика́ну
вашингтон	вашингто́н
вашингтона	вашингто́на
вашингтонам	вашингто́нам
вашингтонами	вашингто́нами
вашингтонах	вашингто́нах
вашингтоне	вашингто́не
вашингтонов	вашингто́нов
вашингтоном	вашингто́ном
вашингтону	вашингто́ну
вашингтоны	вашингто́ны
ведам	ве́дам
ведами	ве́дами
ведах	ве́дах
веди	веди́
ведут	веду́т
ведута	веду́та
ведутам	веду́там
ведутами	веду́тами
ведутах	веду́тах
ведуте	веду́те
ведутой	веду́той
ведутою	веду́тою
ведуту	веду́ту
ведуты	веду́ты
веды	ве́ды
ведяйкин	ведя́йкин
ведяйкина	ведя́йкина
ведяйкине	ведя́йкине
ведяйкиной	ведя́йкиной
ведяйкиною	ведя́йкиною
ведяйкину	ведя́йкину
ведяйкины	ведя́йкины
ведяйкиным	ведя́йкиным
ведяйкиными	ведя́йкиными
ведяйкиных	ведя́йкиных
веельзевул	веельзеву́л
везувием	везу́вием
везувии	везу́вии
везувий	везу́вий
везувию	везу́вию
везувия	везу́вия
великобританией	великобрита́нией
великобританиею	великобрита́ниею
великобритании	великобрита́нии
великобританию	великобрита́нию
великобритания	великобрита́ния
великороссией	великоро́ссией
великороссиею	великоро́ссиею
великороссии	великоро́ссии
великороссию	великоро́ссию
великороссия	великоро́ссия
веллингтон	веллингто́н
веллингтона	веллингто́на
веллингтонам	веллингто́нам
веллингтонами	веллингто́нами
веллингтонах	веллингто́нах
веллингтоне	веллингто́не
веллингтонов	веллингто́нов
веллингтоном	веллингто́ном
веллингтону	веллингто́ну
веллингтоны	веллингто́ны
вельзевул	вельзеву́л
вельзевула	вельзеву́ла
вельзевуле	вельзеву́ле
вельзевулом	вельзеву́лом
вельзевулу	вельзеву́лу
вена	ве́на
венгрией	ве́нгрией
венгриею	ве́нгриею
венгрии	ве́нгрии
венгрию	ве́нгрию
венгрия	ве́нгрия
вене	ве́не
венедикт	венеди́кт
венедикта	венеди́кта
венедиктам	венеди́ктам
венедиктами	венеди́ктами
венедиктах	венеди́ктах
венедикте	венеди́кте
венедиктов	венеди́ктов
венедиктова	венеди́ктова
венедиктове	венеди́ктове
венедиктовой	венеди́ктовой
венедиктовою	венеди́ктовою
венедиктову	венеди́ктову
венедиктовы	венеди́ктовы
венедиктовым	венеди́ктовым
венедиктовыми	венеди́ктовыми
венедиктовых	венеди́ктовых
венедиктом	венеди́ктом
венедикту	венеди́кту
венедикты	венеди́кты
венера	вене́ра
венере	вене́ре
венерой	вене́рой
венерою	вене́рою
венеру	вене́ру
венеры	вене́ры
венесуэла	венесуэ́ла
венесуэле	венесуэ́ле
венесуэлой	венесуэ́лой
венесуэлою	венесуэ́лою
венесуэлу	венесуэ́лу
венесуэлы	венесуэ́лы
венецией	вене́цией
венециею	вене́циею
венеции	вене́ции
венецию	вене́цию
венеция	вене́ция
вениамин	вениами́н
вениамина	вениами́на
вениаминам	вениами́нам
вениаминами	вениами́нами
вениаминах	вениами́нах
вениамине	вениами́не
вениаминов	вениами́нов
вениамином	вениами́ном
вениамину	вениами́ну
вениамины	вениами́ны
веной	ве́ной
веною	ве́ною
вентимилье	вентими́лье
вентимильей	вентими́льей
вентимильею	вентими́льею
вентимильи	вентими́льи
вентимилью	вентими́лью
вентимилья	вентими́лья
вену	ве́ну
вены	ве́ны
вера	ве́ра
верам	ве́рам
верами	ве́рами
верах	ве́рах
вербицкая	верби́цкая
вербицкие	верби́цкие
вербицкий	верби́цкий
вербицким	верби́цким
вербицкими	верби́цкими
вербицких	верби́цких
вербицкого	верби́цкого
вербицкой	верби́цкой
вербицком	верби́цком
вербицкому	верби́цкому
вербицкою	верби́цкою
вербицкую	верби́цкую
вере	ве́ре
верзилов	верзи́лов
верзилова	верзи́лова
верзилове	верзи́лове
верзиловой	верзи́ловой
верзиловою	верзи́ловою
верзилову	верзи́лову
верзиловы	верзи́ловы
верзиловым	верзи́ловым
верзиловыми	верзи́ловыми
верзиловых	верзи́ловых
вермахт	ве́рмахт
вермахта	ве́рмахта
вермахтам	ве́рмахтам
вермахтами	ве́рмахтами
вермахтах	ве́рмахтах
вермахте	ве́рмахте
вермахтов	ве́рмахтов
вермахтом	ве́рмахтом
вермахту	ве́рмахту
вермахты	ве́рмахты
вермонт	вермо́нт
вермонта	вермо́нта
вермонте	вермо́нте
вермонтом	вермо́нтом
вермонту	вермо́нту
верой	ве́рой
верона	веро́на
вероне	веро́не
вероника	верони́ка
веронике	верони́ке
вероники	верони́ки
вероникой	верони́кой
вероникою	верони́кою
веронику	верони́ку
вероной	веро́ной
вероною	веро́ною
верону	веро́ну
вероны	веро́ны
верою	ве́рою
версале	верса́ле
версалем	верса́лем
версаль	верса́ль
версалю	верса́лю
версаля	верса́ля
веру	ве́ру
верховина	верхови́на
верховине	верхови́не
верховиной	верхови́ной
верховиною	верхови́ною
верховину	верхови́ну
верховины	верхови́ны
верховская	верхо́вская
верховские	верхо́вские
верховский	верхо́вский
верховским	верхо́вским
верховскими	верхо́вскими
верховских	верхо́вских
верховского	верхо́вского
верховской	верхо́вской
верховском	верхо́вском
верховскому	верхо́вскому
верховскою	верхо́вскою
верховскую	верхо́вскую
верхоянск	верхоя́нск
верхоянска	верхоя́нска
верхоянске	верхоя́нске
верхоянском	верхоя́нском
верхоянску	верхоя́нску
веры	ве́ры
весам	веса́м
весами	веса́ми
весах	веса́х
весельницкая	весельни́цкая
весельницкие	весельни́цкие
весельницкий	весельни́цкий
весельницким	весельни́цким
весельницкими	весельни́цкими
весельницких	весельни́цких
весельницкого	весельни́цкого
весельницкой	весельни́цкой
весельницком	весельни́цком
весельницкому	весельни́цкому
весельницкою	весельни́цкою
весельницкую	весельни́цкую
весна	весна́
весне	весне́
весной	весно́й
весною	весно́ю
весну	весну́
весны	весны́
весов	весо́в
вест-индией	вест-и́ндией
вест-индиею	вест-и́ндиею
вест-индии	вест-и́ндии
вест-индий	вест-и́ндий
вест-индию	вест-и́ндию
вест-индия	вест-и́ндия
вест-индиям	вест-и́ндиям
вест-индиями	вест-и́ндиями
вест-индиях	вест-и́ндиях
веста	ве́ста
весте	ве́сте
вестой	ве́стой
вестою	ве́стою
весту	ве́сту
весты	ве́сты
весы	весы́
ветка	ве́тка
ветке	ве́тке
ветки	ве́тки
веткой	ве́ткой
веткою	ве́ткою
ветку	ве́тку
ветлуга	ветлу́га
ветлуге	ветлу́ге
ветлуги	ветлу́ги
ветлугой	ветлу́гой
ветлугою	ветлу́гою
ветлугу	ветлу́гу
вижница	ви́жница
вижнице	ви́жнице
вижницей	ви́жницей
вижницею	ви́жницею
вижницу	ви́жницу
вижницы	ви́жницы
византией	византи́ей
византием	виза́нтием
византиею	византи́ею
византиям	византи́ям
византиями	византи́ями
византиях	византи́ях
викимедиа	викиме́диа
википедией	википе́дией
википедиею	википе́диею
википедии	википе́дии
википедий	википе́дий
википедию	википе́дию
википедия	википе́дия
википедиям	википе́диям
википедиями	википе́диями
википедиях	википе́диях
викисловаре	викисловаре́
викисловарей	викисловаре́й
викисловарем	викисловарём
викисловари	викисловари́
викисловарь	викислова́рь
викисловарю	викисловарю́
викисловаря	викисловаря́
викисловарям	викисловаря́м
викисловарями	викисловаря́ми
викисловарях	викисловаря́х
виктор	ви́ктор
виктора	ви́ктора
викторам	ви́кторам
викторами	ви́кторами
викторах	ви́кторах
викторе	ви́кторе
викторией	викто́рией
викториею	викто́риею
виктории	викто́рии
викторий	викто́рий
викторию	викто́рию
виктория	викто́рия
викториям	викто́риям
викториями	викто́риями
викториях	викто́риях
викторов	ви́кторов
виктором	ви́ктором
викторсон	ви́кторсон
викторсона	ви́кторсона
викторсонам	ви́кторсонам
викторсонами	ви́кторсонами
викторсонах	ви́кторсонах
викторсоне	ви́кторсоне
викторсонов	ви́кторсонов
викторсоном	ви́кторсоном
викторсону	ви́кторсону
викторсоны	ви́кторсоны
виктору	ви́ктору
викторы	ви́кторы
вилдерс	ви́лдерс
вилдерса	ви́лдерса
вилдерсам	ви́лдерсам
вилдерсами	ви́лдерсами
вилдерсах	ви́лдерсах
вилдерсе	ви́лдерсе
вилдерсов	ви́лдерсов
вилдерсом	ви́лдерсом
вилдерсу	ви́лдерсу
вилдерсы	ви́лдерсы
вильнюс	ви́льнюс
вильнюса	ви́льнюса
вильнюсе	ви́льнюсе
вильнюсом	ви́льнюсом
вильнюсу	ви́льнюсу
виндзор	ви́ндзор
виндзора	ви́ндзора
виндзорам	ви́ндзорам
виндзорами	ви́ндзорами
виндзорах	ви́ндзорах
виндзоре	ви́ндзоре
виндзоров	ви́ндзоров
виндзором	ви́ндзором
виндзору	ви́ндзору
виндзоры	ви́ндзоры
виндхук	ви́ндхук
виндхука	ви́ндхука
виндхуке	ви́ндхуке
виндхуком	ви́ндхуком
виндхуку	ви́ндхуку
винити	винити́
виннипег	ви́ннипег
виннипега	ви́ннипега
виннипеге	ви́ннипеге
виннипегом	ви́ннипегом
виннипегу	ви́ннипегу
виннитчина	ви́ннитчина
виннитчине	ви́ннитчине
виннитчиной	ви́ннитчиной
виннитчиною	ви́ннитчиною
виннитчину	ви́ннитчину
виннитчины	ви́ннитчины
винница	ви́нница
виннице	ви́ннице
винницей	ви́нницей
винницею	ви́нницею
винницу	ви́нницу
винницы	ви́нницы
виргиния	вирги́ния
вирджинией	вирджи́нией
вирджиниею	вирджи́ниею
вирджинии	вирджи́нии
вирджиний	вирджи́ний
вирджинию	вирджи́нию
вирджиния	вирджи́ния
вирджиниям	вирджи́ниям
вирджиниями	вирджи́ниями
вирджиниях	вирджи́ниях
висконсин	виско́нсин
висконсина	виско́нсина
висконсине	виско́нсине
висконсином	виско́нсином
висконсину	виско́нсину
висла	ви́сла
висле	ви́сле
вислой	ви́слой
вислою	ви́слою
вислу	ви́слу
вислы	ви́слы
виссарион	виссарио́н
виссариона	виссарио́на
виссарионам	виссарио́нам
виссарионами	виссарио́нами
виссарионах	виссарио́нах
виссарионе	виссарио́не
виссарионов	виссарио́нов
виссарионом	виссарио́ном
виссариону	виссарио́ну
виссарионы	виссарио́ны
виталиев	вита́лиев
виталием	вита́лием
виталии	вита́лии
виталий	вита́лий
виталик	вита́лик
виталина	витали́на
виталины	витали́ны
виталию	вита́лию
виталия	вита́лия
виталиям	вита́лиям
виталиями	вита́лиями
виталиях	вита́лиях
виталька	вита́лька
вите	ви́те
витебск	ви́тебск
витебска	ви́тебска
витебске	ви́тебске
витебском	ви́тебском
витебску	ви́тебску
витей	ви́тей
витек	витёк
витенька	ви́тенька
витею	ви́тею
вити	ви́ти
витков	витко́в
витковой	ви́тковой
витковом	витко́вом
витковою	ви́тковою
витковы	ви́тковы
вито	ви́то
витька	ви́тька
витю	ви́тю
витя	ви́тя
витям	ви́тям
витями	ви́тями
витях	ви́тях
вифлеем	вифлее́м
вифлеема	вифлее́ма
вифлееме	вифлее́ме
вифлеемом	вифлее́мом
вифлеему	вифлее́му
вихрев	вихрёв
вихрева	вихрёва
вихреве	вихрёве
вихревой	вихрёвой
вихревою	вихрёвою
вихреву	вихрёву
вихревы	вихрёвы
вихревым	вихрёвым
вихревыми	вихрёвыми
вихревых	вихрёвых
вишневская	вишне́вская
вишневские	вишне́вские
вишневский	вишне́вский
вишневским	вишне́вским
вишневскими	вишне́вскими
вишневских	вишне́вских
вишневского	вишне́вского
вишневской	вишне́вской
вишневском	вишне́вском
вишневскому	вишне́вскому
вишневскою	вишне́вскою
вишневскую	вишне́вскую
влада	вла́да
владам	вла́дам
владами	вла́дами
владах	вла́дах
владе	вла́де
владивосток	владивосто́к
владивостока	владивосто́ка
владивостоке	владивосто́ке
владивостоком	владивосто́ком
владивостоку	владивосто́ку
владик	вла́дик
владика	вла́дика
владикавказ	владикавка́з
владикавказа	владикавка́за
владикавказе	владикавка́зе
владикавказом	владикавка́зом
владикавказу	владикавка́зу
владике	вла́дике
владиком	вла́диком
владику	вла́дику
владилен	владиле́н
владимир	влади́мир
владимира	влади́мира
владимирам	влади́мирам
владимирами	влади́мирами
владимирах	влади́мирах
владимире	влади́мире
владимиров	влади́миров
владимирова	влади́мирова
владимирове	влади́мирове
владимирович	влади́мирович
владимировича	влади́мировича
владимировна	влади́мировна
владимировны	влади́мировны
владимирово	влади́мирово
владимировой	влади́мировой
владимировом	влади́мировом
владимировою	влади́мировою
владимирову	влади́мирову
владимировы	влади́мировы
владимировым	влади́мировым
владимировыми	влади́мировыми
владимировых	влади́мировых
владимиром	влади́миром
владимиру	влади́миру
владимиры	влади́миры
владислав	владисла́в
владислава	владисла́ва
владиславам	владисла́вам
владиславами	владисла́вами
владиславах	владисла́вах
владиславе	владисла́ве
владиславов	владисла́вов
владиславом	владисла́вом
владиславу	владисла́ву
владиславы	владисла́вы
владлен	владле́н
владлена	владле́на
владленам	владле́нам
владленами	владле́нами
владленах	владле́нах
владлене	владле́не
владленов	владле́нов
владленом	владле́ном
владлену	владле́ну
владлены	владле́ны
владов	вла́дов
владом	вла́дом
владу	вла́ду
влады	вла́ды
вова	во́ва
вовам	во́вам
вовами	во́вами
вован	вова́н
вована	вова́на
вованам	вова́нам
вованами	вова́нами
вованах	вова́нах
воване	вова́не
вованов	вова́нов
вованом	вова́ном
вовану	вова́ну
вованы	вова́ны
вовах	во́вах
вове	во́ве
вовка	во́вка
вовой	во́вой
вовочка	во́вочка
вовою	во́вою
вову	во́ву
вовы	во́вы
водолее	водоле́е
водолеев	водоле́ев
водолеем	водоле́ем
водолеи	водоле́и
водолей	водоле́й
водолею	водоле́ю
водолея	водоле́я
водолеям	водоле́ям
водолеями	водоле́ями
водолеях	водоле́ях
воеводин	воево́дин
воеводина	воево́дина
воеводине	воево́дине
воеводиной	воево́диной
воеводиною	воево́диною
воеводину	воево́дину
воеводины	воево́дины
воеводиным	воево́диным
воеводиными	воево́диными
воеводиных	воево́диных
вознесение	вознесе́ние
вознесением	вознесе́нием
вознесении	вознесе́нии
вознесений	вознесе́ний
вознесению	вознесе́нию
вознесения	вознесе́ния
вознесениям	вознесе́ниям
вознесениями	вознесе́ниями
вознесениях	вознесе́ниях
возничего	возни́чего
возничем	возни́чем
возничему	возни́чему
возничий	возни́чий
возничим	возни́чим
войнович	войно́вич
войновича	войно́вича
войновичам	войно́вичам
войновичами	войно́вичами
войновичах	войно́вичах
войновиче	войно́виче
войновичей	войно́вичей
войновичем	войно́вичем
войновичи	войно́вичи
войновичу	войно́вичу
волга	во́лга
волгам	во́лгам
волгами	во́лгами
волгах	во́лгах
волге	во́лге
волги	во́лги
волгин	во́лгин
волгина	во́лгина
волгине	во́лгине
волгиной	во́лгиной
волгиною	во́лгиною
волгину	во́лгину
волгины	во́лгины
волгиным	во́лгиным
волгиными	во́лгиными
волгиных	во́лгиных
волгоград	волгогра́д
волгограда	волгогра́да
волгограде	волгогра́де
волгоградом	волгогра́дом
волгограду	волгогра́ду
волгой	во́лгой
волгою	во́лгою
волгу	во́лгу
волков	во́лков
волкова	во́лкова
волкове	во́лкове
волковой	во́лковой
волковою	во́лковою
волкову	во́лкову
волковы	во́лковы
волковым	во́лковым
волковыми	во́лковыми
волковых	во́лковых
волконская	волко́нская
волконские	волко́нские
волконский	волко́нский
волконским	волко́нским
волконскими	волко́нскими
волконских	волко́нских
волконского	волко́нского
волконской	волко́нской
волконском	волко́нском
волконскому	волко́нскому
волконскою	волко́нскою
волконскую	волко́нскую
волноваха	волнова́ха
волновахе	волнова́хе
волновахи	волнова́хи
волновахой	волнова́хой
волновахою	волнова́хою
волноваху	волнова́ху
вологда	во́логда
вологде	во́логде
вологдой	во́логдой
вологдою	во́логдою
вологду	во́логду
вологды	во́логды
володе	воло́де
володей	воло́дей
володею	воло́дею
володи	воло́ди
володин	воло́дин
володина	воло́дина
володине	воло́дине
володино	воло́дино
володиной	воло́диной
володином	воло́дином
володиною	воло́диною
володину	воло́дину
володины	воло́дины
володиным	воло́диным
володиными	воло́диными
володиных	воло́диных
володыевская	володыёвская
володыевские	володыёвские
володыевский	володыёвский
володыевским	володыёвским
володыевскими	володыёвскими
володыевских	володыёвских
володыевского	володыёвского
володыевской	володыёвской
володыевском	володыёвском
володыевскому	володыёвскому
володыевскою	володыёвскою
володыевскую	володыёвскую
володь	воло́дь
володю	воло́дю
володя	воло́дя
володям	воло́дям
володями	воло́дями
володях	воло́дях
волошин	воло́шин
волошина	воло́шина
волошине	воло́шине
волошиной	воло́шиной
волошиною	воло́шиною
волошину	воло́шину
волошины	воло́шины
волошиным	воло́шиным
волошиными	воло́шиными
волошиных	воло́шиных
волчанск	волча́нск
волчанска	волча́нска
волчанске	волча́нске
волчанском	волча́нском
волчанску	волча́нску
волыни	волы́ни
волынь	волы́нь
волынью	волы́нью
воркута	воркута́
воркуте	воркуте́
воркутой	воркуто́й
воркутою	воркуто́ю
воркуту	воркуту́
воркуты	воркуты́
воробей	воробе́й
воробье	воробье́
воробьев	воробьёв
воробьева	воробьёва
воробьеве	воробьёве
воробьевой	воробьёвой
воробьевою	воробьёвою
воробьеву	воробьёву
воробьевы	воробьёвы
воробьевым	воробьёвым
воробьевыми	воробьёвыми
воробьевых	воробьёвых
воробьем	воробьём
воробьи	воробьи́
воробью	воробью́
воробья	воробья́
воробьям	воробья́м
воробьями	воробья́ми
воробьях	воробья́х
воронеж	воро́неж
воронежа	воро́нежа
воронеже	воро́неже
воронежем	воро́нежем
воронежу	воро́нежу
воронин	воро́нин
воронина	воро́нина
воронине	воро́нине
ворониной	воро́ниной
ворониною	воро́ниною
воронину	воро́нину
воронины	воро́нины
ворониным	воро́ниным
ворониными	воро́ниными
ворониных	воро́ниных
воронцов	воронцо́в
воронцова	воронцо́ва
воронцове	воронцо́ве
воронцовой	воронцо́вой
воронцовою	воронцо́вою
воронцову	воронцо́ву
воронцовы	воронцо́вы
воронцовым	воронцо́вым
воронцовыми	воронцо́выми
воронцовых	воронцо́вых
воропаев	воропа́ев
воропаева	воропа́ева
воропаеве	воропа́еве
воропаевой	воропа́евой
воропаевою	воропа́евою
воропаеву	воропа́еву
воропаевы	воропа́евы
воропаевым	воропа́евым
воропаевыми	воропа́евыми
воропаевых	воропа́евых
ворошилов	вороши́лов
ворошилова	вороши́лова
ворошилове	вороши́лове
ворошиловой	вороши́ловой
ворошиловою	вороши́ловою
ворошилову	вороши́лову
ворошиловы	вороши́ловы
ворошиловым	вороши́ловым
ворошиловыми	вороши́ловыми
ворошиловых	вороши́ловых
восток	восто́к
востока	восто́ка
востоке	восто́ке
востоком	восто́ком
востоку	восто́ку
врангеле	вра́нгеле
врангелей	вра́нгелей
врангелем	вра́нгелем
врангели	вра́нгели
врангель	вра́нгель
врангелю	вра́нгелю
врангеля	вра́нгеля
врангелям	вра́нгелям
врангелями	вра́нгелями
врангелях	вра́нгелях
врачар	вра́чар
врачара	вра́чара
врачаре	вра́чаре
врачаром	вра́чаром
врачару	вра́чару
вроцлав	вро́цлав
вроцлава	вро́цлава
вроцлаве	вро́цлаве
вроцлавом	вро́цлавом
вроцлаву	вро́цлаву
всеволод	все́волод
всеволода	все́волода
всеволоде	все́володе
всеволодом	все́володом
всеволоду	все́володу
выборг	вы́борг
выборга	вы́борга
выборге	вы́борге
выборгом	вы́боргом
выборгу	вы́боргу
высоцкая	высо́цкая
высоцкие	высо́цкие
высоцкий	высо́цкий
высоцким	высо́цким
высоцкими	высо́цкими
высоцких	высо́цких
высоцкого	высо́цкого
высоцкой	высо́цкой
высоцком	высо́цком
высоцкому	высо́цкому
высоцкою	высо́цкою
высоцкую	высо́цкую
вышгород	вы́шгород
вышгорода	вы́шгорода
вышгороде	вы́шгороде
вышгородом	вы́шгородом
вышгороду	вы́шгороду
вьентьян	вьентья́н
вьентьяна	вьентья́на
вьентьянам	вьентья́нам
вьентьянами	вьентья́нами
вьентьянах	вьентья́нах
вьентьяне	вьентья́не
вьентьянов	вьентья́нов
вьентьяном	вьентья́ном
вьентьяну	вьентья́ну
вьентьяны	вьентья́ны
вьетнам	вьетна́м
вьетнама	вьетна́ма
вьетнаме	вьетна́ме
вьетнамом	вьетна́мом
вьетнаму	вьетна́му
вятка	вя́тка
вятке	вя́тке
вятки	вя́тки
вяткой	вя́ткой
вяткою	вя́ткою
вятку	вя́тку
вячеслав	вячесла́в
вячеслава	вячесла́ва
вячеславам	вячесла́вам
вячеславами	вячесла́вами
вячеславах	вячесла́вах
вячеславе	вячесла́ве
вячеславов	вячесла́вов
вячеславом	вячесла́вом
вячеславу	вячесла́ву
вячеславы	вячесла́вы
гаага	гаа́га
гааге	гаа́ге
гааги	гаа́ги
гаагой	гаа́гой
гаагою	гаа́гою
гаагу	гаа́гу
габит	габи́т
габита	габи́та
габите	габи́те
габитович	габи́тович
габитовича	габи́товича
габитовичам	габи́товичам
габитовичами	габи́товичами
габитовичах	габи́товичах
габитовиче	габи́товиче
габитовичей	габи́товичей
габитовичем	габи́товичем
габитовичи	габи́товичи
габитовичу	габи́товичу
габитовна	габи́товна
габитом	габи́том
габиту	габи́ту
габон	габо́н
габона	габо́на
габоне	габо́не
габоном	габо́ном
габону	габо́ну
габороне	габоро́не
гаваи	гава́и
гавайев	гава́йев
гавайи	гава́йи
гавайям	гава́йям
гавайями	гава́йями
гавайях	гава́йях
гавана	гава́на
гаване	гава́не
гаваной	гава́ной
гаваною	гава́ною
гавану	гава́ну
гаваны	гава́ны
гавар	гава́р
гавара	гава́ра
гаваре	гава́ре
гаваром	гава́ром
гавару	гава́ру
гавра	га́вра
гавре	га́вре
гавриил	гаврии́л
гавриила	гаврии́ла
гавриилам	гаврии́лам
гавриилами	гаврии́лами
гавриилах	гаврии́лах
гаврииле	гаврии́ле
гавриилов	гаврии́лов
гавриилом	гаврии́лом
гавриилу	гаврии́лу
гавриилы	гаврии́лы
гаврилов	гаври́лов
гаврилова	гаври́лова
гаврилове	гаври́лове
гавриловна	гаври́ловна
гавриловны	гаври́ловны
гавриловой	гаври́ловой
гавриловою	гаври́ловою
гаврилову	гаври́лову
гавриловы	гаври́ловы
гавриловым	гаври́ловым
гавриловыми	гаври́ловыми
гавриловых	гаври́ловых
гаврилюка	гаврилюка́
гаврилюкам	гаврилюка́м
гаврилюками	гаврилюка́ми
гаврилюках	гаврилюка́х
гаврилюке	гаврилюке́
гаврилюки	гаврилюки́
гаврилюков	гаврилюко́в
гаврилюком	гаврилюко́м
гаврилюку	гаврилюку́
гавриш	га́вриш
гавриша	га́вриша
гавришам	га́вришам
гавришами	га́вришами
гавришах	га́вришах
гаврише	га́врише
гавришей	га́вришей
гавришем	га́вришем
гавриши	га́вриши
гавришу	га́вришу
гавром	га́вром
гавру	га́вру
гагарин	гага́рин
гагарина	гага́рина
гагарине	гага́рине
гагариной	гага́риной
гагарином	гага́рином
гагариною	гага́риною
гагарину	гага́рину
гагарины	гага́рины
гагариным	гага́риным
гагариными	гага́риными
гагариных	гага́риных
гагаузией	гагау́зией
гагаузиею	гагау́зиею
гагаузии	гагау́зии
гагаузию	гагау́зию
гагаузия	гагау́зия
гадес	га́дес
гадеса	га́деса
гадесе	га́десе
гадесом	га́десом
гадесу	га́десу
газа	га́за
газе	га́зе
газманов	газма́нов
газманова	газма́нова
газманове	газма́нове
газмановой	газма́новой
газмановою	газма́новою
газманову	газма́нову
газмановы	газма́новы
газмановым	газма́новым
газмановыми	газма́новыми
газмановых	газма́новых
газой	га́зой
газою	га́зою
газу	га́зу
газы	га́зы
гаи	гаи́
гаити	гаи́ти
гайана	гайа́на
гайане	гайа́не
гайаной	гайа́ной
гайаною	гайа́ною
гайану	гайа́ну
гайаны	гайа́ны
гайдае	гайда́е
гайдаев	гайда́ев
гайдаем	гайда́ем
гайдаи	гайда́и
гайдай	гайда́й
гайдар	гайда́р
гайдара	гайда́ра
гайдарам	гайда́рам
гайдарами	гайда́рами
гайдарах	гайда́рах
гайдаре	гайда́ре
гайдаров	гайда́ров
гайдаром	гайда́ром
гайдару	гайда́ру
гайдары	гайда́ры
гайдаю	гайда́ю
гайдая	гайда́я
гайдаям	гайда́ям
гайдаями	гайда́ями
гайдаях	гайда́ях
гайсин	га́йсин
гайсина	га́йсина
гайсине	га́йсине
гайсином	га́йсином
гайсину	га́йсину
гале	га́ле
галей	га́лей
галею	га́лею
гали	га́ли
галин	гали́н
галина	гали́на
галинам	гали́нам
галинами	гали́нами
галинах	гали́нах
галине	гали́не
галиной	гали́ной
галиною	гали́ною
галину	гали́ну
галины	гали́ны
галисией	гали́сией
галисиею	гали́сиею
галисии	гали́сии
галисию	гали́сию
галисия	гали́сия
галич	га́лич
галича	га́лича
галичам	га́личам
галичами	га́личами
галичах	га́личах
галиче	га́личе
галичей	га́личей
галичем	га́личем
галичи	га́личи
галичина	галичина́
галичины	галичины́
галичу	га́личу
галкин	га́лкин
галкина	га́лкина
галкине	га́лкине
галкиной	га́лкиной
галкиною	га́лкиною
галкину	га́лкину
галкины	га́лкины
галкиным	га́лкиным
галкиными	га́лкиными
галкиных	га́лкиных
галлямов	галля́мов
галлямова	галля́мова
галлямове	галля́мове
галлямовой	галля́мовой
галлямовою	галля́мовою
галлямову	галля́мову
галлямовы	галля́мовы
галлямовым	галля́мовым
галлямовыми	галля́мовыми
галлямовых	галля́мовых
галю	га́лю
галя	га́ля
галям	га́лям
галями	га́лями
галямин	галя́мин
галямина	галя́мина
галямине	галя́мине
галяминой	галя́миной
галяминою	галя́миною
галямину	галя́мину
галямины	галя́мины
галяминым	галя́миным
галямиными	галя́миными
галяминых	галя́миных
галях	га́лях
гамалиил	гамалии́л
гамалиила	гамалии́ла
гамалииле	гамалии́ле
гамалиилом	гамалии́лом
гамалиилу	гамалии́лу
гамбией	га́мбией
гамбиею	га́мбиею
гамбии	га́мбии
гамбию	га́мбию
гамбия	га́мбия
гамбург	га́мбург
гамбурга	га́мбурга
гамбурге	га́мбурге
гамбургом	га́мбургом
гамбургу	га́мбургу
гамсахурдиа	гамсаху́рдиа
гамсахурдией	гамсаху́рдией
гамсахурдиею	гамсаху́рдиею
гамсахурдии	гамсаху́рдии
гамсахурдий	гамсаху́рдий
гамсахурдию	гамсаху́рдию
гамсахурдия	гамсаху́рдия
гамсахурдиям	гамсаху́рдиям
гамсахурдиями	гамсаху́рдиями
гамсахурдиях	гамсаху́рдиях
гана	га́на
ганга	га́нга
ганге	га́нге
гангом	га́нгом
гангу	га́нгу
гане	га́не
ганимед	ганиме́д
ганимеда	ганиме́да
ганимеде	ганиме́де
ганимедом	ганиме́дом
ганимеду	ганиме́ду
ганнибал	ганниба́л
ганнибала	ганниба́ла
ганнибалам	ганниба́лам
ганнибалами	ганниба́лами
ганнибалах	ганниба́лах
ганнибале	ганниба́ле
ганнибалов	ганниба́лов
ганнибалом	ганниба́лом
ганнибалу	ганниба́лу
ганнибалы	ганниба́лы
ганновер	ганно́вер
ганновера	ганно́вера
ганновере	ганно́вере
ганновером	ганно́вером
ганноверу	ганно́веру
ганой	га́ной
ганою	га́ною
гану	га́ну
ганы	га́ны
ганьсу	ганьсу́
гаосюн	гаосю́н
гаосюна	гаосю́на
гаосюне	гаосю́не
гаосюном	гаосю́ном
гаосюну	гаосю́ну
гарвард	га́рвард
гарварда	га́рварда
гарвардам	га́рвардам
гарвардами	га́рвардами
гарвардах	га́рвардах
гарварде	га́рварде
гарвардов	га́рвардов
гарвардом	га́рвардом
гарварду	га́рварду
гарварды	га́рварды
гаргантюа	гаргантюа́
гарибашвили	гарибашви́ли
гарик	га́рик
гарика	га́рика
гарикам	га́рикам
гариками	га́риками
гариках	га́риках
гарике	га́рике
гарики	га́рики
гариков	га́риков
гариком	га́риком
гарику	га́рику
гарин	га́рин
гарина	га́рина
гарине	га́рине
гариной	га́риной
гариною	га́риною
гарину	га́рину
гарины	га́рины
гариным	га́риным
гариными	га́риными
гариных	га́риных
гаррисберг	га́ррисберг
гаррисберга	га́ррисберга
гаррисберге	га́ррисберге
гаррисбергом	га́ррисбергом
гаррисбергу	га́ррисбергу
гарсиа	гарси́а
гарсией	гарси́ей
гарсиею	гарси́ею
гарсии	гарси́и
гарсий	гарси́й
гарсию	гарси́ю
гарсия	гарси́я
гарсиям	гарси́ям
гарсиями	гарси́ями
гарсиях	гарси́ях
гаруда	гару́да
гаруде	гару́де
гарудой	гару́дой
гарудою	гару́дою
гаруду	гару́ду
гаруды	гару́ды
гарфилд	га́рфилд
гарфилда	га́рфилда
гарфилдам	га́рфилдам
гарфилдами	га́рфилдами
гарфилдах	га́рфилдах
гарфилде	га́рфилде
гарфилдов	га́рфилдов
гарфилдом	га́рфилдом
гарфилду	га́рфилду
гарфилды	га́рфилды
гаскони	гаско́ни
гасконь	гаско́нь
гасконью	гаско́нью
гваделупа	гваделу́па
гваделупе	гваделу́пе
гваделупой	гваделу́пой
гваделупою	гваделу́пою
гваделупу	гваделу́пу
гваделупы	гваделу́пы
гватемал	гватема́л
гватемала	гватема́ла
гватемалам	гватема́лам
гватемалами	гватема́лами
гватемалах	гватема́лах
гватемале	гватема́ле
гватемалой	гватема́лой
гватемалою	гватема́лою
гватемалу	гватема́лу
гватемалы	гватема́лы
гвинее	гвине́е
гвинеей	гвине́ей
гвинеею	гвине́ею
гвинеи	гвине́и
гвиней	гвине́й
гвинею	гвине́ю
гвинея	гвине́я
гвинеям	гвине́ям
гвинеями	гвине́ями
гвинеях	гвине́ях
гданьска	гда́ньска
гданьске	гда́ньске
гданьском	гда́ньском
гданьску	гда́ньску
гдыне	гды́не
гдыней	гды́ней
гдынею	гды́нею
гдыни	гды́ни
гдыню	гды́ню
гдыня	гды́ня
геба	ге́ба
гебе	ге́бе
гебой	ге́бой
гебою	ге́бою
гебу	ге́бу
гебы	ге́бы
гевар	гева́р
гевара	гева́ра
геварам	гева́рам
геварами	гева́рами
геварах	гева́рах
геваре	гева́ре
геварой	гева́рой
геварою	гева́рою
гевару	гева́ру
гевары	гева́ры
гее	ге́е
геей	ге́ей
геею	ге́ею
геи	ге́и
гейдельберг	ге́йдельберг
гейдельберга	ге́йдельберга
гейдельберге	ге́йдельберге
гейдельбергом	ге́йдельбергом
гейдельбергу	ге́йдельбергу
гейзенберг	ге́йзенберг
гейзенберга	ге́йзенберга
гейзенбергам	ге́йзенбергам
гейзенбергами	ге́йзенбергами
гейзенбергах	ге́йзенбергах
гейзенберге	ге́йзенберге
гейзенберги	ге́йзенберги
гейзенбергов	ге́йзенбергов
гейзенбергом	ге́йзенбергом
гейзенбергу	ге́йзенбергу
гейропа	гейро́па
гейропе	гейро́пе
гейропой	гейро́пой
гейропою	гейро́пою
гейропу	гейро́пу
гейропы	гейро́пы
гекат	гека́т
геката	гека́та
гекатам	гека́там
гекатами	гека́тами
гекатах	гека́тах
гекате	гека́те
гекатой	гека́той
гекатою	гека́тою
гекату	гека́ту
гекаты	гека́ты
гелдерланд	ге́лдерланд
гелдерланда	ге́лдерланда
гелдерланде	ге́лдерланде
гелдерландом	ге́лдерландом
гелдерланду	ге́лдерланду
геленджик	геленджи́к
геленджика	геленджика́
геленджике	геленджике́
геленджиком	геленджико́м
геленджику	геленджику́
гелиогабал	гелиогаба́л
гелиогабала	гелиогаба́ла
генассамблее	генассамбле́е
генассамблеей	генассамбле́ей
генассамблеею	генассамбле́ею
генассамблеи	генассамбле́и
генассамблею	генассамбле́ю
генассамблея	генассамбле́я
геническ	гени́ческ
геническа	гени́ческа
геническе	гени́ческе
геническом	гени́ческом
геническу	гени́ческу
геннадиев	генна́диев
геннадием	генна́дием
геннадии	генна́дии
геннадий	генна́дий
геннадию	генна́дию
геннадия	генна́дия
геннадиям	генна́диям
геннадиями	генна́диями
геннадиях	генна́диях
генри	ге́нри
генрисон	ге́нрисон
генрисона	ге́нрисона
генрисонам	ге́нрисонам
генрисонами	ге́нрисонами
генрисонах	ге́нрисонах
генрисоне	ге́нрисоне
генрисонов	ге́нрисонов
генрисоном	ге́нрисоном
генрисону	ге́нрисону
генрисоны	ге́нрисоны
генрих	ге́нрих
генриха	ге́нриха
генрихам	ге́нрихам
генрихами	ге́нрихами
генрихах	ге́нрихах
генрихе	ге́нрихе
генрихи	ге́нрихи
генрихов	ге́нрихов
генрихом	ге́нрихом
генриху	ге́нриху
генуе	ге́нуе
генуей	ге́нуей
генуею	ге́нуею
генуи	ге́нуи
геную	ге́ную
генуя	ге́нуя
георгиев	гео́ргиев
георгиева	гео́ргиева
георгиеве	гео́ргиеве
георгиевой	гео́ргиевой
георгиевою	гео́ргиевою
георгиеву	гео́ргиеву
георгиевы	гео́ргиевы
георгиевым	гео́ргиевым
георгиевыми	гео́ргиевыми
георгиевых	гео́ргиевых
георгием	гео́ргием
георгии	гео́ргии
георгий	гео́ргий
георгию	гео́ргию
георгия	гео́ргия
георгиям	гео́ргиям
георгиями	гео́ргиями
георгиях	гео́ргиях
гера	ге́ра
геракл	гера́кл
геракла	гера́кла
гераклам	гера́клам
гераклами	гера́клами
гераклах	гера́клах
геракле	гера́кле
гераклит	геракли́т
гераклита	геракли́та
гераклите	геракли́те
гераклитом	геракли́том
гераклиту	геракли́ту
гераклов	гера́клов
гераклом	гера́клом
гераклу	гера́клу
гераклы	гера́клы
гераней	гера́ней
герани	гера́ни
герань	гера́нь
геранью	гера́нью
гераням	гера́ням
геранями	гера́нями
геранях	гера́нях
герасим	гера́сим
герасима	гера́сима
герасимам	гера́симам
герасимами	гера́симами
герасимах	гера́симах
герасиме	гера́симе
герасимов	гера́симов
герасимова	гера́симова
герасимове	гера́симове
герасимовой	гера́симовой
герасимовою	гера́симовою
герасимову	гера́симову
герасимовы	гера́симовы
герасимовым	гера́симовым
герасимовыми	гера́симовыми
герасимовых	гера́симовых
герасимом	гера́симом
герасиму	гера́симу
герасимы	гера́симы
геращенко	гера́щенко
герда	ге́рда
гердам	ге́рдам
гердами	ге́рдами
гердах	ге́рдах
герде	ге́рде
гердой	ге́рдой
гердою	ге́рдою
гердта	ге́рдта
гердтам	ге́рдтам
гердтами	ге́рдтами
гердтах	ге́рдтах
гердте	ге́рдте
гердтов	ге́рдтов
гердтом	ге́рдтом
гердту	ге́рдту
гердты	ге́рдты
герду	ге́рду
герды	ге́рды
гере	ге́ре
геркуланум	геркула́нум
геркуланума	геркула́нума
геркулануме	геркула́нуме
геркуланумом	геркула́нумом
геркулануму	геркула́нуму
геркулес	геркуле́с
геркулеса	геркуле́са
геркулесе	геркуле́се
геркулесом	геркуле́сом
геркулесу	геркуле́су
герман	ге́рман
германа	ге́рмана
германам	ге́рманам
германами	ге́рманами
германах	ге́рманах
германе	ге́рмане
германией	герма́нией
германиею	герма́ниею
германии	герма́нии
германию	герма́нию
германия	герма́ния
германов	ге́рманов
германом	ге́рманом
герману	ге́рману
германы	ге́рманы
гермес	герме́с
гермеса	герме́са
гермесе	герме́се
гермесом	герме́сом
гермесу	герме́су
геродот	геродо́т
геродота	геродо́та
геродоте	геродо́те
геродотом	геродо́том
геродоту	геродо́ту
герой	ге́рой
герою	ге́рою
геру	ге́ру
герцеговина	герцегови́на
герцеговине	герцегови́не
герцеговиной	герцегови́ной
герцеговиною	герцегови́ною
герцеговину	герцегови́ну
герцеговины	герцегови́ны
герцен	ге́рцен
герцена	ге́рцена
герценам	ге́рценам
герценами	ге́рценами
герценах	ге́рценах
герцене	ге́рцене
герценов	ге́рценов
герценом	ге́рценом
герцену	ге́рцену
герцены	ге́рцены
геры	ге́ры
гесиод	гесио́д
гесиода	гесио́да
гесиоде	гесио́де
гесиодом	гесио́дом
гесиоду	гесио́ду
гестией	ге́стией
гестиею	ге́стиею
гестии	ге́стии
гестий	ге́стий
гестию	ге́стию
гестия	ге́стия
гестиям	ге́стиям
гестиями	ге́стиями
гестиях	ге́стиях
гетеборг	гётеборг
гефест	гефе́ст
гефеста	гефе́ста
гефесте	гефе́сте
гефестом	гефе́стом
гефесту	гефе́сту
гехаркуник	гехаркуни́к
гехаркуника	гехаркуни́ка
гею	ге́ю
гея	ге́я
геям	ге́ям
геями	ге́ями
геях	ге́ях
гибралтар	гибралта́р
гибралтара	гибралта́ра
гибралтаре	гибралта́ре
гибралтаром	гибралта́ром
гибралтару	гибралта́ру
гиераконполе	гиерако́нполе
гиераконполем	гиерако́нполем
гиераконполь	гиерако́нполь
гиераконполю	гиерако́нполю
гиераконполя	гиерако́нполя
гильгамеш	гильгаме́ш
гильгамеша	гильгаме́ша
гильгамеше	гильгаме́ше
гильгамешем	гильгаме́шем
гильгамешу	гильгаме́шу
гималаев	гимала́ев
гималаи	гимала́и
гималаям	гимала́ям
гималаями	гимала́ями
гималаях	гимала́ях
гиперборее	гиперборе́е
гипербореей	гиперборе́ей
гипербореею	гиперборе́ею
гипербореи	гиперборе́и
гиперборею	гиперборе́ю
гиперборея	гиперборе́я
гипускоа	гипу́скоа
гиренко	гире́нко
гирин	гири́н
гирина	гири́на
гирине	гири́не
гирином	гири́ном
гирину	гири́ну
гиркин	ги́ркин
гиркина	ги́ркина
гиркине	ги́ркине
гиркиной	ги́ркиной
гиркиною	ги́ркиною
гиркину	ги́ркину
гиркины	ги́ркины
гиркиным	ги́ркиным
гиркиными	ги́ркиными
гиркиных	ги́ркиных
гитлер	ги́тлер
гитлера	ги́тлера
гитлерам	ги́тлерам
гитлерами	ги́тлерами
гитлерах	ги́тлерах
гитлере	ги́тлере
гитлеров	ги́тлеров
гитлером	ги́тлером
гитлеру	ги́тлеру
гитлеры	ги́тлеры
гифу	ги́фу
гишпания	гишпа́ния
глазго	гла́зго
глеба	гле́ба
глебам	гле́бам
глебами	гле́бами
глебах	гле́бах
глебе	гле́бе
глебов	гле́бов
глебом	гле́бом
глебу	гле́бу
глебы	гле́бы
гливице	гливи́це
гликерией	глике́рией
гликериею	глике́риею
гликерии	глике́рии
гликерий	глике́рий
гликерию	глике́рию
гликерия	глике́рия
гликериям	глике́риям
гликериями	глике́риями
гликериях	глике́риях
глинка	гли́нка
глинкам	гли́нкам
глинками	гли́нками
глинках	гли́нках
глинке	гли́нке
глинки	гли́нки
глинкой	гли́нкой
глинкою	гли́нкою
глинку	гли́нку
глинок	гли́нок
глонасс	глона́сс
глонасса	глона́сса
глонассе	глона́ссе
глонассом	глона́ссом
глонассу	глона́ссу
глузская	глу́зская
глузские	глу́зские
глузский	глу́зский
глузским	глу́зским
глузскими	глу́зскими
глузских	глу́зских
глузского	глу́зского
глузской	глу́зской
глузском	глу́зском
глузскому	глу́зскому
глузскою	глу́зскою
глузскую	глу́зскую
глуховская	глухо́вская
глуховские	глухо́вские
глуховский	глухо́вский
глуховским	глухо́вским
глуховскими	глухо́вскими
глуховских	глухо́вских
глуховского	глухо́вского
глуховской	глухо́вской
глуховском	глухо́вском
глуховскому	глухо́вскому
глуховскою	глухо́вскою
глуховскую	глухо́вскую
гоа	го́а
гоби	го́би
гогенцоллерн	гогенцо́ллерн
гогенцоллерна	гогенцо́ллерна
гогенцоллернам	гогенцо́ллернам
гогенцоллернами	гогенцо́ллернами
гогенцоллернах	гогенцо́ллернах
гогенцоллерне	гогенцо́ллерне
гогенцоллернов	гогенцо́ллернов
гогенцоллерном	гогенцо́ллерном
гогенцоллерну	гогенцо́ллерну
гогенцоллерны	гогенцо́ллерны
гоголе	го́голе
гоголем	го́голем
гоголь	го́голь
гоголю	го́голю
гоголя	го́голя
годвинсон	го́двинсон
годвинсона	го́двинсона
годвинсонам	го́двинсонам
годвинсонами	го́двинсонами
годвинсонах	го́двинсонах
годвинсоне	го́двинсоне
годвинсонов	го́двинсонов
годвинсоном	го́двинсоном
годвинсону	го́двинсону
годвинсоны	го́двинсоны
годунов	годуно́в
годунова	годуно́ва
годунове	годуно́ве
годуновой	годуно́вой
годуновою	годуно́вою
годунову	годуно́ву
годуновы	годуно́вы
годуновым	годуно́вым
годуновыми	годуно́выми
годуновых	годуно́вых
гозман	го́зман
гозмана	го́змана
гозманам	го́зманам
гозманами	го́зманами
гозманах	го́зманах
гозмане	го́змане
гозманов	го́зманов
гозманом	го́зманом
гозману	го́зману
гозманы	го́зманы
голд-кост	голд-ко́ст
голд-коста	голд-ко́ста
голд-косте	голд-ко́сте
голд-костом	голд-ко́стом
голд-косту	голд-ко́сту
голдсмит	го́лдсмит
голдсмита	го́лдсмита
голдсмитам	го́лдсмитам
голдсмитами	го́лдсмитами
голдсмитах	го́лдсмитах
голдсмите	го́лдсмите
голдсмитов	го́лдсмитов
голдсмитом	го́лдсмитом
голдсмиту	го́лдсмиту
голдсмиты	го́лдсмиты
голдшмидт	го́лдшмидт
голдшмидта	го́лдшмидта
голдшмидтам	го́лдшмидтам
голдшмидтами	го́лдшмидтами
голдшмидтах	го́лдшмидтах
голдшмидте	го́лдшмидте
голдшмидтов	го́лдшмидтов
голдшмидтом	го́лдшмидтом
голдшмидту	го́лдшмидту
голдшмидты	го́лдшмидты
голицын	голи́цын
голицына	голи́цына
голицыне	голи́цыне
голицыной	голи́цыной
голицыною	голи́цыною
голицыну	голи́цыну
голицыны	голи́цыны
голицыным	голи́цыным
голицыными	голи́цыными
голицыных	голи́цыных
голландией	голла́ндией
голландиею	голла́ндиею
голландии	голла́ндии
голландию	голла́ндию
голландия	голла́ндия
голливуд	голливу́д
голливуда	голливу́да
голливудам	голливу́дам
голливудами	голливу́дами
голливудах	голливу́дах
голливуде	голливу́де
голливудов	голливу́дов
голливудом	голливу́дом
голливуду	голливу́ду
голливуды	голливу́ды
голобородько	голоборо́дько
голованевск	голова́невск
голованевска	голова́невска
голованевске	голова́невске
голованевском	голова́невском
голованевску	голова́невску
голодомор	голодомо́р
голодомора	голодомо́ра
голодоморе	голодомо́ре
голодомором	голодомо́ром
голодомору	голодомо́ру
голышев	го́лышев
голышева	го́лышева
голышеве	го́лышеве
голышевом	го́лышевом
голышеву	го́лышеву
гольдштейн	гольдште́йн
гольдштейна	гольдште́йна
гольфстрим	гольфстри́м
гольфстрима	гольфстри́ма
гольфстриме	гольфстри́ме
гольфстримом	гольфстри́мом
гольфстриму	гольфстри́му
гольянова	голья́нова
гольянове	голья́нове
гольяново	голья́ново
гольяновом	голья́новом
гольянову	голья́нову
гомеле	го́меле
гомелем	го́мелем
гомель	го́мель
гомелю	го́мелю
гомеля	го́меля
гомер	гоме́р
гомера	гоме́ра
гомерам	гоме́рам
гомерами	гоме́рами
гомерах	гоме́рах
гомере	гоме́ре
гомеров	гоме́ров
гомером	гоме́ром
гомеру	гоме́ру
гомеры	гоме́ры
гомса	го́мса
гомсе	го́мсе
гомсом	го́мсом
гомсу	го́мсу
гондвана	гондва́на
гондване	гондва́не
гондваной	гондва́ной
гондваною	гондва́ною
гондвану	гондва́ну
гондваны	гондва́ны
гондурас	гондура́с
гондураса	гондура́са
гондурасе	гондура́се
гондурасом	гондура́сом
гондурасу	гондура́су
гонконг	гонко́нг
гонконга	гонко́нга
гонконге	гонко́нге
гонконгом	гонко́нгом
гонконгу	гонко́нгу
гонолулу	гонолу́лу
гончаренко	гончаре́нко
гончаров	гончаро́в
гончарова	гончаро́ва
гончарове	гончаро́ве
гончаровой	гончаро́вой
гончаровою	гончаро́вою
гончарову	гончаро́ву
гончаровы	гончаро́вы
гончаровым	гончаро́вым
гончаровыми	гончаро́выми
гончаровых	гончаро́вых
горбачев	горбачёв
горбачева	горбачёва
горбачеве	горбачёве
горбачевой	горбачёвой
горбачевою	горбачёвою
горбачеву	горбачёву
горбачевы	горбачёвы
горбачевым	горбачёвым
горбачевыми	горбачёвыми
горбачевых	горбачёвых
гордее	горде́е
гордеев	горде́ев
гордеева	горде́ева
гордееве	горде́еве
гордеевой	горде́евой
гордеевою	горде́евою
гордееву	горде́еву
гордеевы	горде́евы
гордеевым	горде́евым
гордеевыми	горде́евыми
гордеевых	горде́евых
гордеем	горде́ем
гордеи	горде́и
гордей	горде́й
гордею	горде́ю
гордея	горде́я
гордеям	горде́ям
гордеями	горде́ями
гордеях	горде́ях
горинов	го́ринов
горинова	го́ринова
горинове	го́ринове
гориновой	го́риновой
гориновою	го́риновою
горинову	го́ринову
гориновы	го́риновы
гориновым	го́риновым
гориновыми	го́риновыми
гориновых	го́риновых
горис	гори́с
гориса	гори́са
горисе	гори́се
горисом	гори́сом
горису	гори́су
горкам	го́ркам
горками	го́рками
горках	го́рках
горки	го́рки
горловка	го́рловка
горловке	го́рловке
горловки	го́рловки
горловкой	го́рловкой
горловкою	го́рловкою
горловку	го́рловку
горнозаводск	горнозаво́дск
горнозаводска	горнозаво́дска
горнозаводске	горнозаво́дске
горнозаводском	горнозаво́дском
горнозаводску	горнозаво́дску
горок	го́рок
горькая	го́рькая
горькие	го́рькие
горький	го́рький
горьким	го́рьким
горькими	го́рькими
горьких	го́рьких
горького	го́рького
горькой	го́рькой
горьком	го́рьком
горькому	го́рькому
горькою	го́рькою
горькую	го́рькую
госдума	госду́ма
госдуме	госду́ме
госдумой	госду́мой
госдумою	госду́мою
госдуму	госду́му
госдумы	госду́мы
госплан	госпла́н
госплана	госпла́на
госпланам	госпла́нам
госпланами	госпла́нами
госпланах	госпла́нах
госплане	госпла́не
госпланов	госпла́нов
госпланом	госпла́ном
госплану	госпла́ну
госпланы	госпла́ны
господа	го́спода
господе	го́споде
господи	го́споди
господом	го́сподом
господу	го́споду
господь	госпо́дь
гостомеле	госто́меле
гостомелем	госто́мелем
гостомель	госто́мель
гостомелю	госто́мелю
гостомеля	госто́меля
гоэлро	гоэлро́
грабская	гра́бская
грабские	гра́бские
грабский	гра́бский
грабским	гра́бским
грабскими	гра́бскими
грабских	гра́бских
грабского	гра́бского
грабской	гра́бской
грабском	гра́бском
грабскому	гра́бскому
грабскою	гра́бскою
грабскую	гра́бскую
градская	гра́дская
градские	гра́дские
градский	гра́дский
градским	гра́дским
градскими	гра́дскими
градских	гра́дских
градского	гра́дского
градской	гра́дской
градском	гра́дском
градскому	гра́дскому
градскою	гра́дскою
градскую	гра́дскую
гран-при	гран-при́
граса	гра́са
грасе	гра́се
грасом	гра́сом
грасу	гра́су
грачев	грачёв
грачева	грачёва
грачеве	грачёве
грачевой	грачёвой
грачевою	грачёвою
грачеву	грачёву
грачевы	грачёвы
грачевым	грачёвым
грачевыми	грачёвыми
грачевых	грачёвых
гребенщиков	гребенщико́в
гребенщикова	гребенщико́ва
гребенщикове	гребенщико́ве
гребенщиковой	гребенщико́вой
гребенщиковою	гребенщико́вою
гребенщикову	гребенщико́ву
гребенщиковы	гребенщико́вы
гребенщиковым	гребенщико́вым
гребенщиковыми	гребенщико́выми
гребенщиковых	гребенщико́вых
гренада	грена́да
гренаде	грена́де
гренадой	грена́дой
гренадою	грена́дою
гренаду	грена́ду
гренады	грена́ды
гренель	грене́ль
гренландией	гренла́ндией
гренландиею	гренла́ндиею
гренландии	гренла́ндии
гренландию	гренла́ндию
гренландия	гренла́ндия
грецией	гре́цией
грециею	гре́циею
греции	гре́ции
грецию	гре́цию
греция	гре́ция
грибов	гри́бов
грибова	гри́бова
грибове	гри́бове
грибовой	гри́бовой
грибовою	гри́бовою
грибову	гри́бову
грибовы	гри́бовы
грибовым	гри́бовым
грибовыми	гри́бовыми
грибовых	гри́бовых
грибоедов	грибое́дов
грибоедова	грибое́дова
грибоедове	грибое́дове
грибоедовой	грибое́довой
грибоедовою	грибое́довою
грибоедову	грибое́дову
грибоедовы	грибое́довы
грибоедовым	грибое́довым
грибоедовыми	грибое́довыми
грибоедовых	грибое́довых
григориев	григо́риев
григорием	григо́рием
григории	григо́рии
григорий	григо́рий
григорию	григо́рию
григория	григо́рия
григориям	григо́риям
григориями	григо́риями
григориях	григо́риях
гринвич	гри́нвич
гринвича	гри́нвича
гринвиче	гри́нвиче
гринвичем	гри́нвичем
гринвичу	гри́нвичу
гринько	гринько́
гриша	гри́ша
гришам	гри́шам
гришами	гри́шами
гришах	гри́шах
грише	гри́ше
гришей	гри́шей
гришенька	гри́шенька
гришею	гри́шею
гриши	гри́ши
гришка	гри́шка
гришу	гри́шу
гродна	гро́дна
гродне	гро́дне
гродно	гро́дно
гродном	гро́дном
гродну	гро́дну
грозев	гро́зев
грозева	гро́зева
грозеве	гро́зеве
грозевой	гро́зевой
грозевою	гро́зевою
грозеву	гро́зеву
грозевы	гро́зевы
грозевым	гро́зевым
грозевыми	гро́зевыми
грозевых	гро́зевых
грозного	гро́зного
грозном	гро́зном
грозному	гро́зному
грозный	гро́зный
грозным	гро́зным
громов	гро́мов
громова	гро́мова
громове	гро́мове
громовой	гро́мовой
громовою	гро́мовою
громову	гро́мову
громовы	гро́мовы
громовым	гро́мовым
громовыми	гро́мовыми
громовых	гро́мовых
громоклеи	громо́клеи
громоклея	громо́клея
громыко	громы́ко
гронинген	гро́нинген
гронингена	гро́нингена
гронингене	гро́нингене
гронингеном	гро́нингеном
гронингену	гро́нингену
грудинин	груди́нин
грудинина	груди́нина
грудинине	груди́нине
грудининой	груди́ниной
грудининою	груди́ниною
грудинину	груди́нину
грудинины	груди́нины
грудининым	груди́ниным
грудиниными	груди́ниными
грудининых	груди́ниных
грузией	гру́зией
грузиею	гру́зиею
грузии	гру́зии
грузию	гру́зию
грузия	гру́зия
груша	гру́ша
грушам	гру́шам
грушами	гру́шами
грушах	гру́шах
груше	гру́ше
грушей	гру́шей
грушенек	гру́шенек
грушенька	гру́шенька
грушенькам	гру́шенькам
грушеньками	гру́шеньками
грушеньках	гру́шеньках
грушеньке	гру́шеньке
грушеньки	гру́шеньки
грушенькой	гру́шенькой
грушенькою	гру́шенькою
грушеньку	гру́шеньку
грушею	гру́шею
груши	гру́ши
грушу	гру́шу
гуам	гуа́м
гуама	гуа́ма
гуаме	гуа́ме
гуамом	гуа́мом
гуаму	гуа́му
гуандун	гуанду́н
гуандуна	гуанду́на
гуандуне	гуанду́не
гуандуном	гуанду́ном
гуандуну	гуанду́ну
гуанси	гуанси́
гуанчжоу	гуанчжо́у
губерман	губерма́н
губермана	губерма́на
губерманам	губерма́нам
губерманами	губерма́нами
губерманах	губерма́нах
губермане	губерма́не
губерманов	губерма́нов
губерманом	губерма́ном
губерману	губерма́ну
губерманы	губерма́ны
гувер	гу́вер
гувера	гу́вера
гуверам	гу́верам
гуверами	гу́верами
гуверах	гу́верах
гувере	гу́вере
гуверов	гу́веров
гувером	гу́вером
гуверу	гу́веру
гуверы	гу́веры
гугла	гу́гла
гуглам	гу́глам
гуглами	гу́глами
гуглах	гу́глах
гугле	гу́гле
гуглов	гу́глов
гуглом	гу́глом
гуглу	гу́глу
гуглы	гу́глы
гудермес	гудерме́с
гудермеса	гудерме́са
гудермесе	гудерме́се
гудермесом	гудерме́сом
гудермесу	гудерме́су
гуджарат	гуджара́т
гуджарата	гуджара́та
гуджерат	гуджера́т
гуджерата	гуджера́та
гудков	гудко́в
гудкова	гудко́ва
гудкове	гудко́ве
гудковой	гудко́вой
гудковою	гудко́вою
гудкову	гудко́ву
гудковы	гудко́вы
гудковым	гудко́вым
гудковыми	гудко́выми
гудковых	гудко́вых
гуйчжоу	гуйчжо́у
гуляйполе	гуляйпо́ле
гуляйполем	гуляйпо́лем
гуляйполю	гуляйпо́лю
гуляйполя	гуляйпо́ля
гуменюк	гуменю́к
гуменюка	гуменюка́
гуменюкам	гуменюка́м
гуменюками	гуменюка́ми
гуменюках	гуменюка́х
гуменюке	гуменюке́
гуменюки	гуменюки́
гуменюков	гуменюко́в
гуменюком	гуменюко́м
гуменюку	гуменюку́
гумма	гу́мма
гумме	гу́мме
гуммой	гу́ммой
гуммою	гу́ммою
гумму	гу́мму
гуммы	гу́ммы
гундяев	гундя́ев
гундяева	гундя́ева
гундяеве	гундя́еве
гундяевой	гундя́евой
гундяевою	гундя́евою
гундяеву	гундя́еву
гундяевы	гундя́евы
гундяевым	гундя́евым
гундяевыми	гундя́евыми
гундяевых	гундя́евых
гуревич	гуре́вич
гуревича	гуре́вича
гуревичам	гуре́вичам
гуревичами	гуре́вичами
гуревичах	гуре́вичах
гуревиче	гуре́виче
гуревичей	гуре́вичей
гуревичем	гуре́вичем
гуревичи	гуре́вичи
гуревичу	гуре́вичу
гуриев	гури́ев
гуриева	гури́ева
гуриеве	гури́еве
гуриевой	гури́евой
гуриевою	гури́евою
гуриеву	гури́еву
гуриевы	гури́евы
гуриевым	гури́евым
гуриевыми	гури́евыми
гуриевых	гури́евых
гурченко	гу́рченко
гусев	гу́сев
гусева	гу́сева
гусеве	гу́севе
гусевой	гу́севой
гусевою	гу́севою
гусеву	гу́севу
гусевы	гу́севы
гусевым	гу́севым
гусевыми	гу́севыми
гусевых	гу́севых
гусиноозерск	гусиноозёрск
гусиноозерска	гусиноозёрска
гусиноозерске	гусиноозёрске
гусиноозерском	гусиноозёрском
гусиноозерску	гусиноозёрску
гэмлин	гэ́млин
гэмлина	гэ́млина
гэмлинам	гэ́млинам
гэмлинами	гэ́млинами
гэмлинах	гэ́млинах
гэмлине	гэ́млине
гэмлинов	гэ́млинов
гэмлином	гэ́млином
гэмлину	гэ́млину
гэмлины	гэ́млины
гэндальф	гэ́ндальф
гэндальфа	гэ́ндальфа
гэндальфе	гэ́ндальфе
гэндальфом	гэ́ндальфом
гэндальфу	гэ́ндальфу
гюмри	гюмри́
давид	дави́д
давида	дави́да
давидам	дави́дам
давидами	дави́дами
давидах	дави́дах
давиде	дави́де
давидов	дави́дов
давидом	дави́дом
давиду	дави́ду
давиды	дави́ды
дагестан	дагеста́н
дагестана	дагеста́на
дагестане	дагеста́не
дагестаном	дагеста́ном
дагестану	дагеста́ну
дадин	да́дин
дадина	да́дина
дадине	да́дине
дадиной	да́диной
дадиною	да́диною
дадину	да́дину
дадины	да́дины
дадиным	да́диным
дадиными	да́диными
дадиных	да́диных
дажбог	дажбо́г
дажьбог	дажьбо́г
дажьбога	дажьбо́га
дажьбогам	дажьбо́гам
дажьбогами	дажьбо́гами
дажьбогах	дажьбо́гах
дажьбоге	дажьбо́ге
дажьбоги	дажьбо́ги
дажьбогов	дажьбо́гов
дажьбогом	дажьбо́гом
дажьбогу	дажьбо́гу
дакар	дака́р
дакара	дака́ра
дакаре	дака́ре
дакаром	дака́ром
дакару	дака́ру
дакка	да́кка
дакке	да́кке
дакки	да́кки
даккой	да́ккой
даккою	да́ккою
дакку	да́кку
дакуан	дакуа́н
дакуана	дакуа́на
дакуанам	дакуа́нам
дакуанами	дакуа́нами
дакуанах	дакуа́нах
дакуане	дакуа́не
дакуанов	дакуа́нов
дакуаном	дакуа́ном
дакуану	дакуа́ну
дакуаны	дакуа́ны
далайнор	далайно́р
далайнора	далайно́ра
далайноре	далайно́ре
далайнором	далайно́ром
далайнору	далайно́ру
даллас	да́ллас
далласа	да́лласа
далласе	да́лласе
далласом	да́лласом
далласу	да́лласу
далматова	далма́това
далматове	далма́тове
далматово	далма́тово
далматовом	далма́товом
далматову	далма́тову
далмацией	далма́цией
далмациею	далма́циею
далмации	далма́ции
далмацию	далма́цию
далмация	далма́ция
даляне	даля́не
далянем	даля́нем
далянь	даля́нь
даляню	даля́ню
даляня	даля́ня
дамаск	дама́ск
дамаска	дама́ска
дамаске	дама́ске
дамаском	дама́ском
дамаску	дама́ску
дамиан	дамиа́н
дамиана	дамиа́на
дамианам	дамиа́нам
дамианами	дамиа́нами
дамианах	дамиа́нах
дамиане	дамиа́не
дамианов	дамиа́нов
дамианом	дамиа́ном
дамиану	дамиа́ну
дамианы	дамиа́ны
данелаг	данела́г
данелага	данела́га
данелагам	данела́гам
данелагами	данела́гами
данелагах	данела́гах
данелаге	данела́ге
данелаги	данела́ги
данелагов	данела́гов
данелагом	данела́гом
данелагу	данела́гу
данией	да́нией
даниею	да́ниею
дании	да́нии
даниил	дании́л
даниила	дании́ла
даниилам	дании́лам
даниилами	дании́лами
даниилах	дании́лах
данииле	дании́ле
даниилов	дании́лов
даниилом	дании́лом
даниилу	дании́лу
даниилы	дании́лы
данил	дани́л
данила	дани́ла
данилам	дани́лам
данилами	дани́лами
данилах	дани́лах
даниле	дани́ле
данилов	дани́лов
данилой	дани́лой
данилом	дани́лом
данилою	дани́лою
данилу	дани́лу
данилы	дани́лы
данию	да́нию
дания	да́ния
данциг	да́нциг
данцига	да́нцига
данцигам	да́нцигам
данцигами	да́нцигами
данцигах	да́нцигах
данциге	да́нциге
данциги	да́нциги
данцигов	да́нцигов
данцигом	да́нцигом
данцигу	да́нцигу
дар-эс-салам	дар-эс-сала́м
дар-эс-салама	дар-эс-сала́ма
дар-эс-саламам	дар-эс-сала́мам
дар-эс-саламами	дар-эс-сала́мами
дар-эс-саламах	дар-эс-сала́мах
дар-эс-саламе	дар-эс-сала́ме
дар-эс-саламов	дар-эс-сала́мов
дар-эс-саламом	дар-эс-сала́мом
дар-эс-саламу	дар-эс-сала́му
дар-эс-саламы	дар-эс-сала́мы
дарвин	да́рвин
дарвина	да́рвина
дарвине	да́рвине
дарвинов	да́рвинов
дарвином	да́рвином
дарвину	да́рвину
дарвины	да́рвины
дарданелл	дардане́лл
дарданеллам	дардане́ллам
дарданеллами	дардане́ллами
дарданеллах	дардане́ллах
дарданеллы	дардане́ллы
дарий	да́рий
дармоедово	дармое́дово
дарье	да́рье
дарьей	да́рьей
дарьею	да́рьею
дарьи	да́рьи
дарью	да́рью
дарья	да́рья
дарьям	да́рьям
дарьями	да́рьями
дарьях	да́рьях
дастакерт	дастаке́рт
дастакерта	дастаке́рта
дастакерте	дастаке́рте
дастакертом	дастаке́ртом
дастакерту	дастаке́рту
дате	да́те
даугавпилс	да́угавпилс
даугавпилса	да́угавпилса
даугавпилсе	да́угавпилсе
даугавпилсом	да́угавпилсом
даугавпилсу	да́угавпилсу
даун	да́ун
дауна	да́уна
даунбасс	даунба́сс
даунбасса	даунба́сса
даунбассе	даунба́ссе
даунбассом	даунба́ссом
даунбассу	даунба́ссу
дауне	да́уне
дауном	да́уном
дауну	да́уну
даша	да́ша
дашам	да́шам
дашами	да́шами
дашах	да́шах
даше	да́ше
дашей	да́шей
дашенек	да́шенек
дашенька	да́шенька
дашенькам	да́шенькам
дашеньками	да́шеньками
дашеньках	да́шеньках
дашеньке	да́шеньке
дашеньки	да́шеньки
дашенькой	да́шенькой
дашенькою	да́шенькою
дашеньку	да́шеньку
дашею	да́шею
даши	да́ши
дашка	да́шка
дашу	да́шу
двина	двина́
двинам	двина́м
двинами	двина́ми
двинах	двина́х
двине	двине́
двиной	двино́й
двиною	двино́ю
двину	двину́
двины	двины́
дворжак	дво́ржак
дворжака	дво́ржака
дворжакам	дво́ржакам
дворжаками	дво́ржаками
дворжаках	дво́ржаках
дворжаке	дво́ржаке
дворжаки	дво́ржаки
дворжаков	дво́ржаков
дворжаком	дво́ржаком
дворжаку	дво́ржаку
де-мойн	де-мо́йн
де-мойна	де-мо́йна
де-мойне	де-мо́йне
де-мойном	де-мо́йном
де-мойну	де-мо́йну
де-севр	дё-се́вр
де-севра	дё-се́вра
де-севре	дё-се́вре
де-севром	дё-се́вром
де-севру	дё-се́вру
дебрецен	де́брецен
дебрецена	де́брецена
дебрецене	де́брецене
дебреценом	де́бреценом
дебрецену	де́брецену
дебса	де́бса
дебсам	де́бсам
дебсами	де́бсами
дебсах	де́бсах
дебсе	де́бсе
дебсов	де́бсов
дебсом	де́бсом
дебсу	де́бсу
дебсы	де́бсы
дева	де́ва
деве	де́ве
девиер	девие́р
девиера	девие́ра
девой	де́вой
девон	де́вон
девона	де́вона
девоне	де́воне
девоном	де́воном
девону	де́вону
девою	де́вою
деву	де́ву
девы	де́вы
дегтярев	дегтярёв
дегтярева	дегтярёва
дегтяреве	дегтярёве
дегтяревой	дегтярёвой
дегтяревою	дегтярёвою
дегтяреву	дегтярёву
дегтяревы	дегтярёвы
дегтяревым	дегтярёвым
дегтяревыми	дегтярёвыми
дегтяревых	дегтярёвых
дежнев	дежнёв
дежнева	дежнёва
дежневе	дежнёве
дежневой	дежнёвой
дежневою	дежнёвою
дежневу	дежнёву
дежневы	дежнёвы
дежневым	дежнёвым
дежневыми	дежнёвыми
дежневых	дежнёвых
дезире	дезире́
дейвидсон	де́йвидсон
дейвидсона	де́йвидсона
дейвидсонам	де́йвидсонам
дейвидсонами	де́йвидсонами
дейвидсонах	де́йвидсонах
дейвидсоне	де́йвидсоне
дейвидсонов	де́йвидсонов
дейвидсоном	де́йвидсоном
дейвидсону	де́йвидсону
дейвидсоны	де́йвидсоны
дели	де́ли
дементьев	деме́нтьев
дементьева	деме́нтьева
дементьеве	деме́нтьеве
дементьевой	деме́нтьевой
дементьевою	деме́нтьевою
дементьеву	деме́нтьеву
дементьевы	деме́нтьевы
дементьевым	деме́нтьевым
дементьевыми	деме́нтьевыми
дементьевых	деме́нтьевых
деметр	деме́тр
деметра	деме́тра
деметрам	деме́трам
деметрами	деме́трами
деметрах	деме́трах
деметре	деме́тре
деметрой	деме́трой
деметрою	деме́трою
деметру	деме́тру
деметры	деме́тры
демиург	демиу́рг
демиурга	демиу́рга
демиурге	демиу́рге
демиургом	демиу́ргом
демиургу	демиу́ргу
демокрит	демокри́т
демокрита	демокри́та
демокрите	демокри́те
демокритом	демокри́том
демокриту	демокри́ту
демушкин	дёмушкин
демушкина	дёмушкина
демушкине	дёмушкине
демушкиной	дёмушкиной
демушкиною	дёмушкиною
демушкину	дёмушкину
демушкины	дёмушкины
демушкиным	дёмушкиным
демушкиными	дёмушкиными
демушкиных	дёмушкиных
демьян	демья́н
демьяна	демья́на
демьянам	демья́нам
демьянами	демья́нами
демьянах	демья́нах
демьяне	демья́не
демьянов	демья́нов
демьяном	демья́ном
демьяну	демья́ну
демьяны	демья́ны
денвер	де́нвер
денвера	де́нвера
денвере	де́нвере
денвером	де́нвером
денверу	де́нверу
деникин	дени́кин
деникина	дени́кина
деникине	дени́кине
деникиной	дени́киной
деникиною	дени́киною
деникину	дени́кину
деникины	дени́кины
деникиным	дени́киным
деникиными	дени́киными
деникиных	дени́киных
денис	дени́с
дениса	дени́са
денисам	дени́сам
денисами	дени́сами
денисах	дени́сах
денисе	дени́се
денисов	дени́сов
денисова	дени́сова
денисове	дени́сове
денисовой	дени́совой
денисовою	дени́совою
денисову	дени́сову
денисовы	дени́совы
денисовым	дени́совым
денисовыми	дени́совыми
денисовых	дени́совых
денисом	дени́сом
денису	дени́су
денисы	дени́сы
дербенд	дербе́нд
дербенда	дербе́нда
дербент	дербе́нт
дербента	дербе́нта
дербенте	дербе́нте
дербентом	дербе́нтом
дербенту	дербе́нту
дерипаска	дерипа́ска
дерипаскам	дерипа́скам
дерипасками	дерипа́сками
дерипасках	дерипа́сках
дерипаске	дерипа́ске
дерипаски	дерипа́ски
дерипаской	дерипа́ской
дерипаскою	дерипа́скою
дерипаску	дерипа́ску
дерипасок	дерипа́сок
детройт	детро́йт
детройта	детро́йта
детройте	детро́йте
детройтом	детро́йтом
детройту	детро́йту
джаган	джага́н
джагана	джага́на
джаганам	джага́нам
джаганами	джага́нами
джаганах	джага́нах
джагане	джага́не
джаганов	джага́нов
джаганом	джага́ном
джагану	джага́ну
джаганы	джага́ны
джакарта	джака́рта
джакарте	джака́рте
джакартой	джака́ртой
джакартою	джака́ртою
джакарту	джака́рту
джакарты	джака́рты
джалиле	джали́ле
джалилей	джали́лей
джалилем	джали́лем
джалили	джали́ли
джалиль	джали́ль
джалилю	джали́лю
джалиля	джали́ля
джалилям	джали́лям
джалилями	джали́лями
джалилях	джали́лях
джаспер	джа́спер
джаспера	джа́спера
джасперам	джа́сперам
джасперами	джа́сперами
джасперах	джа́сперах
джаспере	джа́спере
джасперов	джа́сперов
джаспером	джа́спером
джасперу	джа́сперу
джасперы	джа́сперы
джебедае	джебеда́е
джебедаей	джебеда́ей
джебедаею	джебеда́ею
джебедаи	джебеда́и
джебедай	джебеда́й
джебедаю	джебеда́ю
джебедая	джебеда́я
джебедаям	джебеда́ям
джебедаями	джебеда́ями
джебедаях	джебеда́ях
джедедай	джедеда́й
джедедайе	джедеда́йе
джедедайей	джедеда́йей
джедедайею	джедеда́йею
джедедайи	джедеда́йи
джедедайю	джедеда́йю
джедедайя	джедеда́йя
джедедайям	джедеда́йям
джедедайями	джедеда́йями
джедедайях	джедеда́йях
джека	дже́ка
джекам	дже́кам
джеками	дже́ками
джеках	дже́ках
джеке	дже́ке
джеки	дже́ки
джеков	дже́ков
джеком	дже́ком
джеку	дже́ку
джемма	дже́мма
джеммам	дже́ммам
джеммами	дже́ммами
джеммах	дже́ммах
джемме	дже́мме
джеммой	дже́ммой
джеммою	дже́ммою
джемму	дже́мму
джеммы	дже́ммы
дженни	дже́нни
джеральд	дже́ральд
джеральда	дже́ральда
джеральдам	дже́ральдам
джеральдами	дже́ральдами
джеральдах	дже́ральдах
джеральде	дже́ральде
джеральдов	дже́ральдов
джеральдом	дже́ральдом
джеральду	дже́ральду
джеральды	дже́ральды
джермук	джерму́к
джермука	джерму́ка
джермуке	джерму́ке
джермуком	джерму́ком
джермуку	джерму́ку
джефферис	дже́фферис
джеффериса	дже́ффериса
джефферисам	дже́фферисам
джефферисами	дже́фферисами
джефферисах	дже́фферисах
джефферисе	дже́фферисе
джефферисов	дже́фферисов
джефферисом	дже́фферисом
джефферису	дже́фферису
джефферисы	дже́фферисы
джефферсон	дже́фферсон
джефферсона	дже́фферсона
джефферсонам	дже́фферсонам
джефферсонами	дже́фферсонами
джефферсонах	дже́фферсонах
джефферсоне	дже́фферсоне
джефферсонов	дже́фферсонов
джефферсоном	дже́фферсоном
джефферсону	дже́фферсону
джефферсоны	дже́фферсоны
джеффри	дже́ффри
джеффрис	дже́ффрис
джеффриса	дже́ффриса
джеффрисам	дже́ффрисам
джеффрисами	дже́ффрисами
джеффрисах	дже́ффрисах
джеффрисе	дже́ффрисе
джеффрисов	дже́ффрисов
джеффрисом	дже́ффрисом
джеффрису	дже́ффрису
джеффрисы	дже́ффрисы
джибути	джибу́ти
джигарханян	джигарханя́н
джигарханяна	джигарханя́на
джигарханянам	джигарханя́нам
джигарханянами	джигарханя́нами
джигарханянах	джигарханя́нах
джигарханяне	джигарханя́не
джигарханянов	джигарханя́нов
джигарханяном	джигарханя́ном
джигарханяну	джигарханя́ну
джигарханяны	джигарханя́ны
джимми	джи́мми
джомолунгма	джомолу́нгма
джомолунгме	джомолу́нгме
джомолунгмой	джомолу́нгмой
джомолунгмою	джомолу́нгмою
джомолунгму	джомолу́нгму
джомолунгмы	джомолу́нгмы
джона	джо́на
джонам	джо́нам
джонами	джо́нами
джонах	джо́нах
джоне	джо́не
джонов	джо́нов
джоном	джо́ном
джонса	джо́нса
джонсам	джо́нсам
джонсами	джо́нсами
джонсах	джо́нсах
джонсе	джо́нсе
джонсов	джо́нсов
джонсом	джо́нсом
джонсон	джо́нсон
джонсона	джо́нсона
джонсонам	джо́нсонам
джонсонами	джо́нсонами
джонсонах	джо́нсонах
джонсоне	джо́нсоне
джонсонов	джо́нсонов
джонсоном	джо́нсоном
джонсону	джо́нсону
джонсоны	джо́нсоны
джонсу	джо́нсу
джонсы	джо́нсы
джону	джо́ну
джоны	джо́ны
джорджа	джо́рджа
джорджам	джо́рджам
джорджами	джо́рджами
джорджах	джо́рджах
джордже	джо́рдже
джорджей	джо́рджей
джорджем	джо́рджем
джорджи	джо́рджи
джорджией	джо́рджией
джорджиею	джо́рджиею
джорджии	джо́рджии
джорджию	джо́рджию
джорджия	джо́рджия
джорджу	джо́рджу
джуба	джу́ба
джубе	джу́бе
джубой	джу́бой
джубою	джу́бою
джубу	джу́бу
джубы	джу́бы
джугашвили	джугашви́ли
джугджур	джугджу́р
джугджура	джугджу́ра
джугджуре	джугджу́ре
джугджуром	джугджу́ром
джугджуру	джугджу́ру
джульетта	джулье́тта
джульетте	джулье́тте
джульеттой	джулье́ттой
джульеттою	джулье́ттою
джульетту	джулье́тту
джульетты	джулье́тты
джумна	джу́мна
джунгарией	джунга́рией
джунгариею	джунга́риею
джунгарии	джунга́рии
джунгарию	джунга́рию
джунгария	джунга́рия
джэксон	джэ́ксон
джэксона	джэ́ксона
джэксоне	джэ́ксоне
джэксоном	джэ́ксоном
джэксону	джэ́ксону
дзауджикау	дзауджика́у
дзержинская	дзержи́нская
дзержинские	дзержи́нские
дзержинский	дзержи́нский
дзержинским	дзержи́нским
дзержинскими	дзержи́нскими
дзержинских	дзержи́нских
дзержинского	дзержи́нского
дзержинской	дзержи́нской
дзержинском	дзержи́нском
дзержинскому	дзержи́нскому
дзержинскою	дзержи́нскою
дзержинскую	дзержи́нскую
дзядко	дзядко́
диан	диа́н
диана	диа́на
дианам	диа́нам
дианами	диа́нами
дианах	диа́нах
диане	диа́не
дианой	диа́ной
дианочек	диа́ночек
дианочка	диа́ночка
дианочкам	диа́ночкам
дианочками	диа́ночками
дианочках	диа́ночках
дианочке	диа́ночке
дианочки	диа́ночки
дианочкой	диа́ночкой
дианочкою	диа́ночкою
дианочку	диа́ночку
дианою	диа́ною
диану	диа́ну
дианы	диа́ны
дидона	дидо́на
дидоне	дидо́не
дидоной	дидо́ной
дидоною	дидо́ною
дидону	дидо́ну
дидоны	дидо́ны
дижон	дижо́н
дижона	дижо́на
дижоне	дижо́не
дижоном	дижо́ном
дижону	дижо́ну
диканька	дика́нька
диканьке	дика́ньке
диканьки	дика́ньки
диканькой	дика́нькой
диканькою	дика́нькою
диканьку	дика́ньку
диккенс	ди́ккенс
диккенса	ди́ккенса
диккенсам	ди́ккенсам
диккенсами	ди́ккенсами
диккенсах	ди́ккенсах
диккенсе	ди́ккенсе
диккенсов	ди́ккенсов
диккенсом	ди́ккенсом
диккенсу	ди́ккенсу
диккенсы	ди́ккенсы
дикон	ди́кон
дикона	ди́кона
диконам	ди́конам
диконами	ди́конами
диконах	ди́конах
диконе	ди́коне
диконов	ди́конов
диконом	ди́коном
дикону	ди́кону
диконы	ди́коны
дили	ди́ли
дилижан	дилижа́н
дилижана	дилижа́на
дилижане	дилижа́не
дилижаном	дилижа́ном
дилижану	дилижа́ну
дима	ди́ма
димам	ди́мам
димами	ди́мами
димах	ди́мах
диме	ди́ме
димин	ди́мин
димина	ди́мина
димине	ди́мине
диминой	ди́миной
диминою	ди́миною
димину	ди́мину
димины	ди́мины
диминым	ди́миным
димиными	ди́миными
диминых	ди́миных
димитриу	димитри́у
димой	ди́мой
димон	димо́н
димона	димо́на
димонам	димо́нам
димонами	димо́нами
димонах	димо́нах
димоне	димо́не
димонов	димо́нов
димоном	димо́ном
димону	димо́ну
димоны	димо́ны
димопулос	димо́пулос
димопулоса	димо́пулоса
димопулосам	димо́пулосам
димопулосами	димо́пулосами
димопулосах	димо́пулосах
димопулосе	димо́пулосе
димопулосов	димо́пулосов
димопулосом	димо́пулосом
димопулосу	димо́пулосу
димопулосы	димо́пулосы
димою	ди́мою
диму	ди́му
димы	ди́мы
дина	ди́на
динам	ди́нам
динами	ди́нами
динах	ди́нах
дине	ди́не
диной	ди́ной
диною	ди́ною
дину	ди́ну
дины	ди́ны
диодор	диодо́р
диодора	диодо́ра
диодоре	диодо́ре
диодором	диодо́ром
диодору	диодо́ру
диона	дио́на
дионе	дио́не
дионой	дио́ной
дионою	дио́ною
диону	дио́ну
дионы	дио́ны
дицген	ди́цген
дицгена	ди́цгена
дицгенам	ди́цгенам
дицгенами	ди́цгенами
дицгенах	ди́цгенах
дицгене	ди́цгене
дицгенов	ди́цгенов
дицгеном	ди́цгеном
дицгену	ди́цгену
дицгены	ди́цгены
дмитриев	дми́триев
дмитриева	дми́триева
дмитриеве	дми́триеве
дмитриевой	дми́триевой
дмитриевою	дми́триевою
дмитриеву	дми́триеву
дмитриевы	дми́триевы
дмитриевым	дми́триевым
дмитриевыми	дми́триевыми
дмитриевых	дми́триевых
дмитрием	дми́трием
дмитрии	дми́трии
дмитрий	дми́трий
дмитрию	дми́трию
дмитрия	дми́трия
дмитриям	дми́триям
дмитриями	дми́триями
дмитриях	дми́триях
дмитров	дми́тров
дмитрова	дми́трова
дмитрове	дми́трове
дмитровом	дми́тровом
дмитрову	дми́трову
днепра	днепра́
днепре	днепре́
днепродзержинск	днепродзержи́нск
днепродзержинска	днепродзержи́нска
днепродзержинске	днепродзержи́нске
днепродзержинском	днепродзержи́нском
днепродзержинску	днепродзержи́нску
днепром	днепро́м
днепропетровск	днепропетро́вск
днепропетровска	днепропетро́вска
днепропетровске	днепропетро́вске
днепропетровском	днепропетро́вском
днепропетровску	днепропетро́вску
днепропетровщина	днепропетро́вщина
днепропетровщине	днепропетро́вщине
днепропетровщиной	днепропетро́вщиной
днепропетровщиною	днепропетро́вщиною
днепропетровщину	днепропетро́вщину
днепропетровщины	днепропетро́вщины
днепру	днепру́
днестра	днестра́
днестре	днестре́
днестром	днестро́м
днестру	днестру́
доббса	до́ббса
доббсам	до́ббсам
доббсами	до́ббсами
доббсах	до́ббсах
доббсе	до́ббсе
доббсов	до́ббсов
доббсом	до́ббсом
доббсу	до́ббсу
доббсы	до́ббсы
добронравов	добронра́вов
добронравова	добронра́вова
добронравове	добронра́вове
добронравовой	добронра́вовой
добронравовою	добронра́вовою
добронравову	добронра́вову
добронравовы	добронра́вовы
добронравовым	добронра́вовым
добронравовыми	добронра́вовыми
добронравовых	добронра́вовых
доброхотов	доброхо́тов
доброхотова	доброхо́това
доброхотове	доброхо́тове
доброхотовой	доброхо́товой
доброхотовою	доброхо́товою
доброхотову	доброхо́тову
доброхотовы	доброхо́товы
доброхотовым	доброхо́товым
доброхотовыми	доброхо́товыми
доброхотовых	доброхо́товых
довер	до́вер
довера	до́вера
довере	до́вере
довером	до́вером
доверу	до́веру
довлатов	довла́тов
довлатова	довла́това
довлатове	довла́тове
довлатовой	довла́товой
довлатовою	довла́товою
довлатову	довла́тову
довлатовы	довла́товы
довлатовым	довла́товым
довлатовыми	довла́товыми
довлатовых	довла́товых
додома	додо́ма
додоме	додо́ме
додомой	додо́мой
додомою	додо́мою
додому	додо́му
додомы	додо́мы
додонова	додо́нова
додонове	додо́нове
додоново	додо́ново
додоновом	додо́новом
додонову	додо́нову
долбодедово	долбоде́дово
долгих	долги́х
должанск	должа́нск
должанска	должа́нска
должанске	должа́нске
должанском	должа́нском
должанску	должа́нску
домбабве	домба́бве
доминика	домини́ка
доминике	домини́ке
доминики	домини́ки
доминикой	домини́кой
доминикою	домини́кою
доминику	домини́ку
домодедова	домоде́дова
домодедове	домоде́дове
домодедово	домоде́дово
домодедовом	домоде́довом
домодедову	домоде́дову
дона	до́на
дональд	до́нальд
дональда	до́нальда
дональдам	до́нальдам
дональдами	до́нальдами
дональдах	до́нальдах
дональде	до́нальде
дональдов	до́нальдов
дональдом	до́нальдом
дональдсон	до́нальдсон
дональдсона	до́нальдсона
дональдсонам	до́нальдсонам
дональдсонами	до́нальдсонами
дональдсонах	до́нальдсонах
дональдсоне	до́нальдсоне
дональдсонов	до́нальдсонов
дональдсоном	до́нальдсоном
дональдсону	до́нальдсону
дональдсоны	до́нальдсоны
дональду	до́нальду
дональды	до́нальды
донбабве	донба́бве
донбасс	донба́сс
донбасса	донба́сса
донбассе	донба́ссе
донбассом	донба́ссом
донбассу	донба́ссу
доне	до́не
донетчина	доне́тчина
донетчине	доне́тчине
донетчиной	доне́тчиной
донетчиною	доне́тчиною
донетчину	доне́тчину
донетчины	доне́тчины
донец	доне́ц
донецк	доне́цк
донецка	доне́цка
донецке	доне́цке
донецком	доне́цком
донецку	доне́цку
доном	до́ном
донца	донца́
донце	донце́
донцом	донцо́м
донцу	донцу́
дордрехт	до́рдрехт
дордрехта	до́рдрехта
дордрехте	до́рдрехте
дордрехтом	до́рдрехтом
дордрехту	до́рдрехту
дорофее	дорофе́е
дорофеев	дорофе́ев
дорофеем	дорофе́ем
дорофеи	дорофе́и
дорофей	дорофе́й
дорофею	дорофе́ю
дорофея	дорофе́я
дорофеям	дорофе́ям
дорофеями	дорофе́ями
дорофеях	дорофе́ях
дортмунд	до́ртмунд
дортмунда	до́ртмунда
дортмундам	до́ртмундам
дортмундами	до́ртмундами
дортмундах	до́ртмундах
дортмунде	до́ртмунде
дортмундов	до́ртмундов
дортмундом	до́ртмундом
дортмунду	до́ртмунду
дортмунды	до́ртмунды
досааф	досаа́ф
достоевская	достое́вская
достоевские	достое́вские
достоевский	достое́вский
достоевским	достое́вским
достоевскими	достое́вскими
достоевских	достое́вских
достоевского	достое́вского
достоевской	достое́вской
достоевском	достое́вском
достоевскому	достое́вскому
достоевскою	достое́вскою
достоевскую	достое́вскую
дофине	дофине́
доха	до́ха
дохе	до́хе
дохи	до́хи
дохой	до́хой
дохою	до́хою
доху	до́ху
драва	дра́ва
драве	дра́ве
дравой	дра́вой
дравою	дра́вою
драву	дра́ву
дравы	дра́вы
дренте	дре́нте
дрина	дри́на
дрине	дри́не
дриной	дри́ной
дриною	дри́ною
дрину	дри́ну
дрины	дри́ны
дрогобыч	дрого́быч
дрогобыча	дрого́быча
дрогобыче	дрого́быче
дрогобычем	дрого́бычем
дрогобычу	дрого́бычу
дроздов	дроздо́в
дроздова	дроздо́ва
дроздове	дроздо́ве
дроздовой	дроздо́вой
дроздовою	дроздо́вою
дроздову	дроздо́ву
дроздовы	дроздо́вы
дроздовым	дроздо́вым
дроздовыми	дроздо́выми
дроздовых	дроздо́вых
дубае	дуба́е
дубаем	дуба́ем
дубай	дуба́й
дубаю	дуба́ю
дубая	дуба́я
дубинская	дуби́нская
дубинские	дуби́нские
дубинский	дуби́нский
дубинским	дуби́нским
дубинскими	дуби́нскими
дубинских	дуби́нских
дубинского	дуби́нского
дубинской	дуби́нской
дубинском	дуби́нском
дубинскому	дуби́нскому
дубинскою	дуби́нскою
дубинскую	дуби́нскую
дублин	ду́блин
дублина	ду́блина
дублине	ду́блине
дублином	ду́блином
дублину	ду́блину
дубно	ду́бно
дубной	дубно́й
дубном	ду́бном
дубною	дубно́ю
дубны	дубны́
дубровник	дубро́вник
дубровника	дубро́вника
дубровнике	дубро́внике
дубровником	дубро́вником
дубровнику	дубро́внику
дубровская	дубро́вская
дубровские	дубро́вские
дубровский	дубро́вский
дубровским	дубро́вским
дубровскими	дубро́вскими
дубровских	дубро́вских
дубровского	дубро́вского
дубровской	дубро́вской
дубровском	дубро́вском
дубровскому	дубро́вскому
дубровскою	дубро́вскою
дубровскую	дубро́вскую
дувра	ду́вра
дувре	ду́вре
дувром	ду́вром
дувру	ду́вру
дугин	ду́гин
дугина	ду́гина
дугине	ду́гине
дугиной	ду́гиной
дугиною	ду́гиною
дугину	ду́гину
дугины	ду́гины
дугиным	ду́гиным
дугиными	ду́гиными
дугиных	ду́гиных
дудаев	дуда́ев
дудаева	дуда́ева
дудаеве	дуда́еве
дудаевой	дуда́евой
дудаевою	дуда́евою
дудаеву	дуда́еву
дудаевы	дуда́евы
дудаевым	дуда́евым
дудаевыми	дуда́евыми
дудаевых	дуда́евых
дуде	дуде́
дудей	дуде́й
дудем	дудём
дуди	дуди́
дудю	дудю́
дудя	дудя́
дудям	дудя́м
дудями	дудя́ми
дудях	дудя́х
дунае	дуна́е
дунаем	дуна́ем
дунай	дуна́й
дунаю	дуна́ю
дуная	дуна́я
дунцов	дунцо́в
дунцова	дунцо́ва
дунцове	дунцо́ве
дунцовой	дунцо́вой
дунцовою	дунцо́вою
дунцову	дунцо́ву
дунцовы	дунцо́вы
дунцовым	дунцо́вым
дунцовыми	дунцо́выми
дунцовых	дунцо́вых
дурбан	ду́рбан
дурбана	ду́рбана
дурбане	ду́рбане
дурбаном	ду́рбаном
дурбану	ду́рбану
дуров	ду́ров
дурова	ду́рова
дурове	ду́рове
дуровой	ду́ровой
дуровою	ду́ровою
дурову	ду́рову
дуровы	ду́ровы
дуровым	ду́ровым
дуровыми	ду́ровыми
дуровых	ду́ровых
душанбе	душанбе́
дьявол	дья́вол
дьявола	дья́вола
дьяволам	дья́волам
дьяволами	дья́волами
дьяволах	дья́волах
дьяволе	дья́воле
дьяволов	дья́волов
дьяволом	дья́волом
дьяволу	дья́волу
дьяволы	дья́волы
дьяконов	дья́конов
дьяконова	дья́конова
дьяконове	дья́конове
дьяконовой	дья́коновой
дьяконовою	дья́коновою
дьяконову	дья́конову
дьяконовы	дья́коновы
дьяконовым	дья́коновым
дьяконовыми	дья́коновыми
дьяконовых	дья́коновых
дьяченко	дьяче́нко
дэвид	дэ́вид
дэвида	дэ́вида
дэвидам	дэ́видам
дэвидами	дэ́видами
дэвидах	дэ́видах
дэвиде	дэ́виде
дэвидов	дэ́видов
дэвидом	дэ́видом
дэвидсон	дэ́видсон
дэвидсона	дэ́видсона
дэвидсонам	дэ́видсонам
дэвидсонами	дэ́видсонами
дэвидсонах	дэ́видсонах
дэвидсоне	дэ́видсоне
дэвидсонов	дэ́видсонов
дэвидсоном	дэ́видсоном
дэвидсону	дэ́видсону
дэвидсоны	дэ́видсоны
дэвиду	дэ́виду
дэвиды	дэ́виды
дэвисон	дэ́висон
дэвисона	дэ́висона
дэвисонам	дэ́висонам
дэвисонами	дэ́висонами
дэвисонах	дэ́висонах
дэвисоне	дэ́висоне
дэвисонов	дэ́висонов
дэвисоном	дэ́висоном
дэвисону	дэ́висону
дэвисоны	дэ́висоны
дюймовочек	дюймо́вочек
дюймовочка	дюймо́вочка
дюймовочкам	дюймо́вочкам
дюймовочками	дюймо́вочками
дюймовочках	дюймо́вочках
дюймовочке	дюймо́вочке
дюймовочки	дюймо́вочки
дюймовочкой	дюймо́вочкой
дюймовочкою	дюймо́вочкою
дюймовочку	дюймо́вочку
дюссельдорф	дю́ссельдорф
дюссельдорфа	дю́ссельдорфа
дюссельдорфам	дю́ссельдорфам
дюссельдорфами	дю́ссельдорфами
дюссельдорфах	дю́ссельдорфах
дюссельдорфе	дю́ссельдорфе
дюссельдорфов	дю́ссельдорфов
дюссельдорфом	дю́ссельдорфом
дюссельдорфу	дю́ссельдорфу
дюссельдорфы	дю́ссельдорфы
дячка	дячка́
дячкам	дячка́м
дячками	дячка́ми
дячках	дячка́х
дячке	дячке́
дячки	дячки́
дячков	дячко́в
дячком	дячко́м
дячку	дячку́
дячок	дячо́к
е	ё
еао	еао́
ебларуси	еблару́си
ебларусь	еблару́сь
ебларусью	еблару́сью
ебург	ёбург
ебурга	ёбурга
ебурге	ёбурге
ебургом	ёбургом
ебургу	ёбургу
ева	е́ва
евам	е́вам
евами	е́вами
евах	е́вах
евгениев	евге́ниев
евгенией	евге́нией
евгением	евге́нием
евгениею	евге́ниею
евгении	евге́нии
евгений	евге́ний
евгению	евге́нию
евгения	евге́ния
евгениям	евге́ниям
евгениями	евге́ниями
евгениях	евге́ниях
евдокией	евдоки́ей
евдокиею	евдоки́ею
евдокии	евдоки́и
евдокий	евдоки́й
евдоким	евдоки́м
евдокима	евдоки́ма
евдокимам	евдоки́мам
евдокимами	евдоки́мами
евдокимах	евдоки́мах
евдокиме	евдоки́ме
евдокимов	евдоки́мов
евдокимова	евдоки́мова
евдокимове	евдоки́мове
евдокимовой	евдоки́мовой
евдокимовою	евдоки́мовою
евдокимову	евдоки́мову
евдокимовы	евдоки́мовы
евдокимовым	евдоки́мовым
евдокимовыми	евдоки́мовыми
евдокимовых	евдоки́мовых
евдокимом	евдоки́мом
евдокиму	евдоки́му
евдокимы	евдоки́мы
евдокию	евдоки́ю
евдокия	евдоки́я
евдокиям	евдоки́ям
евдокиями	евдоки́ями
евдокиях	евдоки́ях
еве	е́ве
евой	е́вой
евою	е́вою
евпаторией	евпато́рией
евпаториею	евпато́риею
евпатории	евпато́рии
евпаторию	евпато́рию
евпатория	евпато́рия
евразией	евра́зией
евразиею	евра́зиею
евразии	евра́зии
евразию	евра́зию
евразия	евра́зия
еврипид	еврипи́д
еврипида	еврипи́да
евровидение	еврови́дение
евровидением	еврови́дением
евровидении	еврови́дении
евровидению	еврови́дению
евровидения	еврови́дения
евромайдан	евромайда́н
евромайдана	евромайда́на
евромайдане	евромайда́не
евромайданом	евромайда́ном
евромайдану	евромайда́ну
европа	евро́па
европе	евро́пе
европка	евро́пка
европой	евро́пой
европою	евро́пою
европу	евро́пу
европы	евро́пы
евросоюз	евросою́з
евросоюза	евросою́за
евросоюзе	евросою́зе
евросоюзом	евросою́зом
евросоюзу	евросою́зу
евсее	евсе́е
евсеев	евсе́ев
евсеем	евсе́ем
евсеи	евсе́и
евсей	евсе́й
евсею	евсе́ю
евсея	евсе́я
евсеям	евсе́ям
евсеями	евсе́ями
евсеях	евсе́ях
евстигнеев	евстигне́ев
евстигнеева	евстигне́ева
евстигнееве	евстигне́еве
евстигнеевой	евстигне́евой
евстигнеевою	евстигне́евою
евстигнееву	евстигне́еву
евстигнеевы	евстигне́евы
евстигнеевым	евстигне́евым
евстигнеевыми	евстигне́евыми
евстигнеевых	евстигне́евых
еву	е́ву
евфрат	евфра́т
евфрата	евфра́та
евфрате	евфра́те
евфратом	евфра́том
евфрату	евфра́ту
евы	е́вы
егвард	егва́рд
егварда	егва́рда
егварде	егва́рде
егвардом	егва́рдом
егварду	егва́рду
египет	еги́пет
египета	еги́пета
египетам	еги́петам
египетами	еги́петами
египетах	еги́петах
египете	еги́пете
египетов	еги́петов
египетом	еги́петом
египету	еги́пету
египеты	еги́петы
египта	еги́пта
египтам	еги́птам
египтами	еги́птами
египтах	еги́птах
египте	еги́пте
египтов	еги́птов
египтом	еги́птом
египту	еги́пту
египты	еги́пты
егор	его́р
егора	его́ра
егорам	его́рам
егорами	его́рами
егорах	его́рах
егоре	его́ре
егоров	его́ров
егорова	его́рова
егорове	его́рове
егоровой	его́ровой
егоровою	его́ровою
егорову	его́рову
егоровы	его́ровы
егоровым	его́ровым
егоровыми	его́ровыми
егоровых	его́ровых
егором	его́ром
егору	его́ру
егоры	его́ры
егэ	егэ́
ежов	ежо́в
ежова	ежо́ва
ежове	ежо́ве
ежовой	ежо́вой
ежовою	ежо́вою
ежову	ежо́ву
ежовы	ежо́вы
ежовым	ежо́вым
ежовыми	ежо́выми
ежовых	ежо́вых
езус	е́зус
езусь	е́зусь
езуч	е́зуч
езуча	е́зуча
езуче	е́зуче
езучем	е́зучем
езучу	е́зучу
езучь	е́зучь
ейска	е́йска
ейске	е́йске
ейском	е́йском
ейску	е́йску
екат	ека́т
екатерин	екатери́н
екатерина	екатери́на
екатеринам	екатери́нам
екатеринами	екатери́нами
екатеринах	екатери́нах
екатеринбург	екатеринбу́рг
екатеринбурга	екатеринбу́рга
екатеринбурге	екатеринбу́рге
екатеринбургом	екатеринбу́ргом
екатеринбургу	екатеринбу́ргу
екатерине	екатери́не
екатериной	екатери́ной
екатеринослав	екатериносла́в
екатеринослава	екатериносла́ва
екатеринославе	екатериносла́ве
екатеринославом	екатериносла́вом
екатеринославу	екатериносла́ву
екатериною	екатери́ною
екатерину	екатери́ну
екатерины	екатери́ны
елбасы	елбасы́
елбиздико	елбиздико́
елен	еле́н
елена	еле́на
еленам	еле́нам
еленами	еле́нами
еленах	еле́нах
елене	еле́не
еленинка	еле́нинка
еленинке	еле́нинке
еленинки	еле́нинки
еленинкой	еле́нинкой
еленинкою	еле́нинкою
еленинку	еле́нинку
еленовка	еле́новка
еленовке	еле́новке
еленовки	еле́новки
еленовкой	еле́новкой
еленовкою	еле́новкою
еленовку	еле́новку
еленой	еле́ной
еленою	еле́ною
еленская	еле́нская
еленские	еле́нские
еленский	еле́нский
еленским	еле́нским
еленскими	еле́нскими
еленских	еле́нских
еленского	еле́нского
еленской	еле́нской
еленском	еле́нском
еленскому	еле́нскому
еленскою	еле́нскою
еленскую	еле́нскую
елену	еле́ну
елены	еле́ны
елизавет	елизаве́т
елизавета	елизаве́та
елизаветам	елизаве́там
елизаветами	елизаве́тами
елизаветах	елизаве́тах
елизавете	елизаве́те
елизаветой	елизаве́той
елизаветою	елизаве́тою
елизавету	елизаве́ту
елизаветы	елизаве́ты
елисее	елисе́е
елисеев	елисе́ев
елисеем	елисе́ем
елисеи	елисе́и
елисей	елисе́й
елисею	елисе́ю
елисея	елисе́я
елисеям	елисе́ям
елисеями	елисе́ями
елисеях	елисе́ях
елиссей	елиссе́й
елкин	ёлкин
елкина	ёлкина
елкине	ёлкине
елкиной	ёлкиной
елкиною	ёлкиною
елкину	ёлкину
елкины	ёлкины
елкиным	ёлкиным
елкиными	ёлкиными
елкиных	ёлкиных
ельцин	е́льцин
ельцина	е́льцина
ельцине	е́льцине
ельциной	е́льциной
ельциною	е́льциною
ельцину	е́льцину
ельцины	е́льцины
ельциным	е́льциным
ельциными	е́льциными
ельциных	е́льциных
енакиева	ена́киева
енакиеве	ена́киеве
енакиево	ена́киево
енакиевом	ена́киевом
енакиеву	ена́киеву
енилин	ени́лин
енилина	ени́лина
енилине	ени́лине
енилиной	ени́линой
енилиною	ени́линою
енилину	ени́лину
енилины	ени́лины
енилиным	ени́линым
енилиными	ени́лиными
енилиных	ени́линых
енисее	енисе́е
енисеем	енисе́ем
енисей	енисе́й
енисею	енисе́ю
енисея	енисе́я
ербогачен	ербогачён
ербогачена	ербогачёна
ербогачене	ербогачёне
ербогаченом	ербогачёном
ербогачену	ербогачёну
ереван	ерева́н
еревана	ерева́на
ереване	ерева́не
ереваном	ерева́ном
еревану	ерева́ну
ермак	ерма́к
ермолае	ермола́е
ермолаев	ермола́ев
ермолаем	ермола́ем
ермолаи	ермола́и
ермолай	ермола́й
ермолаю	ермола́ю
ермолая	ермола́я
ермолаям	ермола́ям
ермолаями	ермола́ями
ермолаях	ермола́ях
ерофеев	ерофе́ев
ерофеева	ерофе́ева
ерофееве	ерофе́еве
ерофеевой	ерофе́евой
ерофеевою	ерофе́евою
ерофееву	ерофе́еву
ерофеевы	ерофе́евы
ерофеевым	ерофе́евым
ерофеевыми	ерофе́евыми
ерофеевых	ерофе́евых
ершалаим	ершалаи́м
ершалаима	ершалаи́ма
ершалаиме	ершалаи́ме
ершалаимом	ершалаи́мом
ершалаиму	ершалаи́му
есенин	есе́нин
есенина	есе́нина
есенине	есе́нине
есениной	есе́ниной
есениною	есе́ниною
есенину	есе́нину
есенины	есе́нины
есениным	есе́ниным
есениными	есе́ниными
есениных	есе́ниных
есида	ёсида
ессентукам	ессентука́м
ессентуками	ессентука́ми
ессентуках	ессентука́х
ессентуки	ессентуки́
ессентуков	ессентуко́в
есфири	есфи́ри
есфирь	есфи́рь
есфирью	есфи́рью
ефан	е́фан
ефана	е́фана
ефане	е́фане
ефанов	е́фанов
ефаном	е́фаном
ефану	е́фану
ефаны	е́фаны
ефенгар	ефенга́р
ефенгарь	ефенга́рь
ефим	ефи́м
ефима	ефи́ма
ефимам	ефи́мам
ефимами	ефи́мами
ефимах	ефи́мах
ефиме	ефи́ме
ефимов	ефи́мов
ефимом	ефи́мом
ефиму	ефи́му
ефимы	ефи́мы
ефингар	ефинга́р
ефингара	ефинга́ра
ефингаре	ефинга́ре
ефингаром	ефинга́ром
ефингару	ефинга́ру
ефингарь	ефинга́рь
ефиньгар	ефиньга́р
ефремов	ефре́мов
ефремова	ефре́мова
ефремове	ефре́мове
ефремовой	ефре́мовой
ефремовою	ефре́мовою
ефремову	ефре́мову
ефремовы	ефре́мовы
ефремовым	ефре́мовым
ефремовыми	ефре́мовыми
ефремовых	ефре́мовых
ехегнадзор	ехегнадзо́р
ехегнадзора	ехегнадзо́ра
ехегнадзоре	ехегнадзо́ре
ехегнадзором	ехегнадзо́ром
ехегнадзору	ехегнадзо́ру
жавель	жаве́ль
жанна	жа́нна
жаннам	жа́ннам
жаннами	жа́ннами
жаннах	жа́ннах
жанне	жа́нне
жанной	жа́нной
жанною	жа́нною
жанну	жа́нну
жанны	жа́нны
жаров	жа́ров
жарова	жа́рова
жарове	жа́рове
жаровой	жа́ровой
жаровою	жа́ровою
жарову	жа́рову
жаровы	жа́ровы
жаровым	жа́ровым
жаровыми	жа́ровыми
жаровых	жа́ровых
жванецкая	жване́цкая
жванецкие	жване́цкие
жванецкий	жване́цкий
жванецким	жване́цким
жванецкими	жване́цкими
жванецких	жване́цких
жванецкого	жване́цкого
жванецкой	жване́цкой
жванецком	жване́цком
жванецкому	жване́цкому
жванецкою	жване́цкою
жванецкую	жване́цкую
жданов	жда́нов
жданова	жда́нова
жданове	жда́нове
ждановой	жда́новой
ждановою	жда́новою
жданову	жда́нову
ждановы	жда́новы
ждановым	жда́новым
ждановыми	жда́новыми
ждановых	жда́новых
железногорск	железного́рск
железногорска	железного́рска
железногорске	железного́рске
железногорском	железного́рском
железногорску	железного́рску
желтороссией	желторо́ссией
желтороссиею	желторо́ссиею
желтороссии	желторо́ссии
желтороссий	желторо́ссий
желтороссию	желторо́ссию
желтороссия	желторо́ссия
желтороссиям	желторо́ссиям
желтороссиями	желторо́ссиями
желтороссиях	желторо́ссиях
жене	же́не
женева	жене́ва
женеве	жене́ве
женевой	жене́вой
женевою	жене́вою
женеву	жене́ву
женевы	жене́вы
женей	же́ней
женек	женёк
женечка	же́нечка
женею	же́нею
жени	же́ни
женька	же́нька
женю	же́ню
женя	же́ня
женям	же́ням
женями	же́нями
женях	же́нях
жертвенник	же́ртвенник
жертвенника	же́ртвенника
жертвенникам	же́ртвенникам
жертвенниками	же́ртвенниками
жертвенниках	же́ртвенниках
жертвеннике	же́ртвеннике
жертвенники	же́ртвенники
жертвенников	же́ртвенников
жертвенником	же́ртвенником
жертвеннику	же́ртвеннику
жешув	же́шув
жешува	же́шува
жешуве	же́шуве
жешувом	же́шувом
жешуву	же́шуву
жженов	жжёнов
жженова	жжёнова
жженове	жжёнове
жженовой	жжёновой
жженовою	жжёновою
жженову	жжёнову
жженовы	жжёновы
жженовым	жжёновым
жженовыми	жжёновыми
жженовых	жжёновых
жигулев	жигулёв
жигулева	жигулёва
жигулеве	жигулёве
жигулевой	жигулёвой
жигулевою	жигулёвою
жигулеву	жигулёву
жигулевы	жигулёвы
жигулевым	жигулёвым
жигулевыми	жигулёвыми
жигулевых	жигулёвых
жигулей	жигуле́й
жигули	жигули́
жигулям	жигуля́м
жигулями	жигуля́ми
жигулях	жигуля́х
жидостан	жидоста́н
жидостана	жидоста́на
жидостанам	жидоста́нам
жидостанами	жидоста́нами
жидостанах	жидоста́нах
жидостане	жидоста́не
жидостанов	жидоста́нов
жидостаном	жидоста́ном
жидостану	жидоста́ну
жидостаны	жидоста́ны
жиздра	жи́здра
жиздре	жи́здре
жиздрой	жи́здрой
жиздрою	жи́здрою
жиздру	жи́здру
жиздры	жи́здры
жираф	жира́ф
жирафа	жира́фа
жирафе	жира́фе
жирафом	жира́фом
жирафу	жира́фу
жириновская	жирино́вская
жириновские	жирино́вские
жириновский	жирино́вский
жириновским	жирино́вским
жириновскими	жирино́вскими
жириновских	жирино́вских
жириновского	жирино́вского
жириновской	жирино́вской
жириновском	жирино́вском
жириновскому	жирино́вскому
жириновскою	жирино́вскою
жириновскую	жирино́вскую
жирнов	жирно́в
жирнова	жирно́ва
жирнове	жирно́ве
жирновой	жирно́вой
жирновою	жирно́вою
жирнову	жирно́ву
жирновы	жирно́вы
жирновым	жирно́вым
жирновыми	жирно́выми
жирновых	жирно́вых
жиронда	жиро́нда
жиронде	жиро́нде
жирондой	жиро́ндой
жирондою	жиро́ндою
жиронду	жиро́нду
жиронды	жиро́нды
житомир	жито́мир
житомира	жито́мира
житомире	жито́мире
житомиром	жито́миром
житомиру	жито́миру
житомирщина	жито́мирщина
житомирщине	жито́мирщине
житомирщиной	жито́мирщиной
житомирщиною	жито́мирщиною
житомирщину	жито́мирщину
житомирщины	жито́мирщины
жмеринка	жме́ринка
жмеринке	жме́ринке
жмеринки	жме́ринки
жмеринкой	жме́ринкой
жмеринкою	жме́ринкою
жмеринку	жме́ринку
жожа	жо́жа
жоже	жо́же
жожей	жо́жей
жожею	жо́жею
жожи	жо́жи
жожу	жо́жу
жозефин	жозефи́н
жозефина	жозефи́на
жозефинам	жозефи́нам
жозефинами	жозефи́нами
жозефинах	жозефи́нах
жозефине	жозефи́не
жозефиной	жозефи́ной
жозефиною	жозефи́ною
жозефину	жозефи́ну
жозефины	жозефи́ны
жора	жо́ра
жорам	жо́рам
жорами	жо́рами
жорах	жо́рах
жоре	жо́ре
жорой	жо́рой
жорою	жо́рою
жору	жо́ру
жоры	жо́ры
жуков	жу́ков
жукова	жу́кова
жукове	жу́кове
жуковой	жу́ковой
жуковом	жу́ковом
жуковою	жу́ковою
жуковская	жуко́вская
жуковские	жуко́вские
жуковский	жуко́вский
жуковским	жуко́вским
жуковскими	жуко́вскими
жуковских	жуко́вских
жуковского	жуко́вского
жуковской	жуко́вской
жуковском	жуко́вском
жуковскому	жуко́вскому
жуковскою	жуко́вскою
жуковскую	жуко́вскую
жукову	жу́кову
жуковы	жу́ковы
жуковым	жу́ковым
жуковыми	жу́ковыми
жуковых	жу́ковых
журавлев	журавлёв
журавлева	журавлёва
журавлеве	журавлёве
журавлевой	журавлёвой
журавлевою	журавлёвою
журавлеву	журавлёву
журавлевы	журавлёвы
журавлевым	журавлёвым
журавлевыми	журавлёвыми
журавлевых	журавлёвых
забайкалье	забайка́лье
забайкальем	забайка́льем
забайкалью	забайка́лью
забайкалья	забайка́лья
заволжье	заво́лжье
заволжьем	заво́лжьем
заволжью	заво́лжью
заволжья	заво́лжья
заволокин	заволо́кин
заволокина	заволо́кина
заволокине	заволо́кине
заволокину	заволо́кину
заволокины	заволо́кины
заволокиным	заволо́киным
заволокиными	заволо́киными
заволокиных	заволо́киных
загир	заги́р
загира	заги́ра
загирам	заги́рам
загирами	заги́рами
загирах	заги́рах
загире	заги́ре
загиров	заги́ров
загиром	заги́ром
загиру	заги́ру
загиры	заги́ры
загреб	за́греб
загреба	за́греба
загребе	за́гребе
загребом	за́гребом
загребу	за́гребу
заельцовский	заельцо́вский
заельцовским	заельцо́вским
заельцовского	заельцо́вского
заельцовском	заельцо́вском
заельцовскому	заельцо́вскому
зажопинск	зажо́пинск
зажопинска	зажо́пинска
зажопинске	зажо́пинске
зажопинском	зажо́пинском
зажопинску	зажо́пинску
заир	заи́р
заира	заи́ра
заире	заи́ре
заиром	заи́ром
заиру	заи́ру
закавказье	закавка́зье
закавказьем	закавка́зьем
закавказью	закавка́зью
закавказья	закавка́зья
закарпатье	закарпа́тье
закарпатьем	закарпа́тьем
закарпатью	закарпа́тью
закарпатья	закарпа́тья
залесье	зале́сье
залесьем	зале́сьем
залесью	зале́сью
залесья	зале́сья
зализняк	зализня́к
зализняка	зализняка́
зализнякам	зализняка́м
зализняками	зализняка́ми
зализняках	зализняка́х
зализняке	зализняке́
зализняки	зализняки́
зализняков	зализняко́в
зализняком	зализняко́м
зализняку	зализняку́
залужная	залу́жная
залужного	залу́жного
залужной	залу́жной
залужном	залу́жном
залужному	залу́жному
залужною	залу́жною
залужную	залу́жную
залужные	залу́жные
залужный	залу́жный
залужным	залу́жным
залужными	залу́жными
залужных	залу́жных
замбией	за́мбией
замбиею	за́мбиею
замбии	за́мбии
замбию	за́мбию
замбия	за́мбия
замиле	зами́ле
замилей	зами́лей
замилею	зами́лею
замили	зами́ли
замиль	зами́ль
замилю	зами́лю
замиля	зами́ля
замилям	зами́лям
замилями	зами́лями
замилях	зами́лях
замятин	замя́тин
замятина	замя́тина
замятине	замя́тине
замятиной	замя́тиной
замятиною	замя́тиною
замятину	замя́тину
замятины	замя́тины
замятиным	замя́тиным
замятиными	замя́тиными
замятиных	замя́тиных
запад	за́пад
запада	за́пада
западам	за́падам
западами	за́падами
западах	за́падах
западе	за́паде
западов	за́падов
западом	за́падом
западу	за́паду
запады	за́пады
заполярье	заполя́рье
заполярьем	заполя́рьем
заполярью	заполя́рью
заполярья	заполя́рья
запорожье	запоро́жье
запорожьем	запоро́жьем
запорожью	запоро́жью
запорожья	запоро́жья
заратустра	зарату́стра
заратустре	зарату́стре
заратустрой	зарату́строй
заратустрою	зарату́строю
заратустру	зарату́стру
заратустры	зарату́стры
заратуштра	зарату́штра
заратуштре	зарату́штре
заратуштрой	зарату́штрой
заратуштрою	зарату́штрою
заратуштру	зарату́штру
заратуштры	зарату́штры
зарем	заре́м
зарема	заре́ма
заремам	заре́мам
заремами	заре́мами
заремах	заре́мах
зареме	заре́ме
заремой	заре́мой
заремою	заре́мою
зарему	заре́му
заремы	заре́мы
зарин	зари́н
зарубин	зару́бин
зарубина	зару́бина
зарубине	зару́бине
зарубиной	зару́биной
зарубиною	зару́биною
зарубину	зару́бину
зарубины	зару́бины
зарубиным	зару́биным
зарубиными	зару́биными
зарубиных	зару́биных
захар	заха́р
захара	заха́ра
захарам	заха́рам
захарами	заха́рами
захарах	заха́рах
захаре	заха́ре
захаренко	заха́ренко
захаров	заха́ров
захарова	заха́рова
захарове	заха́рове
захаровой	заха́ровой
захаровою	заха́ровою
захарову	заха́рову
захаровы	заха́ровы
захаровым	заха́ровым
захаровыми	заха́ровыми
захаровых	заха́ровых
захаром	заха́ром
захару	заха́ру
захары	заха́ры
захра	захра́
захрам	захра́м
захрами	захра́ми
захрах	захра́х
захре	захре́
захрой	захро́й
захрою	захро́ю
захру	захру́
захры	захры́
заярская	зая́рская
заярские	зая́рские
заярский	зая́рский
заярским	зая́рским
заярскими	зая́рскими
заярских	зая́рских
заярского	зая́рского
заярской	зая́рской
заярском	зая́рском
заярскому	зая́рскому
заярскою	зая́рскою
заярскую	зая́рскую
звенигородка	звенигоро́дка
звенигородке	звенигоро́дке
звенигородки	звенигоро́дки
звенигородкой	звенигоро́дкой
звенигородкою	звенигоро́дкою
звенигородку	звенигоро́дку
зволле	зво́лле
звонарев	звонарёв
звонарева	звонарёва
звонареве	звонарёве
звонаревой	звонарёвой
звонаревою	звонарёвою
звонареву	звонарёву
звонаревы	звонарёвы
звонаревым	звонарёвым
звонаревыми	звонарёвыми
звонаревых	звонарёвых
звягеле	звя́геле
звягелем	звя́гелем
звягель	звя́гель
звягелю	звя́гелю
звягеля	звя́геля
звягинцев	звя́гинцев
звягинцева	звя́гинцева
звягинцеве	звя́гинцеве
звягинцевой	звя́гинцевой
звягинцевою	звя́гинцевою
звягинцеву	звя́гинцеву
звягинцевы	звя́гинцевы
звягинцевым	звя́гинцевым
звягинцевыми	звя́гинцевыми
звягинцевых	звя́гинцевых
зевес	зеве́с
зевса	зе́вса
зевсам	зе́всам
зевсами	зе́всами
зевсах	зе́всах
зевсе	зе́все
зевсов	зе́всов
зевсом	зе́всом
зевсу	зе́всу
зевсы	зе́всы
зеландией	зела́ндией
зеландиею	зела́ндиею
зеландии	зела́ндии
зеландию	зела́ндию
зеландия	зела́ндия
зеле	зе́ле
зелей	зе́лей
зелена-гура	зелёна-гу́ра
зелена-гуре	зелёна-гу́ре
зелена-гурой	зелёна-гу́рой
зелена-гурою	зелёна-гу́рою
зелена-гуру	зелёна-гу́ру
зелена-гуры	зелёна-гу́ры
зеленоград	зеленогра́д
зеленограда	зеленогра́да
зеленограде	зеленогра́де
зеленоградом	зеленогра́дом
зеленограду	зеленогра́ду
зеленская	зеле́нская
зеленские	зеле́нские
зеленский	зеле́нский
зеленским	зеле́нским
зеленскими	зеле́нскими
зеленских	зеле́нских
зеленского	зеле́нского
зеленской	зеле́нской
зеленском	зеле́нском
зеленскому	зеле́нскому
зеленскою	зеле́нскою
зеленскую	зеле́нскую
зелею	зе́лею
зели	зе́ли
зелю	зе́лю
зеля	зе́ля
зелям	зе́лям
зелями	зе́лями
зелях	зе́лях
земель	земе́ль
земле	земле́
землей	землёй
землею	землёю
землю	зе́млю
земля	земля́
землям	зе́млям
землями	зе́млями
землях	зе́млях
землячка	земля́чка
землячке	земля́чке
землячки	земля́чки
землячкой	земля́чкой
землячкою	земля́чкою
землячку	земля́чку
земфир	земфи́р
земфира	земфи́ра
земфирам	земфи́рам
земфирами	земфи́рами
земфирах	земфи́рах
земфире	земфи́ре
земфирой	земфи́рой
земфирою	земфи́рою
земфиру	земфи́ру
земфиры	земфи́ры
зенон	зено́н
зенона	зено́на
зеноне	зено́не
зеноном	зено́ном
зенону	зено́ну
зимбабве	зимба́бве
зина	зи́на
зинаид	зинаи́д
зинаида	зинаи́да
зинаидам	зинаи́дам
зинаидами	зинаи́дами
зинаидах	зинаи́дах
зинаиде	зинаи́де
зинаидой	зинаи́дой
зинаидою	зинаи́дою
зинаиду	зинаи́ду
зинаиды	зинаи́ды
зинам	зи́нам
зинами	зи́нами
зинах	зи́нах
зине	зи́не
зинка	зи́нка
зиновиев	зино́виев
зиновием	зино́вием
зиновии	зино́вии
зиновий	зино́вий
зиновию	зино́вию
зиновия	зино́вия
зиновиям	зино́виям
зиновиями	зино́виями
зиновиях	зино́виях
зиновьев	зино́вьев
зиновьева	зино́вьева
зиновьеве	зино́вьеве
зиновьевой	зино́вьевой
зиновьевою	зино́вьевою
зиновьеву	зино́вьеву
зиновьевы	зино́вьевы
зиновьевым	зино́вьевым
зиновьевыми	зино́вьевыми
зиновьевых	зино́вьевых
зиной	зи́ной
зинок	зино́к
зиночек	зино́чек
зиночка	зи́ночка
зиною	зи́ною
зину	зи́ну
зины	зи́ны
зое	зо́е
зоей	зо́ей
зоею	зо́ею
зои	зо́и
золотов	зо́лотов
золотова	зо́лотова
золотове	зо́лотове
золотовой	зо́лотовой
золотовою	зо́лотовою
золотову	зо́лотову
золотовы	зо́лотовы
золотовым	зо́лотовым
золотовыми	зо́лотовыми
золотовых	зо́лотовых
золотоноша	золотоно́ша
золотоноше	золотоно́ше
золотоношей	золотоно́шей
золотоношею	золотоно́шею
золотоноши	золотоно́ши
золотоношу	золотоно́шу
золотухин	золоту́хин
золотухина	золоту́хина
золотухине	золоту́хине
золотухиной	золоту́хиной
золотухиною	золоту́хиною
золотухину	золоту́хину
золотухины	золоту́хины
золотухиным	золоту́хиным
золотухиными	золоту́хиными
золотухиных	золоту́хиных
золочев	зо́лочев
золочева	зо́лочева
золочеве	зо́лочеве
золочевом	зо́лочевом
золочеву	зо́лочеву
золушек	зо́лушек
золушка	зо́лушка
золушкам	зо́лушкам
золушками	зо́лушками
золушках	зо́лушках
золушке	зо́лушке
золушки	зо́лушки
золушкой	зо́лушкой
золушкою	зо́лушкою
золушку	зо́лушку
зороастр	зороа́стр
зороастра	зороа́стра
зороастре	зороа́стре
зороастром	зороа́стром
зороастру	зороа́стру
зосе	зо́се
зосей	зо́сей
зосею	зо́сею
зоси	зо́си
зосю	зо́сю
зося	зо́ся
зосям	зо́сям
зосями	зо́сями
зосях	зо́сях
зою	зо́ю
зоя	зо́я
зоям	зо́ям
зоями	зо́ями
зоях	зо́ях
зубаревич	зубаре́вич
зубаревича	зубаре́вича
зубаревичам	зубаре́вичам
зубаревичами	зубаре́вичами
зубаревичах	зубаре́вичах
зубаревиче	зубаре́виче
зубаревичей	зубаре́вичей
зубаревичем	зубаре́вичем
зубаревичи	зубаре́вичи
зубаревичу	зубаре́вичу
зубенко	зубе́нко
зубко	зубко́
зуев	зу́ев
зуева	зу́ева
зуеве	зу́еве
зуевой	зу́евой
зуевою	зу́евою
зуеву	зу́еву
зуевы	зу́евы
зуевым	зу́евым
зуевыми	зу́евыми
зуевых	зу́евых
зурабишвили	зурабишви́ли
зуфар	зуфа́р
зуфара	зуфа́ра
зуфарович	зуфа́рович
зуфаровича	зуфаровича́
зуфаровна	зуфа́ровна
зуфаровны	зуфа́ровны
зюганов	зюга́нов
зюганова	зюга́нова
зюганове	зюга́нове
зюгановой	зюга́новой
зюгановою	зюга́новою
зюганову	зюга́нову
зюгановы	зюга́новы
зюгановым	зюга́новым
зюгановыми	зюга́новыми
зюгановых	зюга́новых
ибараки	ибара́ки
иберией	ибе́рией
ибериею	ибе́риею
иберии	ибе́рии
иберию	ибе́рию
иберия	ибе́рия
ибица	и́бица
ибури	и́бури
ивамидзава	ивамидза́ва
иван	ива́н
ивана	ива́на
иванам	ива́нам
иванами	ива́нами
иванах	ива́нах
иване	ива́не
иваненко	иване́нко
иванишвили	иванишви́ли
ивано-франковск	ивано-франко́вск
ивано-франковска	ивано-франко́вска
ивано-франковске	ивано-франко́вске
ивано-франковском	ивано-франко́вском
ивано-франковску	ивано-франко́вску
ивановен	ива́новен
иванович	ива́нович
ивановича	ива́новича
ивановичам	ива́новичам
ивановичами	ива́новичами
ивановичах	ива́новичах
ивановиче	ива́новиче
ивановичей	ива́новичей
ивановичем	ива́новичем
ивановичи	ива́новичи
ивановичу	ива́новичу
ивановна	ива́новна
ивановнам	ива́новнам
ивановнами	ива́новнами
ивановнах	ива́новнах
ивановне	ива́новне
ивановной	ива́новной
ивановною	ива́новною
ивановну	ива́новну
ивановны	ива́новны
иваново	ива́ново
ивановом	ива́новом
иваном	ива́ном
ивану	ива́ну
иваны	ива́ны
иваныч	ива́ныч
ивате	ива́те
ивелин	ивели́н
ивелина	ивели́на
ивелине	ивели́не
ивелином	ивели́ном
ивелину	ивели́ну
ивис	иви́с
ивиса	иви́са
ивисам	иви́сам
ивисами	иви́сами
ивисах	иви́сах
ивисе	иви́се
ивисой	иви́сой
ивисою	иви́сою
ивису	иви́су
ивисы	иви́сы
ивлеев	ивле́ев
ивлеева	ивле́ева
ивлееве	ивле́еве
ивлеевой	ивле́евой
ивлеевою	ивле́евою
ивлееву	ивле́еву
ивлеевы	ивле́евы
ивлеевым	ивле́евым
ивлеевыми	ивле́евыми
ивлеевых	ивле́евых
игил	иги́л
игила	иги́ла
игиле	иги́ле
игилом	иги́лом
игилу	иги́лу
игнат	игна́т
игната	игна́та
игнатам	игна́там
игнатами	игна́тами
игнатах	игна́тах
игнате	игна́те
игнатием	игна́тием
игнатии	игна́тии
игнатий	игна́тий
игнатию	игна́тию
игнатия	игна́тия
игнатов	игна́тов
игнатова	игна́това
игнатом	игна́том
игнату	игна́ту
игнаты	игна́ты
игнатьев	игна́тьев
игнатьева	игна́тьева
игнатьеве	игна́тьеве
игнатьевой	игна́тьевой
игнатьевою	игна́тьевою
игнатьеву	игна́тьеву
игнатьевы	игна́тьевы
игнатьевым	игна́тьевым
игнатьевыми	игна́тьевыми
игнатьевых	игна́тьевых
игоре	и́горе
игорей	и́горей
игорем	и́горем
игори	и́гори
игорь	и́горь
игорю	и́горю
игоря	и́горя
игорям	и́горям
игорями	и́горями
игорях	и́горях
иджеван	иджева́н
иджевана	иджева́на
иджеване	иджева́не
иджеваном	иджева́ном
иджевану	иджева́ну
идлиб	и́длиб
идлиба	и́длиба
идлибе	и́длибе
идлибом	и́длибом
идлибу	и́длибу
иегова	иего́ва
иегове	иего́ве
иеговой	иего́вой
иеговою	иего́вою
иегову	иего́ву
иеговы	иего́вы
иемен	ие́мен
иераконполе	иерако́нполе
иераконполем	иерако́нполем
иераконполь	иерако́нполь
иераконполю	иерако́нполю
иераконполя	иерако́нполя
иерусалим	иерусали́м
иерусалима	иерусали́ма
иерусалиме	иерусали́ме
иерусалимом	иерусали́мом
иерусалиму	иерусали́му
иессее	иессе́е
иессеев	иессе́ев
иессеем	иессе́ем
иессеи	иессе́и
иессей	иессе́й
иессею	иессе́ю
иессея	иессе́я
иессеям	иессе́ям
иессеями	иессе́ями
иессеях	иессе́ях
иешуа	иешу́а
иешуе	иешу́е
иешуой	иешу́ой
иешуою	иешу́ою
иешуу	иешу́у
иешуы	иешу́ы
ижевск	иже́вск
ижевска	иже́вска
ижевске	иже́вске
ижевском	иже́вском
ижевску	иже́вску
изабелл	изабе́лл
изабелла	изабе́лла
изабеллам	изабе́ллам
изабеллами	изабе́ллами
изабеллах	изабе́ллах
изабелле	изабе́лле
изабеллой	изабе́ллой
изабеллою	изабе́ллою
изабеллу	изабе́ллу
изабеллы	изабе́ллы
известий	изве́стий
известия	изве́стия
известиям	изве́стиям
известиями	изве́стиями
известиях	изве́стиях
изид	изи́д
изида	изи́да
изидам	изи́дам
изидами	изи́дами
изидах	изи́дах
изиде	изи́де
изидой	изи́дой
изидою	изи́дою
изиду	изи́ду
изиды	изи́ды
измаил	измаи́л
измаила	измаи́ла
измаиле	измаи́ле
измаилом	измаи́лом
измаилу	измаи́лу
измир	изми́р
измира	изми́ра
измире	изми́ре
измиром	изми́ром
измиру	изми́ру
израиле	изра́иле
израилем	изра́илем
израиль	изра́иль
израилю	изра́илю
израиля	изра́иля
изюм	изю́м
изюма	изю́ма
изюме	изю́ме
изюмом	изю́мом
изюму	изю́му
изяслав	изясла́в
изяслава	изясла́ва
изяславам	изясла́вам
изяславами	изясла́вами
изяславах	изясла́вах
изяславе	изясла́ве
изяславов	изясла́вов
изяславом	изясла́вом
изяславу	изясла́ву
изяславы	изясла́вы
ии	и́и
иисус	иису́с
иисуса	иису́са
иисусам	иису́сам
иисусами	иису́сами
иисусах	иису́сах
иисусе	иису́се
иисусов	иису́сов
иисусом	иису́сом
иисусу	иису́су
иисусы	иису́сы
ика	и́ка
икалуит	икалу́ит
икалуита	икалу́ита
икалуите	икалу́ите
икалуитом	икалу́итом
икалуиту	икалу́иту
икар	ика́р
икара	ика́ра
икарам	ика́рам
икарами	ика́рами
икарах	ика́рах
икаре	ика́ре
икарией	икари́ей
икариею	икари́ею
икарии	икари́и
икарию	икари́ю
икария	икари́я
икаров	ика́ров
икаром	ика́ром
икару	ика́ру
икары	ика́ры
ике	и́ке
ики	и́ки
икой	и́кой
икою	и́кою
ику	и́ку
илей	иле́й
илие	илие́
илией	илиёй
илиею	илиёю
илии	илии́
илий	или́й
илию	илию́
илия	илия́
илиям	илия́м
илиями	илия́ми
илиях	илия́х
илларионов	илларио́нов
илларионова	илларио́нова
илларионове	илларио́нове
илларионовой	илларио́новой
илларионовою	илларио́новою
илларионову	илларио́нову
илларионовы	илларио́новы
илларионовым	илларио́новым
илларионовыми	илларио́новыми
илларионовых	илларио́новых
иллинойс	иллино́йс
иллинойса	иллино́йса
иллинойсе	иллино́йсе
иллинойсом	иллино́йсом
иллинойсу	иллино́йсу
иллирией	илли́рией
иллириею	илли́риею
иллирии	илли́рии
иллирию	илли́рию
иллирия	илли́рия
илон	ило́н
илона	ило́на
илонам	ило́нам
илонами	ило́нами
илонах	ило́нах
илоне	ило́не
илоной	ило́ной
илоною	ило́ною
илону	ило́ну
илоны	ило́ны
иль-де-франс	иль-де-фра́нс
иль-де-франса	иль-де-фра́нса
иль-де-франсе	иль-де-фра́нсе
иль-де-франсом	иль-де-фра́нсом
иль-де-франсу	иль-де-фра́нсу
илье	илье́
ильей	ильёй
ильею	ильёю
ильи	ильи́
ильин	ильи́н
ильина	ильина́
ильине	ильине́
ильиничен	ильи́ничен
ильинична	ильи́нична
ильиничнам	ильи́ничнам
ильиничнами	ильи́ничнами
ильиничнах	ильи́ничнах
ильиничне	ильи́ничне
ильиничной	ильи́ничной
ильиничною	ильи́ничною
ильиничну	ильи́ничну
ильиничны	ильи́ничны
ильиной	ильино́й
ильиною	ильино́ю
ильинская	ильи́нская
ильинские	ильи́нские
ильинский	ильи́нский
ильинским	ильи́нским
ильинскими	ильи́нскими
ильинских	ильи́нских
ильинского	ильи́нского
ильинской	ильи́нской
ильинском	ильи́нском
ильинскому	ильи́нскому
ильинскою	ильи́нскою
ильинскую	ильи́нскую
ильину	ильину́
ильины	ильины́
ильиным	ильины́м
ильиными	ильины́ми
ильиных	ильины́х
ильич	ильи́ч
ильича	ильича́
ильичам	ильича́м
ильичами	ильича́ми
ильичах	ильича́х
ильиче	ильиче́
ильичей	ильиче́й
ильичи	ильичи́
ильичом	ильичо́м
ильичу	ильичу́
ильницкая	ильни́цкая
ильницкие	ильни́цкие
ильницкий	ильни́цкий
ильницким	ильни́цким
ильницкими	ильни́цкими
ильницких	ильни́цких
ильницкого	ильни́цкого
ильницкой	ильни́цкой
ильницком	ильни́цком
ильницкому	ильни́цкому
ильницкою	ильни́цкою
ильницкую	ильни́цкую
илью	илью́
илья	илья́
ильям	илья́м
ильями	илья́ми
ильях	илья́х
иман	има́н
имана	има́на
имане	има́не
иманом	има́ном
иману	има́ну
иммануил	иммануи́л
иммануила	иммануи́ла
иммануилам	иммануи́лам
иммануилами	иммануи́лами
иммануилах	иммануи́лах
иммануиле	иммануи́ле
иммануилов	иммануи́лов
иммануилом	иммануи́лом
иммануилу	иммануи́лу
иммануилы	иммануи́лы
инадзава	инадза́ва
инга	и́нга
ингам	и́нгам
ингами	и́нгами
ингах	и́нгах
инге	и́нге
ингерманландией	ингерманла́ндией
ингерманландиею	ингерманла́ндиею
ингерманландии	ингерманла́ндии
ингерманландию	ингерманла́ндию
ингерманландия	ингерманла́ндия
инги	и́нги
ингой	и́нгой
ингою	и́нгою
ингу	и́нгу
ингушетией	ингуше́тией
ингушетиею	ингуше́тиею
ингушетии	ингуше́тии
ингушетию	ингуше́тию
ингушетия	ингуше́тия
индиана	индиа́на
индианаполис	индиана́полис
индианаполиса	индиана́полиса
индианаполисе	индиана́полисе
индианаполисом	индиана́полисом
индианаполису	индиана́полису
индиане	индиа́не
индианой	индиа́ной
индианою	индиа́ною
индиану	индиа́ну
индианы	индиа́ны
индигирка	индиги́рка
индигирке	индиги́рке
индигирки	индиги́рки
индигиркой	индиги́ркой
индигиркою	индиги́ркою
индигирку	индиги́рку
индией	и́ндией
индиею	и́ндиею
индии	и́ндии
индию	и́ндию
индия	и́ндия
индокитае	индокита́е
индокитаем	индокита́ем
индокитай	индокита́й
индокитаю	индокита́ю
индокитая	индокита́я
индонезией	индоне́зией
индонезиею	индоне́зиею
индонезии	индоне́зии
индонезию	индоне́зию
индонезия	индоне́зия
индостан	индоста́н
индостана	индоста́на
индостане	индоста́не
индостаном	индоста́ном
индостану	индоста́ну
индра	и́ндра
индре	и́ндре
индрой	и́ндрой
индрою	и́ндрою
индру	и́ндру
индры	и́ндры
инесс	ине́сс
инесса	ине́сса
инессам	ине́ссам
инессами	ине́ссами
инессах	ине́ссах
инессе	ине́ссе
инессой	ине́ссой
инессою	ине́ссою
инессу	ине́ссу
инессы	ине́ссы
ини	ини́
инкерман	инкерма́н
инкермана	инкерма́на
инкермане	инкерма́не
инкерманом	инкерма́ном
инкерману	инкерма́ну
инна	и́нна
иннам	и́ннам
иннами	и́ннами
иннах	и́ннах
инне	и́нне
инной	и́нной
инною	и́нною
инну	и́нну
инны	и́нны
интернационал	интернациона́л
интернационала	интернациона́ла
интернационалам	интернациона́лам
интернационалами	интернациона́лами
интернационалах	интернациона́лах
интернационале	интернациона́ле
интернационалов	интернациона́лов
интернационалом	интернациона́лом
интернационалу	интернациона́лу
интернационалы	интернациона́лы
инчхон	инчхо́н
иня	иня́
иоанн	иоа́нн
иоанна	иоа́нна
иоаннам	иоа́ннам
иоаннами	иоа́ннами
иоаннах	иоа́ннах
иоанне	иоа́нне
иоаннов	иоа́ннов
иоанной	иоа́нной
иоанном	иоа́нном
иоанною	иоа́нною
иоанну	иоа́нну
иоанны	иоа́нны
иокогама	иокога́ма
иокогаме	иокога́ме
иокогамой	иокога́мой
иокогамою	иокога́мою
иокогаму	иокога́му
иокогамы	иокога́мы
иолант	иола́нт
иоланта	иола́нта
иолантам	иола́нтам
иолантами	иола́нтами
иолантах	иола́нтах
иоланте	иола́нте
иолантой	иола́нтой
иолантою	иола́нтою
иоланту	иола́нту
иоланты	иола́нты
иордан	иорда́н
иордана	иорда́на
иордане	иорда́не
иорданией	иорда́нией
иорданиею	иорда́ниею
иордании	иорда́нии
иорданий	иорда́ний
иорданию	иорда́нию
иордания	иорда́ния
иорданиям	иорда́ниям
иорданиями	иорда́ниями
иорданиях	иорда́ниях
иорданом	иорда́ном
иордану	иорда́ну
иосиф	ио́сиф
иосифа	ио́сифа
иосифам	ио́сифам
иосифами	ио́сифами
иосифах	ио́сифах
иосифе	ио́сифе
иосифов	ио́сифов
иосифом	ио́сифом
иосифу	ио́сифу
иосифы	ио́сифы
ипполит	ипполи́т
ипполита	ипполи́та
ипполитам	ипполи́там
ипполитами	ипполи́тами
ипполитах	ипполи́тах
ипполите	ипполи́те
ипполитов	ипполи́тов
ипполитом	ипполи́том
ипполиту	ипполи́ту
ипполиты	ипполи́ты
ипра	и́пра
ипре	и́пре
ипром	и́пром
ипру	и́пру
ира	и́ра
ираид	ираи́д
ираида	ираи́да
ираидам	ираи́дам
ираидами	ираи́дами
ираидах	ираи́дах
ираиде	ираи́де
ираидой	ираи́дой
ираидою	ираи́дою
ираиду	ираи́ду
ираиды	ираи́ды
ирак	ира́к
ирака	ира́ка
ираке	ира́ке
ираком	ира́ком
ираку	ира́ку
ирам	и́рам
ирами	и́рами
иран	ира́н
ирана	ира́на
иране	ира́не
ираном	ира́ном
ирану	ира́ну
ирах	и́рах
иргень	ирге́нь
иргеня	ирге́ня
ире	и́ре
ирин	ири́н
ирина	ири́на
иринам	ири́нам
иринами	ири́нами
иринах	ири́нах
ирине	ири́не
иринее	ирине́е
иринеев	ирине́ев
иринеем	ирине́ем
иринеи	ирине́и
ириней	ирине́й
иринею	ирине́ю
иринея	ирине́я
иринеям	ирине́ям
иринеями	ирине́ями
иринеях	ирине́ях
ириной	ири́ной
ириною	ири́ною
ирину	ири́ну
ирины	ири́ны
иркутск	ирку́тск
иркутска	ирку́тска
иркутске	ирку́тске
иркутском	ирку́тском
иркутску	ирку́тску
ирландией	ирла́ндией
ирландиею	ирла́ндиею
ирландии	ирла́ндии
ирландий	ирла́ндий
ирландию	ирла́ндию
ирландия	ирла́ндия
ирландиям	ирла́ндиям
ирландиями	ирла́ндиями
ирландиях	ирла́ндиях
ирод	и́род
ирода	и́рода
ироде	и́роде
иродом	и́родом
ироду	и́роду
ирой	и́рой
ирою	и́рою
ирпенем	ирпенём
ирпень	ирпе́нь
иртыш	ирты́ш
иртыша	иртыша́
иртыше	иртыше́
иртышом	иртышо́м
иртышу	иртышу́
иру	и́ру
иры	и́ры
исаак	исаа́к
исаака	исаа́ка
исаакам	исаа́кам
исааками	исаа́ками
исааках	исаа́ках
исааке	исаа́ке
исааки	исаа́ки
исааков	исаа́ков
исааком	исаа́ком
исааку	исаа́ку
исав	иса́в
исава	иса́ва
исаве	иса́ве
исавом	иса́вом
исаву	иса́ву
исети	исе́ти
исеть	исе́ть
исетью	исе́тью
исид	иси́д
исида	иси́да
исидам	иси́дам
исидами	иси́дами
исидах	иси́дах
исиде	иси́де
исидой	иси́дой
исидою	иси́дою
исиду	иси́ду
исиды	иси́ды
исикава	исика́ва
исикаве	исика́ве
исикавой	исика́вой
исикавою	исика́вою
исикаву	исика́ву
исикавы	исика́вы
исикари	исика́ри
искитим	искити́м
искитима	искити́ма
искитиме	искити́ме
искитимом	искити́мом
искитиму	искити́му
исламабад	исламаба́д
исламабада	исламаба́да
исламабаде	исламаба́де
исламабадом	исламаба́дом
исламабаду	исламаба́ду
исландией	исла́ндией
исландиею	исла́ндиею
исландии	исла́ндии
исландию	исла́ндию
исландия	исла́ндия
испанией	испа́нией
испаниею	испа́ниею
испании	испа́нии
испанию	испа́нию
испания	испа́ния
итабаси	итаба́си
итака	ита́ка
итаке	ита́ке
итаки	ита́ки
итакой	ита́кой
итакою	ита́кою
итаку	ита́ку
италией	ита́лией
италиею	ита́лиею
италии	ита́лии
италий	ита́лий
италию	ита́лию
италия	ита́лия
итуруп	итуру́п
итурупа	итуру́па
итурупам	итуру́пам
итурупами	итуру́пами
итурупах	итуру́пах
итурупе	итуру́пе
итурупом	итуру́пом
итурупу	итуру́пу
итурупы	итуру́пы
иуда	иу́да
иуде	иу́де
иудее	иуде́е
иудеей	иуде́ей
иудеею	иуде́ею
иудеи	иуде́и
иудею	иуде́ю
иудея	иуде́я
иудой	иу́дой
иудою	иу́дою
иуду	иу́ду
иуды	иу́ды
иулиянов	иулия́нов
иулиянова	иулия́нова
иулиянове	иулия́нове
иулияновой	иулия́новой
иулияновою	иулия́новою
иулиянову	иулия́нову
иулияновы	иулия́новы
иулияновым	иулия́новым
иулияновыми	иулия́новыми
иулияновых	иулия́новых
ифигенией	ифиге́нией
ифигениею	ифиге́ниею
ифигении	ифиге́нии
ифигений	ифиге́ний
ифигению	ифиге́нию
ифигения	ифиге́ния
ифигениям	ифиге́ниям
ифигениями	ифиге́ниями
ифигениях	ифиге́ниях
ифингар	ифинга́р
ичкерией	ичке́рией
ичкериею	ичке́риею
ичкерии	ичке́рии
ичкерию	ичке́рию
ичкерия	ичке́рия
ия	и́я
йашуа	йашу́а
йемен	йе́мен
йемена	йе́мена
йемене	йе́мене
йеменом	йе́меном
йемену	йе́мену
йетеборг	йётеборг
йода	йо́да
йодам	йо́дам
йодами	йо́дами
йодах	йо́дах
йоде	йо́де
йодой	йо́дой
йодою	йо́дою
йоду	йо́ду
йоды	йо́ды
йозеф	йо́зеф
йозефа	йо́зефа
йозефам	йо́зефам
йозефами	йо́зефами
йозефах	йо́зефах
йозефе	йо́зефе
йозефов	йо́зефов
йозефом	йо́зефом
йозефу	йо́зефу
йозефы	йо́зефы
йонна	йо́нна
йонне	йо́нне
йонной	йо́нной
йонною	йо́нною
йонну	йо́нну
йонны	йо́нны
йонсен	йо́нсен
йонсена	йо́нсена
йонсенам	йо́нсенам
йонсенами	йо́нсенами
йонсенах	йо́нсенах
йонсене	йо́нсене
йонсенов	йо́нсенов
йонсеном	йо́нсеном
йонсену	йо́нсену
йонсены	йо́нсены
йоханнесбург	йоха́ннесбург
йоханнесбурга	йоха́ннесбурга
йоханнесбурге	йоха́ннесбурге
йоханнесбургом	йоха́ннесбургом
йоханнесбургу	йоха́ннесбургу
йоханс	йо́ханс
йоханса	йо́ханса
йохансам	йо́хансам
йохансами	йо́хансами
йохансах	йо́хансах
йохансе	йо́хансе
йохансов	йо́хансов
йохансом	йо́хансом
йохансу	йо́хансу
йохансы	йо́хансы
йошкар-ола	йошкар-ола́
йошкар-оле	йошкар-оле́
йошкар-олой	йошкар-оло́й
йошкар-олою	йошкар-оло́ю
йошкар-олу	йошкар-олу́
йошкар-олы	йошкар-олы́
кабаев	каба́ев
кабаева	каба́ева
кабаеве	каба́еве
кабаевой	каба́евой
кабаевою	каба́евою
кабаеву	каба́еву
кабаевы	каба́евы
кабаевым	каба́евым
кабаевыми	каба́евыми
кабаевых	каба́евых
кабарда	кабарда́
кабарде	кабарде́
кабардой	кабардо́й
кабардою	кабардо́ю
кабарду	кабарду́
кабарды	кабарды́
кабул	кабу́л
кабула	кабу́ла
кабуле	кабу́ле
кабулом	кабу́лом
кабулу	кабу́лу
кавагути	кавагу́ти
кавасаки	каваса́ки
кавказ	кавка́з
кавказа	кавка́за
кавказе	кавка́зе
кавказом	кавка́зом
кавказу	кавка́зу
кагава	кага́ва
кагаве	кага́ве
кагавой	кага́вой
кагавою	кага́вою
кагаву	кага́ву
кагавы	кага́вы
кагосима	кагоси́ма
кагосиме	кагоси́ме
кагосимой	кагоси́мой
кагосимою	кагоси́мою
кагосиму	кагоси́му
кагосимы	кагоси́мы
каджаран	каджара́н
каджарана	каджара́на
каджаране	каджара́не
каджараном	каджара́ном
каджарану	каджара́ну
кадис	ка́дис
кадиса	ка́диса
кадисе	ка́дисе
кадисом	ка́дисом
кадису	ка́дису
кадочников	ка́дочников
кадочникова	ка́дочникова
кадочникове	ка́дочникове
кадочниковой	ка́дочниковой
кадочниковою	ка́дочниковою
кадочникову	ка́дочникову
кадочниковы	ка́дочниковы
кадочниковым	ка́дочниковым
кадочниковыми	ка́дочниковыми
кадочниковых	ка́дочниковых
кадыров	кады́ров
кадырова	кады́рова
кадырове	кады́рове
кадыровой	кады́ровой
кадыровою	кады́ровою
кадырову	кады́рову
кадыровы	кады́ровы
кадыровым	кады́ровым
кадыровыми	кады́ровыми
кадыровых	кады́ровых
казаков	казако́в
казакова	казако́ва
казакове	казако́ве
казаковой	казако́вой
казаковою	казако́вою
казакову	казако́ву
казаковы	казако́вы
казаковым	казако́вым
казаковыми	казако́выми
казаковых	казако́вых
казакстан	казакста́н
казакстана	казакста́на
казакстане	казакста́не
казакстаном	казакста́ном
казакстану	казакста́ну
казани	каза́ни
казань	каза́нь
казанью	каза́нью
казахстан	казахста́н
казахстана	казахста́на
казахстане	казахста́не
казахстаном	казахста́ном
казахстану	казахста́ну
казбек	казбе́к
казбека	казбе́ка
казбеке	казбе́ке
казбеком	казбе́ком
казбеку	казбе́ку
казвин	казви́н
казвина	казви́на
казвине	казви́не
казвином	казви́ном
казвину	казви́ну
каин	ка́ин
каина	ка́ина
каине	ка́ине
каином	ка́ином
каину	ка́ину
каир	каи́р
каира	каи́ра
каире	каи́ре
каиром	каи́ром
каиру	каи́ру
кайенна	кайе́нна
кайенне	кайе́нне
кайенной	кайе́нной
кайенною	кайе́нною
кайенну	кайе́нну
кайенны	кайе́нны
кайластуе	кайласту́е
кайластуем	кайласту́ем
кайластуй	кайласту́й
кайластую	кайласту́ю
кайластуя	кайласту́я
кала	ка́ла
калам	ка́лам
каламджар	каламджа́р
каламджара	каламджа́ра
каламджаре	каламджа́ре
каламджаром	каламджа́ром
каламджару	каламджа́ру
калами	ка́лами
калах	ка́лах
калашников	кала́шников
калашникова	кала́шникова
калашникове	кала́шникове
калашниковой	кала́шниковой
калашниковою	кала́шниковою
калашникову	кала́шникову
калашниковы	кала́шниковы
калашниковым	кала́шниковым
калашниковыми	кала́шниковыми
калашниковых	кала́шниковых
калбитстан	калбитста́н
калбитстана	калбитста́на
калбитстанам	калбитста́нам
калбитстанами	калбитста́нами
калбитстанах	калбитста́нах
калбитстане	калбитста́не
калбитстанов	калбитста́нов
калбитстаном	калбитста́ном
калбитстану	калбитста́ну
калбитстаны	калбитста́ны
калгари	ка́лгари
кали	ка́ли
калимантан	калиманта́н
калимантана	калиманта́на
калимантане	калиманта́не
калимантаном	калиманта́ном
калимантану	калиманта́ну
калинин	кали́нин
калинина	кали́нина
калининград	калинингра́д
калининграда	калинингра́да
калининграде	калинингра́де
калининградом	калинингра́дом
калининграду	калинингра́ду
калинине	кали́нине
калининой	кали́ниной
калинином	кали́нином
калининою	кали́ниною
калинину	кали́нину
калинины	кали́нины
калининым	кали́ниным
калиниными	кали́ниными
калининых	кали́ниных
калифорнией	калифо́рнией
калифорниею	калифо́рниею
калифорнии	калифо́рнии
калифорний	калифо́рний
калифорнию	калифо́рнию
калифорния	калифо́рния
калифорниям	калифо́рниям
калифорниями	калифо́рниями
калифорниях	калифо́рниях
калиш	ка́лиш
калиша	ка́лиша
калише	ка́лише
калишем	ка́лишем
калишу	ка́лишу
каллиопа	каллио́па
каллиопе	каллио́пе
каллиопой	каллио́пой
каллиопою	каллио́пою
каллиопу	каллио́пу
каллиопы	каллио́пы
калмыкией	калмы́кией
калмыкиею	калмы́киею
калмыкии	калмы́кии
калмыкию	калмы́кию
калмыкия	калмы́кия
кало	ка́ло
калом	ка́лом
калу	ка́лу
калуга	калу́га
калуге	калу́ге
калуги	калу́ги
калугой	калу́гой
калугою	калу́гою
калугу	калу́гу
калуш	ка́луш
калуша	ка́луша
калуше	ка́луше
калушем	ка́лушем
калушу	ка́лушу
калькутта	кальку́тта
калькутте	кальку́тте
калькуттой	кальку́ттой
калькуттою	кальку́ттою
калькутту	кальку́тту
калькутты	кальку́тты
кальмиусским	ка́льмиусским
кальмиусского	ка́льмиусского
кальмиусское	ка́льмиусское
кальмиусском	ка́льмиусском
кальмиусскому	ка́льмиусскому
кама	ка́ма
камасутра	камасу́тра
камасутре	камасу́тре
камасутрой	камасу́трой
камасутрою	камасу́трою
камасутру	камасу́тру
камасутры	камасу́тры
камбар	камба́р
камбара	камба́ра
камбоджа	камбо́джа
камбодже	камбо́дже
камбоджей	камбо́джей
камбоджею	камбо́джею
камбоджи	камбо́джи
камбоджу	камбо́джу
каме	ка́ме
каменск	ка́менск
каменским	ка́менским
каменского	ка́менского
каменское	ка́менское
каменском	ка́менском
каменскому	ка́менскому
камерун	камеру́н
камеруна	камеру́на
камеруне	камеру́не
камеруном	камеру́ном
камеруну	камеру́ну
камой	ка́мой
камою	ка́мою
кампала	кампа́ла
кампале	кампа́ле
кампалой	кампа́лой
кампалою	кампа́лою
кампалу	кампа́лу
кампалы	кампа́лы
кампучией	кампучи́ей
кампучиею	кампучи́ею
кампучии	кампучи́и
кампучию	кампучи́ю
кампучия	кампучи́я
каму	ка́му
камчатка	камча́тка
камчаткам	камча́ткам
камчатками	камча́тками
камчатках	камча́тках
камчатке	камча́тке
камчатки	камча́тки
камчаткой	камча́ткой
камчаткою	камча́ткою
камчатку	камча́тку
камчаток	камча́ток
камы	ка́мы
канагава	канага́ва
канагаве	канага́ве
канагавой	канага́вой
канагавою	канага́вою
канагаву	канага́ву
канагавы	канага́вы
канада	кана́да
канаде	кана́де
канадой	кана́дой
канадою	кана́дою
канаду	кана́ду
канады	кана́ды
канар	кана́р
канарам	кана́рам
канарами	кана́рами
канарах	кана́рах
канары	кана́ры
кандонгу	кандонгу́
канзас	канза́с
канзаса	канза́са
канзасе	канза́се
канзасом	канза́сом
канзасу	канза́су
каннам	ка́ннам
каннами	ка́ннами
каннах	ка́ннах
канны	ка́нны
канто	канто́
кантон	канто́н
кантона	канто́на
кантоне	канто́не
кантоном	канто́ном
кантону	канто́ну
канченджанга	канченджа́нга
канченджанге	канченджа́нге
канченджанги	канченджа́нги
канченджангой	канченджа́нгой
канченджангою	канченджа́нгою
канченджангу	канченджа́нгу
канчинджунга	канчинджу́нга
каныгин	каны́гин
каныгина	каны́гина
каныгине	каны́гине
каныгиной	каны́гиной
каныгиною	каны́гиною
каныгину	каны́гину
каныгины	каны́гины
каныгиным	каны́гиным
каныгиными	каны́гиными
каныгиных	каны́гиных
капан	капа́н
капана	капа́на
капане	капа́не
капаном	капа́ном
капану	капа́ну
капитолин	капитоли́н
капитолина	капитоли́на
капитолинам	капитоли́нам
капитолинами	капитоли́нами
капитолинах	капитоли́нах
капитолине	капитоли́не
капитолиной	капитоли́ной
капитолиною	капитоли́ною
капитолину	капитоли́ну
капитолины	капитоли́ны
каппадокией	каппадо́кией
каппадокиею	каппадо́киею
каппадокии	каппадо́кии
каппадокию	каппадо́кию
каппадокия	каппадо́кия
капустин	капу́стин
капустина	капу́стина
капустине	капу́стине
капустиной	капу́стиной
капустиною	капу́стиною
капустину	капу́стину
капустины	капу́стины
капустиным	капу́стиным
капустиными	капу́стиными
капустиных	капу́стиных
кара-мурз	кара-му́рз
кара-мурза	кара-мурза́
кара-мурзам	кара-мурза́м
кара-мурзами	кара-мурза́ми
кара-мурзах	кара-мурза́х
кара-мурзе	кара-мурзе́
кара-мурзой	кара-мурзо́й
кара-мурзою	кара-мурзо́ю
кара-мурзу	кара-мурзу́
кара-мурзы	кара-мурзы́
карабах	караба́х
карабаха	караба́ха
карабахе	караба́хе
карабахом	караба́хом
карабаху	караба́ху
карабулак	карабула́к
карабулака	карабула́ка
карабулаке	карабула́ке
карабулаком	карабула́ком
карабулаку	карабула́ку
караганда	караганда́
караганде	караганде́
карагандой	карагандо́й
карагандою	карагандо́ю
караганду	караганду́
караганды	караганды́
каракалпакстан	каракалпакста́н
каракалпакстана	каракалпакста́на
каракалпакстане	каракалпакста́не
каракалпакстаном	каракалпакста́ном
каракалпакстану	каракалпакста́ну
каракас	кара́кас
каракаса	кара́каса
каракасе	кара́касе
каракасом	кара́касом
каракасу	кара́касу
каракулов	кара́кулов
каракулова	кара́кулова
каракулове	кара́кулове
каракуловой	кара́куловой
каракуловою	кара́куловою
каракулову	кара́кулову
каракуловы	кара́куловы
каракуловым	кара́куловым
каракуловыми	кара́куловыми
каракуловых	кара́куловых
каракум	караку́м
каракумам	караку́мам
каракумами	караку́мами
каракумах	караку́мах
каракумов	караку́мов
каракумы	караку́мы
карамзин	карамзи́н
карамзина	карамзина́
карамзине	карамзине́
карамзиной	карамзино́й
карамзиною	карамзино́ю
карамзину	карамзину́
карамзины	карамзины́
карамзиным	карамзины́м
карамзиными	карамзины́ми
карамзиных	карамзины́х
караулов	карау́лов
караулова	карау́лова
караулове	карау́лове
карауловой	карау́ловой
карауловою	карау́ловою
караулову	карау́лову
карауловы	карау́ловы
карауловым	карау́ловым
карауловыми	карау́ловыми
карауловых	карау́ловых
карачи	кара́чи
кардифф	ка́рдифф
кардиффа	ка́рдиффа
кардиффе	ка́рдиффе
кардиффом	ка́рдиффом
кардиффу	ка́рдиффу
карелией	каре́лией
карелиею	каре́лиею
карелии	каре́лии
карелию	каре́лию
карелия	каре́лия
карен	каре́н
карена	каре́на
карин	кари́н
карина	кари́на
каринам	кари́нам
каринами	кари́нами
каринах	кари́нах
карине	кари́не
кариной	кари́ной
кариною	кари́ною
карину	кари́ну
карины	кари́ны
карловац	ка́рловац
карловаца	ка́рловаца
карловаце	ка́рловаце
карловацем	ка́рловацем
карловацу	ка́рловацу
карлсен	ка́рлсен
карлсена	ка́рлсена
карлсенам	ка́рлсенам
карлсенами	ка́рлсенами
карлсенах	ка́рлсенах
карлсене	ка́рлсене
карлсенов	ка́рлсенов
карлсеном	ка́рлсеном
карлсену	ка́рлсену
карлсены	ка́рлсены
карлсон	ка́рлсон
карлсона	ка́рлсона
карлсонам	ка́рлсонам
карлсонами	ка́рлсонами
карлсонах	ка́рлсонах
карлсоне	ка́рлсоне
карлсонов	ка́рлсонов
карлсоном	ка́рлсоном
карлсону	ка́рлсону
карлсоны	ка́рлсоны
карлссон	ка́рлссон
карлссона	ка́рлссона
карлссонам	ка́рлссонам
карлссонами	ка́рлссонами
карлссонах	ка́рлссонах
карлссоне	ка́рлссоне
карлссонов	ка́рлссонов
карлссоном	ка́рлссоном
карлссону	ка́рлссону
карлссоны	ка́рлссоны
карнатака	карната́ка
карнатаке	карната́ке
карнатаки	карната́ки
карнатакой	карната́кой
карнатакою	карната́кою
карнатаку	карната́ку
каролин	кароли́н
каролина	кароли́на
каролинам	кароли́нам
каролинами	кароли́нами
каролинах	кароли́нах
каролине	кароли́не
каролиной	кароли́ной
каролиною	кароли́ною
каролину	кароли́ну
каролины	кароли́ны
карпов	ка́рпов
карпова	ка́рпова
карпове	ка́рпове
карповой	ка́рповой
карповою	ка́рповою
карпову	ка́рпову
карповы	ка́рповы
карповым	ка́рповым
карповыми	ка́рповыми
карповых	ка́рповых
картер	ка́ртер
картера	ка́ртера
картерам	ка́ртерам
картерами	ка́ртерами
картерах	ка́ртерах
картере	ка́ртере
картеров	ка́ртеров
картером	ка́ртером
картеру	ка́ртеру
картеры	ка́ртеры
карфаген	карфаге́н
карфагена	карфаге́на
карфагене	карфаге́не
карфагеном	карфаге́ном
карфагену	карфаге́ну
карьяла	ка́рьяла
карьяле	ка́рьяле
карьялой	ка́рьялой
карьялою	ка́рьялою
карьялу	ка́рьялу
карьялы	ка́рьялы
касаткин	каса́ткин
касаткина	каса́ткина
касаткине	каса́ткине
касаткиной	каса́ткиной
касаткиною	каса́ткиною
касаткину	каса́ткину
касаткины	каса́ткины
касаткиным	каса́ткиным
касаткиными	каса́ткиными
касаткиных	каса́ткиных
касива	каси́ва
каспаров	каспа́ров
каспарова	каспа́рова
каспарове	каспа́рове
каспаровой	каспа́ровой
каспаровою	каспа́ровою
каспарову	каспа́рову
каспаровы	каспа́ровы
каспаровым	каспа́ровым
каспаровыми	каспа́ровыми
каспаровых	каспа́ровых
касперская	каспе́рская
касперские	каспе́рские
касперский	каспе́рский
касперским	каспе́рским
касперскими	каспе́рскими
касперских	каспе́рских
касперския	каспе́рския
касперского	каспе́рского
касперское	каспе́рское
касперской	каспе́рской
касперском	каспе́рском
касперскому	каспе́рскому
касперскою	каспе́рскою
касперскую	каспе́рскую
кастри	кастри́
касьянов	касья́нов
касьянова	касья́нова
касьянове	касья́нове
касьяновой	касья́новой
касьяновою	касья́новою
касьянову	касья́нову
касьяновы	касья́новы
касьяновым	касья́новым
касьяновыми	касья́новыми
касьяновых	касья́новых
катаев	ката́ев
катаева	ката́ева
катаеве	ката́еве
катаевой	ката́евой
катаевою	ката́евою
катаеву	ката́еву
катаевы	ката́евы
катаевым	ката́евым
катаевыми	ката́евыми
катаевых	ката́евых
каталабют	каталабю́т
каталабюта	каталабю́та
каталабютам	каталабю́там
каталабютами	каталабю́тами
каталабютах	каталабю́тах
каталабюте	каталабю́те
каталабютов	каталабю́тов
каталабютом	каталабю́том
каталабюту	каталабю́ту
каталабюты	каталабю́ты
каталонией	катало́нией
каталониею	катало́ниею
каталонии	катало́нии
каталонию	катало́нию
каталония	катало́ния
кате	ка́те
катей	ка́тей
катенек	ка́тенек
катенька	ка́тенька
катенькам	ка́тенькам
катеньками	ка́теньками
катеньках	ка́теньках
катеньке	ка́теньке
катеньки	ка́теньки
катенькой	ка́тенькой
катенькою	ка́тенькою
катеньку	ка́теньку
катерин	катери́н
катерина	катери́на
катеринам	катери́нам
катеринами	катери́нами
катеринах	катери́нах
катерине	катери́не
катериной	катери́ной
катериною	катери́ною
катерину	катери́ну
катерины	катери́ны
катею	ка́тею
кати	ка́ти
катин	ка́тин
катманду	катманду́
катовице	катови́це
катовицы	катови́цы
катори	като́ри
катуни	кату́ни
катунь	кату́нь
катунью	кату́нью
катыни	каты́ни
катынь	каты́нь
катынью	каты́нью
катька	ка́тька
катю	ка́тю
катюш	катю́ш
катюша	катю́ша
катюшам	катю́шам
катюшами	катю́шами
катюшах	катю́шах
катюше	катю́ше
катюшей	катю́шей
катюшею	катю́шею
катюши	катю́ши
катюшка	катю́шка
катюшу	катю́шу
катя	ка́тя
катям	ка́тям
катями	ка́тями
катях	ка́тях
каунас	ка́унас
каунаса	ка́унаса
каунасе	ка́унасе
каунасом	ка́унасом
каунасу	ка́унасу
каховка	кахо́вка
каховке	кахо́вке
каховки	кахо́вки
каховкой	кахо́вкой
каховкою	кахо́вкою
каховку	кахо́вку
каца	ка́ца
кацам	ка́цам
кацами	ка́цами
кацах	ка́цах
кацбах	кацба́х
кацбахский	кацба́хский
кацбахским	кацба́хским
кацбахского	кацба́хского
кацбахском	кацба́хском
кацбахскому	кацба́хскому
каце	ка́це
кацев	ка́цев
кацем	ка́цем
кацу	ка́цу
кацусика	кацуси́ка
кацусике	кацуси́ке
кацусики	кацуси́ки
кацусикой	кацуси́кой
кацусикою	кацуси́кою
кацусику	кацуси́ку
кацы	ка́цы
качалов	кача́лов
качалова	кача́лова
качалове	кача́лове
качаловой	кача́ловой
качаловою	кача́ловою
качалову	кача́лову
качаловы	кача́ловы
качаловым	кача́ловым
качаловыми	кача́ловыми
качаловых	кача́ловых
качиньск	качи́ньск
качиньска	качи́ньска
качиньскам	качи́ньскам
качиньсками	качи́ньсками
качиньсках	качи́ньсках
качиньске	качи́ньске
качиньски	качи́ньски
качиньскиев	качи́ньскиев
качиньскием	качи́ньскием
качиньскии	качи́ньскии
качиньский	качи́ньский
качиньскию	качи́ньскию
качиньския	качи́ньския
качиньскиям	качи́ньскиям
качиньскиями	качи́ньскиями
качиньскиях	качи́ньскиях
качиньской	качи́ньской
качиньскою	качи́ньскою
качиньску	качи́ньску
кашгар	кашга́р
кашгара	кашга́ра
кашгаре	кашга́ре
кашгаром	кашга́ром
кашгару	кашга́ру
кашмир	кашми́р
кашмира	кашми́ра
кашмире	кашми́ре
кашмиром	кашми́ром
кашмиру	кашми́ру
кащей	каще́й
квебек	квебе́к
квебека	квебе́ка
квебеке	квебе́ке
квебеком	квебе́ком
квебеку	квебе́ку
квентин	кве́нтин
квентина	кве́нтина
квентинам	кве́нтинам
квентинами	кве́нтинами
квентинах	кве́нтинах
квентине	кве́нтине
квентинов	кве́нтинов
квентином	кве́нтином
квентину	кве́нтину
квентины	кве́нтины
квинса	кви́нса
квинсе	кви́нсе
квинсленд	кви́нсленд
квинсленда	кви́нсленда
квинсленде	кви́нсленде
квинслендом	кви́нслендом
квинсленду	кви́нсленду
квинсом	кви́нсом
квинсу	кви́нсу
квинта	кви́нта
квинте	кви́нте
квинтом	кви́нтом
квинту	кви́нту
кебет	ке́бет
кебета	ке́бета
кебете	ке́бете
кебетом	ке́бетом
кебету	ке́бету
кедрового	кедро́вого
кедровом	кедро́вом
кедровому	кедро́вому
кедровый	кедро́вый
кедровым	кедро́вым
кейнса	ке́йнса
кейнсам	ке́йнсам
кейнсами	ке́йнсами
кейнсах	ке́йнсах
кейнсе	ке́йнсе
кейнсов	ке́йнсов
кейнсом	ке́йнсом
кейнсу	ке́йнсу
кейнсы	ке́йнсы
келец	ке́лец
кельменцам	ке́льменцам
кельменцами	ке́льменцами
кельменцах	ке́льменцах
кельменцев	ке́льменцев
кельменцы	ке́льменцы
кельн	кёльн
кельна	кёльна
кельне	кёльне
кельном	кёльном
кельну	кёльну
кельцам	ке́льцам
кельцами	ке́льцами
кельцах	ке́льцах
кельце	ке́льце
кельцы	ке́льцы
кемерова	ке́мерова
кемерове	ке́мерове
кемерово	ке́мерово
кемеровом	ке́меровом
кемерову	ке́мерову
кемниц	ке́мниц
кенией	ке́нией
кениею	ке́ниею
кении	ке́нии
кению	ке́нию
кения	ке́ния
кента	ке́нта
кенте	ке́нте
кентом	ке́нтом
кенту	ке́нту
кентукки	кенту́кки
кеосаян	кеосая́н
кеосаяна	кеосая́на
кеосаянам	кеосая́нам
кеосаянами	кеосая́нами
кеосаянах	кеосая́нах
кеосаяне	кеосая́не
кеосаянов	кеосая́нов
кеосаяном	кеосая́ном
кеосаяну	кеосая́ну
кеосаяны	кеосая́ны
керала	ке́рала
керале	ке́рале
кералой	ке́ралой
кералою	ке́ралою
кералу	ке́ралу
кералы	ке́ралы
керенские	ке́ренские
керенский	ке́ренский
керенским	ке́ренским
керенскими	ке́ренскими
керенских	ке́ренских
керенского	ке́ренского
керенском	ке́ренском
керенскому	ке́ренскому
керкира	ке́ркира
керчью	ке́рчью
кеэ	кеэ́
кибел	кибе́л
кибела	кибе́ла
кибелам	кибе́лам
кибелами	кибе́лами
кибелах	кибе́лах
кибеле	кибе́ле
кибелой	кибе́лой
кибелою	кибе́лою
кибелу	кибе́лу
кибелы	кибе́лы
кигали	кига́ли
киев	ки́ев
киева	ки́ева
киеве	ки́еве
киевом	ки́евом
киевская	ки́евская
киевской	ки́евской
киевскою	ки́евскою
киевскую	ки́евскую
киеву	ки́еву
киевщина	ки́евщина
киевщине	ки́евщине
киевщиной	ки́евщиной
киевщиною	ки́евщиною
киевщину	ки́евщину
киевщины	ки́евщины
кизмид	кизми́д
кизмида	кизмида́
кизмидам	кизмида́м
кизмидами	кизмида́ми
кизмидах	кизмида́х
кизмиде	кизмиде́
кизмидой	кизмидо́й
кизмидою	кизмидо́ю
кизмиду	кизмиду́
кизмиды	кизмиды́
кикабидзе	кикаби́дзе
кима	ки́ма
кимам	ки́мам
кимами	ки́мами
кимах	ки́мах
киме	ки́ме
киммел	ки́ммел
киммела	ки́ммела
киммелам	ки́ммелам
киммелами	ки́ммелами
киммелах	ки́ммелах
киммеле	ки́ммеле
киммелов	ки́ммелов
киммелом	ки́ммелом
киммелу	ки́ммелу
киммелы	ки́ммелы
кимов	ки́мов
кимом	ки́мом
киму	ки́му
кимы	ки́мы
кингстаун	кингста́ун
кингстауна	кингста́уна
кингстауне	кингста́уне
кингстауном	кингста́уном
кингстауну	кингста́уну
кингстон	ки́нгстон
кингстона	ки́нгстона
кингстоне	ки́нгстоне
кингстоном	ки́нгстоном
кингстону	ки́нгстону
киншаса	кинша́са
киншасе	кинша́се
киншасой	кинша́сой
киншасою	кинша́сою
киншасу	кинша́су
киншасы	кинша́сы
киото	кио́то
кипра	ки́пра
кипре	ки́пре
киприд	кипри́д
киприда	кипри́да
кипридам	кипри́дам
кипридами	кипри́дами
кипридах	кипри́дах
киприде	кипри́де
кипридой	кипри́дой
кипридою	кипри́дою
киприду	кипри́ду
киприды	кипри́ды
кипром	ки́пром
кипру	ки́пру
кира	ки́ра
кирам	ки́рам
кирами	ки́рами
киран	ки́ран
кирана	ки́рана
кирах	ки́рах
киргизией	кирги́зией
киргизиею	кирги́зиею
киргизии	кирги́зии
киргизию	кирги́зию
киргизия	кирги́зия
киргизстан	киргизста́н
киргизстана	киргизста́на
киргизстане	киргизста́не
киргизстаном	киргизста́ном
киргизстану	киргизста́ну
кире	ки́ре
кирибати	кириба́ти
кирилл	кири́лл
кирилла	кири́лла
кириллам	кири́ллам
кириллами	кири́ллами
кириллах	кири́ллах
кирилле	кири́лле
кириллов	кири́ллов
кириллова	кири́ллова
кириллове	кири́ллове
кириллович	кири́ллович
кирилловича	кири́лловича
кирилловна	кири́лловна
кирилловны	кири́лловны
кирилловой	кири́лловой
кирилловою	кири́лловою
кириллову	кири́ллову
кирилловы	кири́лловы
кирилловым	кири́лловым
кирилловыми	кири́лловыми
кирилловых	кири́лловых
кириллом	кири́ллом
кириллу	кири́ллу
кириллы	кири́ллы
киркоров	кирко́ров
киркорова	кирко́рова
киркорове	кирко́рове
киркоровой	кирко́ровой
киркоровою	кирко́ровою
киркорову	кирко́рову
киркоровы	кирко́ровы
киркоровым	кирко́ровым
киркоровыми	кирко́ровыми
киркоровых	кирко́ровых
киров	ки́ров
кирова	ки́рова
кирове	ки́рове
кировой	ки́ровой
кировом	ки́ровом
кировою	ки́ровою
кирову	ки́рову
кировы	ки́ровы
кировым	ки́ровым
кировыми	ки́ровыми
кировых	ки́ровых
кирой	ки́рой
кирою	ки́рою
киру	ки́ру
киры	ки́ры
кисловодск	кислово́дск
кисловодска	кислово́дска
кисловодске	кислово́дске
кисловодском	кислово́дском
кисловодску	кислово́дску
кисляк	кисля́к
кисляка	кисляка́
кислякам	кисляка́м
кисляками	кисляка́ми
кисляках	кисляка́х
кисляке	кисляке́
кисляки	кисляки́
кисляков	кисляко́в
кисляком	кисляко́м
кисляку	кисляку́
киссингер	ки́ссингер
киссингера	ки́ссингера
киссингерам	ки́ссингерам
киссингерами	ки́ссингерами
киссингерах	ки́ссингерах
киссингере	ки́ссингере
киссингеров	ки́ссингеров
киссингером	ки́ссингером
киссингеру	ки́ссингеру
киссингеры	ки́ссингеры
киссинджер	ки́ссинджер
киссинджера	ки́ссинджера
киссинджерам	ки́ссинджерам
киссинджерами	ки́ссинджерами
киссинджерах	ки́ссинджерах
киссинджере	ки́ссинджере
киссинджеров	ки́ссинджеров
киссинджером	ки́ссинджером
киссинджеру	ки́ссинджеру
киссинджеры	ки́ссинджеры
кистяковская	кистяко́вская
кистяковские	кистяко́вские
кистяковский	кистяко́вский
кистяковским	кистяко́вским
кистяковскими	кистяко́вскими
кистяковских	кистяко́вских
кистяковского	кистяко́вского
кистяковской	кистяко́вской
кистяковском	кистяко́вском
кистяковскому	кистяко́вскому
кистяковскою	кистяко́вскою
кистяковскую	кистяко́вскую
кита	ки́та
китае	кита́е
китаев	кита́ев
китаем	кита́ем
китаи	кита́и
китай	кита́й
китами	кита́ми
китаю	кита́ю
китая	кита́я
китаям	кита́ям
китаями	кита́ями
китаях	кита́ях
китеж	ки́теж
китежа	ки́тежа
китеже	ки́теже
китежем	ки́тежем
китежу	ки́тежу
кито	ки́то
кишинев	кишинёв
кишинева	кишинёва
кишиневе	кишинёве
кишиневом	кишинёвом
кишиневу	кишинёву
кишра	кишра́
клавдией	кла́вдией
клавдиею	кла́вдиею
клавдии	кла́вдии
клавдий	кла́вдий
клавдию	кла́вдию
клавдия	кла́вдия
клавдиям	кла́вдиям
клавдиями	кла́вдиями
клавдиях	кла́вдиях
клайпеда	кла́йпеда
клайпеде	кла́йпеде
клайпедой	кла́йпедой
клайпедою	кла́йпедою
клайпеду	кла́йпеду
клайпеды	кла́йпеды
клара	кла́ра
кларам	кла́рам
кларами	кла́рами
кларах	кла́рах
кларе	кла́ре
кларой	кла́рой
кларою	кла́рою
клару	кла́ру
клары	кла́ры
клевани	кле́вани
клевань	кле́вань
клеванью	кле́ванью
клеопатра	клеопа́тра
клеопатре	клеопа́тре
клеопатрой	клеопа́трой
клеопатрою	клеопа́трою
клеопатру	клеопа́тру
клеопатры	клеопа́тры
кливленд	кли́вленд
кливленда	кли́вленда
кливлендам	кли́влендам
кливлендами	кли́влендами
кливлендах	кли́влендах
кливленде	кли́вленде
кливлендов	кли́влендов
кливлендом	кли́влендом
кливленду	кли́вленду
кливленды	кли́вленды
клима	кли́ма
климам	кли́мам
климами	кли́мами
климах	кли́мах
климе	кли́ме
клименко	климе́нко
климов	кли́мов
климова	кли́мова
климове	кли́мове
климовой	кли́мовой
климовою	кли́мовою
климову	кли́мову
климовы	кли́мовы
климовым	кли́мовым
климовыми	кли́мовыми
климовых	кли́мовых
климом	кли́мом
климу	кли́му
климы	кли́мы
клинтон	кли́нтон
клинтона	кли́нтона
клинтонам	кли́нтонам
клинтонами	кли́нтонами
клинтонах	кли́нтонах
клинтоне	кли́нтоне
клинтонов	кли́нтонов
клинтоном	кли́нтоном
клинтону	кли́нтону
клинтоны	кли́нтоны
клитеместра	клитеме́стра
клитемнестр	клитемне́стр
клитемнестра	клитемне́стра
клитемнестрам	клитемне́страм
клитемнестрами	клитемне́страми
клитемнестрах	клитемне́страх
клитемнестре	клитемне́стре
клитемнестрой	клитемне́строй
клитемнестрою	клитемне́строю
клитемнестру	клитемне́стру
клитемнестры	клитемне́стры
кличко	кличко́
клюев	клю́ев
клюева	клю́ева
клюеве	клю́еве
клюевой	клю́евой
клюевою	клю́евою
клюеву	клю́еву
клюевы	клю́евы
клюевым	клю́евым
клюевыми	клю́евыми
клюевых	клю́евых
кнессет	кне́ссет
кнессета	кне́ссета
кнессетам	кне́ссетам
кнессетами	кне́ссетами
кнессетах	кне́ссетах
кнессете	кне́ссете
кнессетов	кне́ссетов
кнессетом	кне́ссетом
кнессету	кне́ссету
кнессеты	кне́ссеты
кникербокер	кникербо́кер
кникербокера	кникербо́кера
кникербокерам	кникербо́керам
кникербокерами	кникербо́керами
кникербокерах	кникербо́керах
кникербокере	кникербо́кере
кникербокеров	кникербо́керов
кникербокером	кникербо́кером
кникербокеру	кникербо́керу
кникербокеры	кникербо́керы
кнорозов	кноро́зов
кнорозова	кноро́зова
кнорозове	кноро́зове
кнорозовов	кноро́зовов
кнорозовой	кноро́зовой
кнорозовою	кноро́зовою
кнорозову	кноро́зову
кнорозовы	кноро́зовы
кнорозовым	кноро́зовым
кнорозовыми	кноро́зовыми
кнорозовых	кноро́зовых
князев	кня́зев
князева	кня́зева
князеве	кня́зеве
князевой	кня́зевой
князевою	кня́зевою
князеву	кня́зеву
князевы	кня́зевы
князевым	кня́зевым
князевыми	кня́зевыми
князевых	кня́зевых
коауила	коауи́ла
коауиле	коауи́ле
коауилой	коауи́лой
коауилою	коауи́лою
коауилу	коауи́лу
коауилы	коауи́лы
кобе	ко́бе
кобылянскиев	кобыля́нскиев
кобылянскием	кобыля́нскием
кобылянскии	кобыля́нскии
кобылянский	кобыля́нский
кобылянскию	кобыля́нскию
кобылянския	кобыля́нския
кобылянскиям	кобыля́нскиям
кобылянскиями	кобыля́нскиями
кобылянскиях	кобыля́нскиях
кобэ	ко́бэ
ковале	ковале́
ковалев	ковалёв
ковалева	ковалёва
ковалеве	ковалёве
ковалевой	ковалёвой
ковалевою	ковалёвою
ковалевская	ковале́вская
ковалевские	ковале́вские
ковалевский	ковале́вский
ковалевским	ковале́вским
ковалевскими	ковале́вскими
ковалевских	ковале́вских
ковалевского	ковале́вского
ковалевской	ковале́вской
ковалевском	ковале́вском
ковалевскому	ковале́вскому
ковалевскою	ковале́вскою
ковалевскую	ковале́вскую
ковалеву	ковалёву
ковалевы	ковалёвы
ковалевым	ковалёвым
ковалевыми	ковалёвыми
ковалевых	ковалёвых
ковалей	ковале́й
ковалем	ковалём
ковали	ковали́
коваль	кова́ль
ковальская	кова́льская
ковальскаяые	кова́льскаяые
ковальскаяых	кова́льскаяых
ковальские	кова́льские
ковальский	кова́льский
ковальским	кова́льским
ковальскими	кова́льскими
ковальских	кова́льских
ковальского	кова́льского
ковальское	кова́льское
ковальской	кова́льской
ковальском	кова́льском
ковальскому	кова́льскому
ковальскою	кова́льскою
ковальскую	кова́льскую
ковальчук	ковальчу́к
ковальчука	ковальчука́
ковальчукам	ковальчука́м
ковальчуками	ковальчука́ми
ковальчуках	ковальчука́х
ковальчуке	ковальчуке́
ковальчуки	ковальчуки́
ковальчуков	ковальчуко́в
ковальчуком	ковальчуко́м
ковальчуку	ковальчуку́
ковалю	ковалю́
коваля	коваля́
ковалям	коваля́м
ковалями	коваля́ми
ковалях	коваля́х
ковеле	ко́веле
ковелем	ко́велем
ковель	ко́вель
ковелю	ко́велю
ковеля	ко́веля
коган	ко́ган
когана	ко́гана
коганам	ко́ганам
коганами	ко́ганами
коганах	ко́ганах
когане	ко́гане
коганов	ко́ганов
коганом	ко́ганом
когану	ко́гану
коганы	ко́ганы
кожевников	коже́вников
кожевникова	коже́вникова
кожевникове	коже́вникове
кожевниковой	коже́вниковой
кожевниковою	коже́вниковою
кожевникову	коже́вникову
кожевниковы	коже́вниковы
кожевниковым	коже́вниковым
кожевниковыми	коже́вниковыми
кожевниковых	коже́вниковых
козерог	козеро́г
козерога	козеро́га
козерогам	козеро́гам
козерогами	козеро́гами
козерогах	козеро́гах
козероге	козеро́ге
козероги	козеро́ги
козерогов	козеро́гов
козерогом	козеро́гом
козерогу	козеро́гу
козлов	козло́в
козлова	козло́ва
козлове	козло́ве
козловой	козло́вой
козловою	козло́вою
козловская	козло́вская
козловские	козло́вские
козловский	козло́вский
козловским	козло́вским
козловскими	козло́вскими
козловских	козло́вских
козловского	козло́вского
козловской	козло́вской
козловском	козло́вском
козловскому	козло́вскому
козловскою	козло́вскою
козловскую	козло́вскую
козлову	козло́ву
козловы	козло́вы
козловым	козло́вым
козловыми	козло́выми
козловых	козло́вых
козырев	ко́зырев
козырева	ко́зырева
козыреве	ко́зыреве
козыревой	ко́зыревой
козыревою	ко́зыревою
козыреву	ко́зыреву
козыревы	ко́зыревы
козыревым	ко́зыревым
козыревыми	ко́зыревыми
козыревых	ко́зыревых
кока-кол	кока-ко́л
кока-кола	кока-ко́ла
кока-колам	кока-ко́лам
кока-колами	кока-ко́лами
кока-колах	кока-ко́лах
кока-коле	кока-ко́ле
кока-колой	кока-ко́лой
кока-колою	кока-ко́лою
кока-колу	кока-ко́лу
кока-колы	кока-ко́лы
кола	ко́ла
коле	ко́ле
колей	ко́лей
колесник	коле́сник
колесника	колесника́
колесников	коле́сников
колесникова	коле́сникова
колесникове	коле́сникове
колесниковой	коле́сниковой
колесниковою	коле́сниковою
колесникову	коле́сникову
колесниковы	коле́сниковы
колесниковым	коле́сниковым
колесниковыми	коле́сниковыми
колесниковых	коле́сниковых
колею	ко́лею
коли	ко́ли
колизее	колизе́е
колизеем	колизе́ем
колизей	колизе́й
колизею	колизе́ю
колизея	колизе́я
колката	ко́лката
колкате	ко́лкате
колкатой	ко́лкатой
колкатою	ко́лкатою
колкату	ко́лкату
колкаты	ко́лкаты
колой	ко́лой
коломбо	коло́мбо
коломна	коло́мна
коломне	коло́мне
коломной	коло́мной
коломною	коло́мною
коломну	коло́мну
коломны	коло́мны
коломые	коломы́е
коломыей	коломы́ей
коломыею	коломы́ею
коломыи	коломы́и
коломыю	коломы́ю
коломыя	коломы́я
колорадо	колора́до
колосов	ко́лосов
колосова	ко́лосова
колосове	ко́лосове
колосовой	ко́лосовой
колосовою	ко́лосовою
колосову	ко́лосову
колосовы	ко́лосовы
колосовым	ко́лосовым
колосовыми	ко́лосовыми
колосовых	ко́лосовых
колою	ко́лою
колу	ко́лу
колумбией	колу́мбией
колумбиею	колу́мбиею
колумбии	колу́мбии
колумбию	колу́мбию
колумбия	колу́мбия
колумбус	колу́мбус
колумбуса	колу́мбуса
колумбусе	колу́мбусе
колумбусом	колу́мбусом
колумбусу	колу́мбусу
колхида	колхи́да
колхиде	колхи́де
колхидой	колхи́дой
колхидою	колхи́дою
колхиду	колхи́ду
колхиды	колхи́ды
колчак	колча́к
колчака	колчака́
колчакам	колчака́м
колчаками	колчака́ми
колчаках	колчака́х
колчаке	колчаке́
колчаки	колчаки́
колчаков	колчако́в
колчаком	колчако́м
колчаку	колчаку́
колы	ко́лы
колыма	колыма́
колыме	колыме́
колымой	колымо́й
колымою	колымо́ю
колыму	колыму́
колымы	колымы́
кольбер	кольбе́р
кольбера	кольбе́ра
кольберам	кольбе́рам
кольберами	кольбе́рами
кольберах	кольбе́рах
кольбере	кольбе́ре
кольберов	кольбе́ров
кольбером	кольбе́ром
кольберу	кольбе́ру
кольберы	кольбе́ры
колю	ко́лю
коля	ко́ля
колям	ко́лям
колями	ко́лями
колян	коля́н
коляна	коля́на
колянам	коля́нам
колянами	коля́нами
колянах	коля́нах
коляне	коля́не
колянов	коля́нов
коляном	коля́ном
коляну	коля́ну
коляны	коля́ны
колях	ко́лях
комаров	комаро́в
комарова	комаро́ва
комарове	комаро́ве
комаровой	комаро́вой
комаровою	комаро́вою
комарову	комаро́ву
комаровы	комаро́вы
комаровым	комаро́вым
комаровыми	комаро́выми
комаровых	комаро́вых
комбса	ко́мбса
комбсам	ко́мбсам
комбсами	ко́мбсами
комбсах	ко́мбсах
комбсе	ко́мбсе
комбсов	ко́мбсов
комбсом	ко́мбсом
комбсу	ко́мбсу
комбсы	ко́мбсы
коми	ко́ми
коминтерн	коминте́рн
коминтерна	коминте́рна
коминтерне	коминте́рне
коминтерном	коминте́рном
коминтерну	коминте́рну
комиссаров	комисса́ров
комиссарова	комисса́рова
комиссарове	комисса́рове
комиссаровой	комисса́ровой
комиссаровою	комисса́ровою
комиссарову	комисса́рову
комиссаровы	комисса́ровы
комиссаровым	комисса́ровым
комиссаровыми	комисса́ровыми
комиссаровых	комисса́ровых
комолов	комо́лов
комолова	комо́лова
комолове	комо́лове
комоловой	комо́ловой
комоловою	комо́ловою
комолову	комо́лову
комоловы	комо́ловы
комоловым	комо́ловым
комоловыми	комо́ловыми
комоловых	комо́ловых
комор	комо́р
коморам	комо́рам
коморами	комо́рами
коморах	комо́рах
коморы	комо́ры
компас	ко́мпас
компаса	ко́мпаса
компасе	ко́мпасе
компасом	ко́мпасом
компасу	ко́мпасу
конакри	конакри́
конашенков	конаше́нков
конашенкова	конаше́нкова
конашенкове	конаше́нкове
конашенковой	конаше́нковой
конашенковою	конаше́нковою
конашенкову	конаше́нкову
конашенковы	конаше́нковы
конашенковым	конаше́нковым
конашенковыми	конаше́нковыми
конашенковых	конаше́нковых
конго	ко́нго
конев	ко́нев
конева	ко́нева
коневе	ко́неве
коневой	ко́невой
коневою	ко́невою
коневу	ко́неву
коневы	ко́невы
коневым	ко́невым
коневыми	ко́невыми
коневых	ко́невых
конкин	ко́нкин
конкина	ко́нкина
конкине	ко́нкине
конкиной	ко́нкиной
конкиною	ко́нкиною
конкину	ко́нкину
конкины	ко́нкины
конкиным	ко́нкиным
конкиными	ко́нкиными
конкиных	ко́нкиных
конкорд	ко́нкорд
конкорда	ко́нкорда
конкорде	ко́нкорде
конкордом	ко́нкордом
конкорду	ко́нкорду
конли	ко́нли
коннахт	ко́ннахт
коннахта	ко́ннахта
коннахте	ко́ннахте
коннахтом	ко́ннахтом
коннахту	ко́ннахту
коннектикут	конне́ктикут
коннектикута	конне́ктикута
коннектикуте	конне́ктикуте
коннектикутом	конне́ктикутом
коннектикуту	конне́ктикуту
коннелли	ко́ннелли
коно	ко́но
конотоп	коното́п
конотопа	коното́па
конотопе	коното́пе
конотопом	коното́пом
конотопу	коното́пу
константин	константи́н
константина	константи́на
константине	константи́не
константинов	константи́нов
константинова	константи́нова
константинове	константи́нове
константиновка	константи́новка
константиновке	константи́новке
константиновки	константи́новки
константиновкой	константи́новкой
константиновкою	константи́новкою
константиновку	константи́новку
константиновой	константи́новой
константиновою	константи́новою
константинову	константи́нову
константиновы	константи́новы
константиновым	константи́новым
константиновыми	константи́новыми
константиновых	константи́новых
константином	константи́ном
константинополе	константино́поле
константинополем	константино́полем
константинополь	константино́поль
константинополю	константино́полю
константинополя	константино́поля
константину	константи́ну
конфитюренбург	конфитюренбу́рг
конфитюренбурга	конфитюренбу́рга
конфитюренбурге	конфитюренбу́рге
конфитюренбургом	конфитюренбу́ргом
конфитюренбургу	конфитюренбу́ргу
конфуцием	конфу́цием
конфуции	конфу́ции
конфуций	конфу́ций
конфуцию	конфу́цию
конфуция	конфу́ция
конье	ко́нье
коньей	ко́ньей
коньею	ко́ньею
коньи	ко́ньи
конью	ко́нью
конья	ко́нья
копелян	копеля́н
копеляна	копеля́на
копелянам	копеля́нам
копелянами	копеля́нами
копелянах	копеля́нах
копеляне	копеля́не
копелянов	копеля́нов
копеляном	копеля́ном
копеляну	копеля́ну
копеляны	копеля́ны
копенгаген	копенга́ген
копенгагена	копенга́гена
копенгагене	копенга́гене
копенгагеном	копенга́геном
копенгагену	копенга́гену
кораблев	кораблёв
кораблева	кораблёва
кораблеве	кораблёве
кораблевой	кораблёвой
кораблевою	кораблёвою
кораблеву	кораблёву
кораблевы	кораблёвы
кораблевым	кораблёвым
кораблевыми	кораблёвыми
кораблевых	кораблёвых
коран	кора́н
корана	кора́на
коранам	кора́нам
коранами	кора́нами
коранах	кора́нах
коране	кора́не
коранов	кора́нов
кораном	кора́ном
корану	кора́ну
кораны	кора́ны
коре	корё
корее	коре́е
кореей	коре́ей
кореею	коре́ею
кореи	коре́и
корей	коре́й
коренев	ко́ренев
коренева	ко́ренева
кореневе	ко́реневе
кореневой	ко́реневой
кореневою	ко́реневою
кореневу	ко́реневу
кореневы	ко́реневы
кореневым	ко́реневым
кореневыми	ко́реневыми
кореневых	ко́реневых
корею	коре́ю
корея	коре́я
кореям	коре́ям
кореями	коре́ями
кореях	коре́ях
кормак	ко́рмак
кормака	ко́рмака
кормакам	ко́рмакам
кормаками	ко́рмаками
кормаках	ко́рмаках
кормаке	ко́рмаке
кормаки	ко́рмаки
кормаков	ко́рмаков
кормаком	ко́рмаком
кормаку	ко́рмаку
корнилов	корни́лов
корнилова	корни́лова
корнилове	корни́лове
корниловой	корни́ловой
корниловою	корни́ловою
корнилову	корни́лову
корниловы	корни́ловы
корниловым	корни́ловым
корниловыми	корни́ловыми
корниловых	корни́ловых
коровин	коро́вин
коровина	коро́вина
коровине	коро́вине
коровиной	коро́виной
коровиною	коро́виною
коровину	коро́вину
коровины	коро́вины
коровиным	коро́виным
коровиными	коро́виными
коровиных	коро́виных
королев	королёв
королева	королёва
королеве	королёве
королевец	короле́вец
королевеца	короле́веца
королевеце	короле́веце
королевецем	короле́вецем
королевецу	короле́вецу
королевой	королёвой
королевою	королёвою
королеву	королёву
королевы	королёвы
королевым	королёвым
королевыми	королёвыми
королевых	королёвых
коростене	ко́ростене
коростенем	ко́ростенем
коростень	ко́ростень
коростеню	ко́ростеню
коростеня	ко́ростеня
корсакстан	корсакста́н
корсакстана	корсакста́на
корсакстанам	корсакста́нам
корсакстанами	корсакста́нами
корсакстанах	корсакста́нах
корсакстане	корсакста́не
корсакстанов	корсакста́нов
корсакстаном	корсакста́ном
корсакстану	корсакста́ну
корсакстаны	корсакста́ны
корсика	ко́рсика
корсике	ко́рсике
корсики	ко́рсики
корсикой	ко́рсикой
корсикою	ко́рсикою
корсику	ко́рсику
корфу	ко́рфу
корчная	корчна́я
корчного	корчно́го
корчной	корчно́й
корчном	корчно́м
корчному	корчно́му
корчною	корчно́ю
корчную	корчну́ю
корчные	корчны́е
корчным	корчны́м
корчными	корчны́ми
корчных	корчны́х
коршунов	ко́ршунов
коршунова	ко́ршунова
коршунове	ко́ршунове
коршуновой	ко́ршуновой
коршуновою	ко́ршуновою
коршунову	ко́ршунову
коршуновы	ко́ршуновы
коршуновым	ко́ршуновым
коршуновыми	ко́ршуновыми
коршуновых	ко́ршуновых
корюковка	корю́ковка
корюковке	корю́ковке
корюковки	корю́ковки
корюковкой	корю́ковкой
корюковкою	корю́ковкою
корюковку	корю́ковку
косов	ко́сов
косова	ко́сова
косове	ко́сове
косово	ко́сово
косовом	ко́совом
косову	ко́сову
косте	ко́сте
костей	ко́стей
костею	ко́стею
кости	ко́сти
кострома	кострома́
костроме	костроме́
костромой	костромо́й
костромою	костромо́ю
кострому	кострому́
костромы	костромы́
костылев	костылёв
костылева	костылёва
костылеве	костылёве
костылевой	костылёвой
костылевою	костылёвою
костылеву	костылёву
костылевы	костылёвы
костылевым	костылёвым
костылевыми	костылёвыми
костылевых	костылёвых
костю	ко́стю
костя	ко́стя
котайк	кота́йк
котайка	кота́йка
коти	ко́ти
кото	ко́то
котов	ко́тов
котова	ко́това
котове	ко́тове
котовой	ко́товой
котовою	ко́товою
котовская	кото́вская
котовские	кото́вские
котовский	кото́вский
котовским	кото́вским
котовскими	кото́вскими
котовских	кото́вских
котовского	кото́вского
котовской	кото́вской
котовском	кото́вском
котовскому	кото́вскому
котовскою	кото́вскою
котовскую	кото́вскую
котову	ко́тову
котовы	ко́товы
котовым	ко́товым
котовыми	ко́товыми
котовых	ко́товых
котону	котону́
котрикадзе	котрика́дзе
коха	ко́ха
кохам	ко́хам
кохами	ко́хами
кохах	ко́хах
кохе	ко́хе
кохи	ко́хи
кохов	ко́хов
кохом	ко́хом
коху	ко́ху
кошалин	коша́лин
кошалина	коша́лина
кошалине	коша́лине
кошалином	коша́лином
кошалину	коша́лину
кощее	коще́е
кощеев	коще́ев
кощеем	коще́ем
кощеи	коще́и
кощей	коще́й
кощею	коще́ю
кощея	коще́я
кощеям	коще́ям
кощеями	коще́ями
кощеях	коще́ях
кравченко	кра́вченко
кравчук	кравчу́к
кравчука	кравчука́
кравчукам	кравчука́м
кравчуками	кравчука́ми
кравчуках	кравчука́х
кравчуке	кравчуке́
кравчуки	кравчуки́
кравчуков	кравчуко́в
кравчуком	кравчуко́м
кравчуку	кравчуку́
краков	кра́ков
кракова	кра́кова
кракове	кра́кове
краковом	кра́ковом
кракову	кра́кову
крамаров	кра́маров
крамарова	кра́марова
крамарове	кра́марове
крамаровой	кра́маровой
крамаровою	кра́маровою
крамарову	кра́марову
крамаровы	кра́маровы
крамаровым	кра́маровым
крамаровыми	кра́маровыми
крамаровых	кра́маровых
краматорск	крамато́рск
краматорска	крамато́рска
краматорске	крамато́рске
краматорском	крамато́рском
краматорску	крамато́рску
красиков	кра́сиков
красикова	кра́сикова
красикове	кра́сикове
красиковой	кра́сиковой
красиковою	кра́сиковою
красикову	кра́сикову
красиковы	кра́сиковы
красиковым	кра́сиковым
красиковыми	кра́сиковыми
красиковых	кра́сиковых
краснов	красно́в
краснова	красно́ва
краснове	красно́ве
красновой	красно́вой
красновою	красно́вою
красновская	красно́вская
красновские	красно́вские
красновский	красно́вский
красновским	красно́вским
красновскими	красно́вскими
красновских	красно́вских
красновского	красно́вского
красновской	красно́вской
красновском	красно́вском
красновскому	красно́вскому
красновскою	красно́вскою
красновскую	красно́вскую
краснову	красно́ву
красновы	красно́вы
красновым	красно́вым
красновыми	красно́выми
красновых	красно́вых
красногорск	красного́рск
красногорска	красного́рска
красногорске	красного́рске
красногорском	красного́рском
красногорску	красного́рску
красноград	красногра́д
краснограда	красногра́да
краснограде	красногра́де
красноградом	красногра́дом
краснограду	красногра́ду
краснодар	краснода́р
краснодара	краснода́ра
краснодаре	краснода́ре
краснодаром	краснода́ром
краснодару	краснода́ру
красноморск	красномо́рск
красноморска	красномо́рска
красноморске	красномо́рске
красноморском	красномо́рском
красноморску	красномо́рску
красноярск	красноя́рск
красноярска	красноя́рска
красноярске	красноя́рске
красноярском	красноя́рском
красноярску	красноя́рску
красса	кра́сса
крассе	кра́ссе
крассом	кра́ссом
крассу	кра́ссу
крашенинников	крашени́нников
крашенинникова	крашени́нникова
крашенинникове	крашени́нникове
крашенинниковой	крашени́нниковой
крашенинниковою	крашени́нниковою
крашенинникову	крашени́нникову
крашенинниковы	крашени́нниковы
крашенинниковым	крашени́нниковым
крашенинниковыми	крашени́нниковыми
крашенинниковых	крашени́нниковых
кременец	кре́менец
кременная	кременна́я
кременной	кременно́й
кременною	кременно́ю
кременную	кременну́ю
кременца	кре́менца
кременце	кре́менце
кременцем	кре́менцем
кременцу	кре́менцу
кременчуг	кременчу́г
кременчуга	кременчуга́
кременчуге	кременчуге́
кременчугом	кременчуго́м
кременчугу	кременчугу́
кремле	кремле́
кремлем	кремлём
кремлю	кремлю́
кремля	кремля́
кристиан	кри́стиан
кристиана	кри́стиана
кристианам	кри́стианам
кристианами	кри́стианами
кристианах	кри́стианах
кристиане	кри́стиане
кристианов	кри́стианов
кристианом	кри́стианом
кристиану	кри́стиану
кристианы	кри́стианы
кристин	кристи́н
кристина	кристи́на
кристинам	кристи́нам
кристинами	кристи́нами
кристинах	кристи́нах
кристине	кристи́не
кристиной	кристи́ной
кристиною	кристи́ною
кристину	кристи́ну
кристины	кристи́ны
кристоферсон	кристо́ферсон
кристоферсона	кристо́ферсона
кристоферсонам	кристо́ферсонам
кристоферсонами	кристо́ферсонами
кристоферсонах	кристо́ферсонах
кристоферсоне	кристо́ферсоне
кристоферсонов	кристо́ферсонов
кристоферсоном	кристо́ферсоном
кристоферсону	кристо́ферсону
кристоферсоны	кристо́ферсоны
кристофферсон	кристо́фферсон
кристофферсона	кристо́фферсона
кристофферсонам	кристо́фферсонам
кристофферсонами	кристо́фферсонами
кристофферсонах	кристо́фферсонах
кристофферсоне	кристо́фферсоне
кристофферсонов	кристо́фферсонов
кристофферсоном	кристо́фферсоном
кристофферсону	кристо́фферсону
кристофферсоны	кристо́фферсоны
крита	кри́та
крите	кри́те
критом	кри́том
криту	кри́ту
кришна	кри́шна
кришнам	кри́шнам
кришнами	кри́шнами
кришнах	кри́шнах
кришне	кри́шне
кришной	кри́шной
кришною	кри́шною
кришну	кри́шну
кришны	кри́шны
кролик	кро́лик
кролика	кро́лика
кролике	кро́лике
кроликом	кро́ликом
кролику	кро́лику
кромвелл	кро́мвелл
кромвель	кро́мвель
кромуэлл	кро́муэлл
кронштадт	кроншта́дт
кронштадта	кроншта́дта
кронштадте	кроншта́дте
кронштадтом	кроншта́дтом
кронштадту	кроншта́дту
кропивницкая	кропивни́цкая
кропивницкие	кропивни́цкие
кропивницкий	кропивни́цкий
кропивницким	кропивни́цким
кропивницкими	кропивни́цкими
кропивницких	кропивни́цких
кропивницкого	кропивни́цкого
кропивницкой	кропивни́цкой
кропивницком	кропивни́цком
кропивницкому	кропивни́цкому
кропивницкою	кропивни́цкою
кропивницкую	кропивни́цкую
крылов	крыло́в
крылова	крыло́ва
крылове	крыло́ве
крыловой	крыло́вой
крыловою	крыло́вою
крылову	крыло́ву
крыловы	крыло́вы
крыловым	крыло́вым
крыловыми	крыло́выми
крыловых	крыло́вых
крыма	кры́ма
крыме	кры́ме
крымом	кры́мом
крючков	крючко́в
крючкова	крючко́ва
крючкове	крючко́ве
крючковой	крючко́вой
крючковою	крючко́вою
крючкову	крючко́ву
крючковы	крючко́вы
крючковым	крючко́вым
крючковыми	крючко́выми
крючковых	крючко́вых
ксавериев	ксаве́риев
ксаверием	ксаве́рием
ксаверии	ксаве́рии
ксаверий	ксаве́рий
ксаверию	ксаве́рию
ксаверия	ксаве́рия
ксавериям	ксаве́риям
ксавериями	ксаве́риями
ксавериях	ксаве́риях
ксена	ксе́на
ксенам	ксе́нам
ксенами	ксе́нами
ксенах	ксе́нах
ксене	ксе́не
ксенией	ксе́нией
ксениею	ксе́ниею
ксении	ксе́нии
ксений	ксе́ний
ксению	ксе́нию
ксения	ксе́ния
ксениям	ксе́ниям
ксениями	ксе́ниями
ксениях	ксе́ниях
ксеной	ксе́ной
ксенофан	ксенофа́н
ксенофана	ксенофа́на
ксенофане	ксенофа́не
ксенофаном	ксенофа́ном
ксенофану	ксенофа́ну
ксеною	ксе́ною
ксену	ксе́ну
ксены	ксе́ны
ксеркса	ксе́ркса
ксерксе	ксе́рксе
ксерксом	ксе́рксом
ксерксу	ксе́рксу
ктулху	кту́лху
куба	ку́ба
кубани	куба́ни
кубань	куба́нь
кубанью	куба́нью
кубе	ку́бе
кубой	ку́бой
кубою	ку́бою
кубу	ку́бу
кубы	ку́бы
куваев	кува́ев
куваева	кува́ева
куваеве	кува́еве
куваевой	кува́евой
куваевою	кува́евою
куваеву	кува́еву
куваевы	кува́евы
куваевым	кува́евым
куваевыми	кува́евыми
куваевых	кува́евых
кувейт	куве́йт
кувейта	куве́йта
кувейте	куве́йте
кувейтом	куве́йтом
кувейту	куве́йту
кудрявцев	кудря́вцев
кудрявцева	кудря́вцева
кудрявцеве	кудря́вцеве
кудрявцевой	кудря́вцевой
кудрявцевою	кудря́вцевою
кудрявцеву	кудря́вцеву
кудрявцевы	кудря́вцевы
кудрявцевым	кудря́вцевым
кудрявцевыми	кудря́вцевыми
кудрявцевых	кудря́вцевых
куев	ку́ев
куева	ку́ева
куеве	ку́еве
куевом	ку́евом
куеву	ку́еву
кузек	ку́зек
кузнецов	кузнецо́в
кузнецова	кузнецо́ва
кузнецове	кузнецо́ве
кузнецовой	кузнецо́вой
кузнецовою	кузнецо́вою
кузнецову	кузнецо́ву
кузнецовы	кузнецо́вы
кузнецовым	кузнецо́вым
кузнецовыми	кузнецо́выми
кузнецовых	кузнецо́вых
кузька	ку́зька
кузькам	ку́зькам
кузьками	ку́зьками
кузьках	ку́зьках
кузьке	ку́зьке
кузьки	ку́зьки
кузькой	ку́зькой
кузькою	ку́зькою
кузьку	ку́зьку
кузьма	кузьма́
кузьмам	ку́зьмам
кузьмами	ку́зьмами
кузьмах	ку́зьмах
кузьме	кузьме́
кузьмин	кузьми́н
кузьмина	кузьмина́
кузьмине	кузьмине́
кузьминовов	кузьми́новов
кузьминой	кузьмино́й
кузьминою	кузьмино́ю
кузьмину	кузьмину́
кузьмины	кузьмины́
кузьминым	кузьмины́м
кузьмиными	кузьмины́ми
кузьминых	кузьмины́х
кузьмой	кузьмо́й
кузьмою	кузьмо́ю
кузьму	кузьму́
куив	ку́ив
куинс	куи́нс
куинса	куи́нса
куинсе	куи́нсе
куинсом	куи́нсом
куинсу	куи́нсу
куйбышев	ку́йбышев
куйбышева	ку́йбышева
куйбышеве	ку́йбышеве
куйбышевой	ку́йбышевой
куйбышевом	ку́йбышевом
куйбышевою	ку́йбышевою
куйбышеву	ку́йбышеву
куйбышевы	ку́йбышевы
куйбышевым	ку́йбышевым
куйбышевыми	ку́йбышевыми
куйбышевых	ку́йбышевых
куйтун	куйту́н
кулеб	куле́б
кулеба	куле́ба
кулебам	куле́бам
кулебами	куле́бами
кулебах	куле́бах
кулебе	куле́бе
кулебой	куле́бой
кулебою	куле́бою
кулебу	куле́бу
кулебы	куле́бы
кулибин	кули́бин
кулибина	кули́бина
кулибине	кули́бине
кулибиной	кули́биной
кулибиною	кули́биною
кулибину	кули́бину
кулибины	кули́бины
кулибиным	кули́биным
кулибиными	кули́биными
кулибиных	кули́биных
кульбакин	кульба́кин
кульбакина	кульба́кина
кульбакине	кульба́кине
кульбакиной	кульба́киной
кульбакиною	кульба́киною
кульбакину	кульба́кину
кульбакины	кульба́кины
кульбакиным	кульба́киным
кульбакиными	кульба́киными
кульбакиных	кульба́киных
кума	ку́ма
кумамото	кумамо́то
кумаси	кума́си
куме	ку́ме
кумом	ку́мом
куму	ку́му
куньмин	куньми́н
куньмина	куньми́на
куньмине	куньми́не
куньмином	куньми́ном
куньмину	куньми́ну
куопио	ку́опио
купидон	купидо́н
купидона	купидо́на
купидоне	купидо́не
купидоном	купидо́ном
купидону	купидо́ну
куприн	купри́н
куприна	куприна́
куприне	куприне́
куприной	куприно́й
куприною	куприно́ю
куприну	куприну́
куприны	куприны́
куприным	куприны́м
куприными	куприны́ми
куприных	куприны́х
купянск	ку́пянск
купянска	ку́пянска
купянске	ку́пянске
купянском	ку́пянском
купянску	ку́пянску
куравлев	куравлёв
куравлева	куравлёва
куравлеве	куравлёве
куравлевой	куравлёвой
куравлевою	куравлёвою
куравлеву	куравлёву
куравлевы	куравлёвы
куравлевым	куравлёвым
куравлевыми	куравлёвыми
куравлевых	куравлёвых
курбанов	курба́нов
курбанова	курба́нова
курбанове	курба́нове
курбановой	курба́новой
курбановою	курба́новою
курбанову	курба́нову
курбановы	курба́новы
курбановым	курба́новым
курбановыми	курба́новыми
курбановых	курба́новых
курбыко	курбы́ко
курган	курга́н
кургана	курга́на
кургане	курга́не
курганом	курга́ном
кургану	курга́ну
курдистан	курдиста́н
курдистана	курдиста́на
курдистане	курдиста́не
курдистаном	курдиста́ном
курдистану	курдиста́ну
курил	кури́л
курилам	кури́лам
курилами	кури́лами
курилах	кури́лах
курилы	кури́лы
курков	курко́в
куркова	курко́ва
куркове	курко́ве
курковой	курко́вой
курковою	курко́вою
куркову	курко́ву
курковы	курко́вы
курковым	курко́вым
курковыми	курко́выми
курковых	курко́вых
курляндией	курля́ндией
курляндиею	курля́ндиею
курляндии	курля́ндии
курляндию	курля́ндию
курляндия	курля́ндия
курников	ку́рников
курникова	ку́рникова
курникове	ку́рникове
курниковой	ку́рниковой
курниковою	ку́рниковою
курникову	ку́рникову
курниковы	ку́рниковы
курниковым	ку́рниковым
курниковыми	ку́рниковыми
курниковых	ку́рниковых
курносов	курно́сов
курносова	курно́сова
курносове	курно́сове
курносовой	курно́совой
курносовою	курно́совою
курносову	курно́сову
курносовы	курно́совы
курносовым	курно́совым
курносовыми	курно́совыми
курносовых	курно́совых
курска	ку́рска
курске	ку́рске
курском	ку́рском
курску	ку́рску
курчатов	курча́тов
курчатова	курча́това
курчатове	курча́тове
курчатовой	курча́товой
курчатовою	курча́товою
курчатову	курча́тову
курчатовы	курча́товы
курчатовым	курча́товым
курчатовыми	курча́товыми
курчатовых	курча́товых
кусиро	куси́ро
кутаиси	кутаи́си
кутузов	куту́зов
кутузова	куту́зова
кутузове	куту́зове
кутузовой	куту́зовой
кутузовою	куту́зовою
кутузову	куту́зову
кутузовы	куту́зовы
кутузовым	куту́зовым
кутузовыми	куту́зовыми
кутузовых	куту́зовых
кучиньск	кучи́ньск
кучиньска	кучи́ньска
кучиньскам	кучи́ньскам
кучиньсками	кучи́ньсками
кучиньсках	кучи́ньсках
кучиньске	кучи́ньске
кучиньски	кучи́ньски
кучиньскиев	кучи́ньскиев
кучиньскием	кучи́ньскием
кучиньскии	кучи́ньскии
кучиньский	кучи́ньский
кучиньскию	кучи́ньскию
кучиньския	кучи́ньския
кучиньскиям	кучи́ньскиям
кучиньскиями	кучи́ньскиями
кучиньскиях	кучи́ньскиях
кучиньской	кучи́ньской
кучиньскою	кучи́ньскою
кучиньску	кучи́ньску
кучкова	ку́чкова
кучкове	ку́чкове
кучково	ку́чково
кучковом	ку́чковом
кучкову	ку́чкову
кушнаре	кушнаре́
кушнарей	кушнаре́й
кушнарем	кушнарём
кушнари	кушнари́
кушнарь	кушна́рь
кушнарю	кушнарю́
кушнаря	кушнаря́
кушнарям	кушнаря́м
кушнарями	кушнаря́ми
кушнарях	кушнаря́х
кызыл	кызы́л
кызыла	кызы́ла
кызыле	кызы́ле
кызылом	кызы́лом
кызылу	кызы́лу
кынговее	кынгове́е
кынговеем	кынгове́ем
кынговей	кынгове́й
кынговею	кынгове́ю
кынговея	кынгове́я
кыргызстан	кыргызста́н
кыргызстана	кыргызста́на
кыргызстане	кыргызста́не
кыргызстаном	кыргызста́ном
кыргызстану	кыргызста́ну
кэйсукэ	кэ́йсукэ
кэрнса	кэ́рнса
кэрнсе	кэ́рнсе
кэрнсом	кэ́рнсом
кэрнсу	кэ́рнсу
кэрролл	кэ́рролл
кэрролла	кэ́рролла
кэрроллам	кэ́рроллам
кэрроллами	кэ́рроллами
кэрроллах	кэ́рроллах
кэрролле	кэ́рролле
кэрроллов	кэ́рроллов
кэрроллом	кэ́рроллом
кэрроллу	кэ́рроллу
кэрроллы	кэ́рроллы
кюерелях	кюёрелях
кюереляха	кюёреляха
кюереляхе	кюёреляхе
кюереляхом	кюёреляхом
кюереляху	кюёреляху
кюсю	кюсю́
кютахье	кюта́хье
кютахьей	кюта́хьей
кютахьею	кюта́хьею
кютахьи	кюта́хьи
кютахью	кюта́хью
кютахья	кюта́хья
ла-манш	ла-ма́нш
ла-манша	ла-ма́нша
ла-манше	ла-ма́нше
ла-маншем	ла-ма́ншем
ла-маншу	ла-ма́ншу
ла-пас	ла-па́с
ла-паса	ла-па́са
ла-пасе	ла-па́се
ла-пасом	ла-па́сом
ла-пасу	ла-па́су
лавразией	лавра́зией
лавразиею	лавра́зиею
лавразии	лавра́зии
лавразию	лавра́зию
лавразия	лавра́зия
лавров	лавро́в
лаврова	лавро́ва
лаврове	лавро́ве
лавровой	лавро́вой
лавровою	лавро́вою
лаврову	лавро́ву
лавровы	лавро́вы
лавровым	лавро́вым
лавровыми	лавро́выми
лавровых	лавро́вых
лагос	ла́гос
лагоса	ла́госа
лагосе	ла́госе
лагосом	ла́госом
лагосу	ла́госу
лада	ла́да
ладам	ла́дам
ладами	ла́дами
ладах	ла́дах
ладе	ла́де
ладог	ла́дог
ладога	ла́дога
ладогам	ла́догам
ладогами	ла́догами
ладогах	ла́догах
ладоге	ла́доге
ладоги	ла́доги
ладогой	ла́догой
ладогою	ла́догою
ладогу	ла́догу
ладой	ла́дой
ладою	ла́дою
ладу	ла́ду
лады	ла́ды
лазаре	ла́заре
лазарев	ла́зарев
лазарева	ла́зарева
лазареве	ла́зареве
лазаревой	ла́заревой
лазаревою	ла́заревою
лазаревским	ла́заревским
лазаревского	ла́заревского
лазаревское	ла́заревское
лазаревском	ла́заревском
лазаревскому	ла́заревскому
лазареву	ла́зареву
лазаревы	ла́заревы
лазаревым	ла́заревым
лазаревыми	ла́заревыми
лазаревых	ла́заревых
лазарей	ла́зарей
лазарем	ла́зарем
лазари	ла́зари
лазарь	ла́зарь
лазарю	ла́зарю
лазаря	ла́заря
лазарям	ла́зарям
лазарями	ла́зарями
лазарях	ла́зарях
лама	ла́ма
ламе	ла́ме
ламой	ла́мой
ламою	ла́мою
ламу	ла́му
ламы	ла́мы
лановая	ланова́я
ланового	ланово́го
лановой	ланово́й
лановом	ланово́м
лановому	ланово́му
лановою	ланово́ю
лановую	ланову́ю
лановые	лановы́е
лановым	лановы́м
лановыми	лановы́ми
лановых	лановы́х
лансере	лансере́
лансинг	ла́нсинг
лансинга	ла́нсинга
лансинге	ла́нсинге
лансингом	ла́нсингом
лансингу	ла́нсингу
лаос	лао́с
лаоса	лао́са
лаосе	лао́се
лаосом	лао́сом
лаосу	лао́су
лапландией	лапла́ндией
лапландиею	лапла́ндиею
лапландии	лапла́ндии
лапландию	лапла́ндию
лапландия	лапла́ндия
лара	ла́ра
ларам	ла́рам
ларами	ла́рами
ларах	ла́рах
ларе	ла́ре
ларин	ла́рин
ларина	ла́рина
ларине	ла́рине
лариной	ла́риной
лариною	ла́риною
ларину	ла́рину
ларины	ла́рины
лариным	ла́риным
лариными	ла́риными
лариных	ла́риных
ларис	лари́с
лариса	лари́са
ларисам	лари́сам
ларисами	лари́сами
ларисах	лари́сах
ларисе	лари́се
ларисой	лари́сой
ларисою	лари́сою
ларису	лари́су
ларисы	лари́сы
ларой	ла́рой
ларою	ла́рою
лару	ла́ру
лары	ла́ры
ласа	ла́са
ласе	ла́се
ласой	ла́сой
ласою	ла́сою
ласу	ла́су
ласы	ла́сы
латакии	латаки́и
латакия	латаки́я
латвией	ла́твией
латвиею	ла́твиею
латвии	ла́твии
латвию	ла́твию
латвия	ла́твия
латынин	латы́нин
латынина	латы́нина
латынине	латы́нине
латыниной	латы́ниной
латыниною	латы́ниною
латынину	латы́нину
латынины	латы́нины
латыниным	латы́ниным
латыниными	латы́ниными
латыниных	латы́ниных
лахор	лахо́р
лахора	лахо́ра
лахоре	лахо́ре
лахором	лахо́ром
лахору	лахо́ру
лебеде	ле́беде
лебедев	ле́бедев
лебедева	ле́бедева
лебедеве	ле́бедеве
лебедевой	ле́бедевой
лебедевою	ле́бедевою
лебедеву	ле́бедеву
лебедевы	ле́бедевы
лебедевым	ле́бедевым
лебедевыми	ле́бедевыми
лебедевых	ле́бедевых
лебедем	ле́бедем
лебеди	ле́беди
лебедь	ле́бедь
лебедю	ле́бедю
лебедя	ле́бедя
леблан	лебла́н
леблана	лебла́на
лебланам	лебла́нам
лебланами	лебла́нами
лебланах	лебла́нах
леблане	лебла́не
лебланов	лебла́нов
лебланом	лебла́ном
леблану	лебла́ну
лебланы	лебла́ны
левант	лева́нт
леванта	лева́нта
леванте	лева́нте
левантом	лева́нтом
леванту	лева́нту
левиев	леви́ев
левиева	леви́ева
левиеве	леви́еве
левиевой	леви́евой
левиевою	леви́евою
левиеву	леви́еву
левиевы	леви́евы
левиевым	леви́евым
левиевыми	леви́евыми
левиевых	леви́евых
лейден	ле́йден
лейдена	ле́йдена
лейдене	ле́йдене
лейденом	ле́йденом
лейдену	ле́йдену
лейла	ле́йла
лейлам	ле́йлам
лейлами	ле́йлами
лейлах	ле́йлах
лейле	ле́йле
лейлой	ле́йлой
лейлою	ле́йлою
лейлу	ле́йлу
лейлы	ле́йлы
лейнстер	ле́йнстер
лейнстера	ле́йнстера
лейнстере	ле́йнстере
лейнстером	ле́йнстером
лейнстеру	ле́йнстеру
лейпциг	ле́йпциг
лейпцига	ле́йпцига
лейпцигам	ле́йпцигам
лейпцигами	ле́йпцигами
лейпцигах	ле́йпцигах
лейпциге	ле́йпциге
лейпциги	ле́йпциги
лейпцигов	ле́йпцигов
лейпцигом	ле́йпцигом
лейпцигу	ле́йпцигу
лелистад	ле́листад
лелистада	ле́листада
лелистаде	ле́листаде
лелистадом	ле́листадом
лелистаду	ле́листаду
лена	ле́на
ленам	ле́нам
ленами	ле́нами
ленах	ле́нах
лене	лёне
леней	лёней
ленею	лёнею
лени	лёни
ленин	ле́нин
ленина	ле́нина
ленингор	ленинго́р
ленингора	ленинго́ра
ленингоре	ленинго́ре
ленингором	ленинго́ром
ленингору	ленинго́ру
ленинград	ленингра́д
ленинграда	ленингра́да
ленинграде	ленингра́де
ленинградом	ленингра́дом
ленинграду	ленингра́ду
ленине	ле́нине
лениной	ле́ниной
лениною	ле́ниною
ленину	ле́нину
ленины	ле́нины
лениным	ле́ниным
лениными	ле́ниными
лениных	ле́ниных
ленне	ленне́
леной	ле́ной
леночек	ле́ночек
леночка	ле́ночка
леночкам	ле́ночкам
леночками	ле́ночками
леночках	ле́ночках
леночке	ле́ночке
леночки	ле́ночки
леночкой	ле́ночкой
леночкою	ле́ночкою
леночку	ле́ночку
леною	ле́ною
ленстер	ле́нстер
ленстера	ле́нстера
ленстере	ле́нстере
ленстером	ле́нстером
ленстеру	ле́нстеру
лену	ле́ну
лены	ле́ны
лень	лёнь
леню	лёню
леня	лёня
леням	лёням
ленями	лёнями
ленях	лёнях
леонид	леони́д
леонида	леони́да
леонидам	леони́дам
леонидами	леони́дами
леонидах	леони́дах
леониде	леони́де
леонидов	леони́дов
леонидом	леони́дом
леониду	леони́ду
леониды	леони́ды
леонов	лео́нов
леонова	лео́нова
леонове	лео́нове
леоновой	лео́новой
леоновою	лео́новою
леонову	лео́нову
леоновы	лео́новы
леоновым	лео́новым
леоновыми	лео́новыми
леоновых	лео́новых
леонтьев	лео́нтьев
леонтьева	лео́нтьева
леонтьеве	лео́нтьеве
леонтьевой	лео́нтьевой
леонтьевою	лео́нтьевою
леонтьеву	лео́нтьеву
леонтьевы	лео́нтьевы
леонтьевым	лео́нтьевым
леонтьевыми	лео́нтьевыми
леонтьевых	лео́нтьевых
лермонтов	ле́рмонтов
лермонтова	ле́рмонтова
лермонтове	ле́рмонтове
лермонтовой	ле́рмонтовой
лермонтовом	ле́рмонтовом
лермонтовою	ле́рмонтовою
лермонтову	ле́рмонтову
лермонтовы	ле́рмонтовы
лермонтовым	ле́рмонтовым
лермонтовыми	ле́рмонтовыми
лермонтовых	ле́рмонтовых
лесото	лесо́то
лестер	ле́стер
лестера	ле́стера
лестерам	ле́стерам
лестерами	ле́стерами
лестерах	ле́стерах
лестере	ле́стере
лестеров	ле́стеров
лестером	ле́стером
лестеру	ле́стеру
лестеры	ле́стеры
лета	ле́та
лете	ле́те
летой	ле́той
летою	ле́тою
лету	ле́ту
леты	ле́ты
леуварден	ле́уварден
леувардена	ле́увардена
леувардене	ле́увардене
леуварденом	ле́уварденом
леувардену	ле́увардену
лех	лёх
леха	лёха
лехам	лёхам
лехами	лёхами
лехах	лёхах
лехе	лёхе
лехи	лёхи
лехой	лёхой
лехою	лёхою
леху	лёху
леш	лёш
леша	лёша
лешам	лёшам
лешами	лёшами
лешах	лёшах
леше	лёше
лешей	лёшей
лешею	лёшею
леши	лёши
лешу	лёшу
лжедмитриев	лжедми́триев
лжедмитрием	лжедми́трием
лжедмитрии	лжедми́трии
лжедмитрий	лжедми́трий
лжедмитрию	лжедми́трию
лжедмитрия	лжедми́трия
лжедмитриям	лжедми́триям
лжедмитриями	лжедми́триями
лжедмитриях	лжедми́триях
либерией	либе́рией
либериею	либе́риею
либерии	либе́рии
либерий	либе́рий
либерию	либе́рию
либерия	либе́рия
либериям	либе́риям
либериями	либе́риями
либериях	либе́риях
либревиле	либреви́ле
либревилем	либреви́лем
либревиль	либреви́ль
либревилю	либреви́лю
либревиля	либреви́ля
ливан	лива́н
ливана	лива́на
ливане	лива́не
ливанов	лива́нов
ливанова	лива́нова
ливанове	лива́нове
ливановой	лива́новой
ливановою	лива́новою
ливанову	лива́нову
ливановы	лива́новы
ливановым	лива́новым
ливановыми	лива́новыми
ливановых	лива́новых
ливаном	лива́ном
ливану	лива́ну
ливией	ли́вией
ливиею	ли́виею
ливии	ли́вии
ливию	ли́вию
ливия	ли́вия
ливорно	ливо́рно
лида	ли́да
лидам	ли́дам
лидами	ли́дами
лидах	ли́дах
лиде	ли́де
лидией	ли́дией
лидиею	ли́диею
лидии	ли́дии
лидий	ли́дий
лидию	ли́дию
лидия	ли́дия
лидиям	ли́диям
лидиями	ли́диями
лидиях	ли́диях
лидой	ли́дой
лидою	ли́дою
лиду	ли́ду
лиды	ли́ды
лиза	ли́за
лизам	ли́зам
лизами	ли́зами
лизах	ли́зах
лизе	ли́зе
лизой	ли́зой
лизою	ли́зою
лизу	ли́зу
лизы	ли́зы
ликопид	ликопи́д
ликопида	ликопи́да
ликопиде	ликопи́де
ликопидом	ликопи́дом
ликопиду	ликопи́ду
ликург	лику́рг
ликурга	лику́рга
ликурге	лику́рге
ликургом	лику́ргом
ликургу	лику́ргу
лилиан	лилиа́н
лилиана	лилиа́на
лилианам	лилиа́нам
лилианами	лилиа́нами
лилианах	лилиа́нах
лилиане	лилиа́не
лилианой	лилиа́ной
лилианою	лилиа́ною
лилиану	лилиа́ну
лилианы	лилиа́ны
лилией	ли́лией
лилиею	ли́лиею
лилии	ли́лии
лилий	ли́лий
лилию	ли́лию
лилия	ли́лия
лилиям	ли́лиям
лилиями	ли́лиями
лилиях	ли́лиях
лилонгве	лило́нгве
лима	ли́ма
лиман	лима́н
лимана	лима́на
лимане	лима́не
лиманом	лима́ном
лиману	лима́ну
лимбург	ли́мбург
лимбурга	ли́мбурга
лимбурге	ли́мбурге
лимбургом	ли́мбургом
лимбургу	ли́мбургу
лиме	ли́ме
лимой	ли́мой
лимою	ли́мою
лиму	ли́му
лимы	ли́мы
линкольн	ли́нкольн
линкольна	ли́нкольна
линкольне	ли́нкольне
линкольном	ли́нкольном
линкольну	ли́нкольну
линна	ли́нна
линнам	ли́ннам
линнами	ли́ннами
линнах	ли́ннах
линне	ли́нне
линной	ли́нной
линною	ли́нною
линну	ли́нну
линны	ли́нны
линукс	ли́нукс
линукса	ли́нукса
липецк	ли́пецк
липецка	ли́пецка
липецке	ли́пецке
липецком	ли́пецком
липецку	ли́пецку
лисицын	лиси́цын
лисицына	лиси́цына
лисицыне	лиси́цыне
лисицыной	лиси́цыной
лисицыною	лиси́цыною
лисицыну	лиси́цыну
лисицыны	лиси́цыны
лисицыным	лиси́цыным
лисицыными	лиси́цыными
лисицыных	лиси́цыных
лисичанск	лисича́нск
лисичанска	лисича́нска
лисичанске	лисича́нске
лисичанском	лисича́нском
лисичанску	лисича́нску
лиссабон	лиссабо́н
лиссабона	лиссабо́на
лиссабоне	лиссабо́не
лиссабоном	лиссабо́ном
лиссабону	лиссабо́ну
листьев	ли́стьев
листьева	ли́стьева
листьеве	ли́стьеве
листьевой	ли́стьевой
листьевою	ли́стьевою
листьеву	ли́стьеву
листьевы	ли́стьевы
листьевым	ли́стьевым
листьевыми	ли́стьевыми
листьевых	ли́стьевых
литва	литва́
литве	литве́
литвиненко	литвине́нко
литвой	литво́й
литвою	литво́ю
литву	литву́
литвы	литвы́
литл-рок	ли́тл-рок
литл-рока	ли́тл-рока
литл-роке	ли́тл-роке
литл-роком	ли́тл-роком
литл-року	ли́тл-року
лихачев	лихачёв
лихачева	лихачёва
лихачеве	лихачёве
лихачевой	лихачёвой
лихачевою	лихачёвою
лихачеву	лихачёву
лихачевы	лихачёвы
лихачевым	лихачёвым
лихачевыми	лихачёвыми
лихачевых	лихачёвых
лихтенштайн	лихтеншта́йн
лихтенштейн	лихтенште́йн
лихтенштейна	лихтенште́йна
лихтенштейне	лихтенште́йне
лихтенштейном	лихтенште́йном
лихтенштейну	лихтенште́йну
лобамба	лоба́мба
лобамбе	лоба́мбе
лобамбой	лоба́мбой
лобамбою	лоба́мбою
лобамбу	лоба́мбу
лобамбы	лоба́мбы
лобанов	лоба́нов
лобанова	лоба́нова
лобанове	лоба́нове
лобановой	лоба́новой
лобановою	лоба́новою
лобанову	лоба́нову
лобановы	лоба́новы
лобановым	лоба́новым
лобановыми	лоба́новыми
лобановых	лоба́новых
логинов	ло́гинов
логинова	ло́гинова
логинове	ло́гинове
логиновой	ло́гиновой
логиновою	ло́гиновою
логинову	ло́гинову
логиновы	ло́гиновы
логиновым	ло́гиновым
логиновыми	ло́гиновыми
логиновых	ло́гиновых
лодзи	ло́дзи
лодзью	ло́дзью
лозовая	лозова́я
лозовой	лозово́й
лозовою	лозово́ю
лозовую	лозову́ю
ломбардией	ломба́рдией
ломбардиею	ломба́рдиею
ломбардии	ломба́рдии
ломбардию	ломба́рдию
ломбардия	ломба́рдия
ломе	ломе́
ломоносов	ломоно́сов
ломоносова	ломоно́сова
ломоносове	ломоно́сове
ломоносовой	ломоно́совой
ломоносовою	ломоно́совою
ломоносову	ломоно́сову
ломоносовы	ломоно́совы
ломоносовым	ломоно́совым
ломоносовыми	ломоно́совыми
ломоносовых	ломоно́совых
лондон	ло́ндон
лондона	ло́ндона
лондонам	ло́ндонам
лондонами	ло́ндонами
лондонах	ло́ндонах
лондоне	ло́ндоне
лондонов	ло́ндонов
лондоном	ло́ндоном
лондону	ло́ндону
лондоны	ло́ндоны
лора	ло́ра
лорам	ло́рам
лорами	ло́рами
лоран	лора́н
лорана	лора́на
лоранам	лора́нам
лоранами	лора́нами
лоранах	лора́нах
лоране	лора́не
лоранов	лора́нов
лораном	лора́ном
лорану	лора́ну
лораны	лора́ны
лорах	ло́рах
лоре	ло́ре
лори	лори́
лорой	ло́рой
лорою	ло́рою
лору	ло́ру
лоры	ло́ры
лос-анджелес	лос-а́нджелес
лос-анджелеса	лос-а́нджелеса
лос-анджелесе	лос-а́нджелесе
лос-анджелесом	лос-а́нджелесом
лос-анджелесу	лос-а́нджелесу
лосев	ло́сев
лосева	ло́сева
лосеве	ло́севе
лосевой	ло́севой
лосевою	ло́севою
лосеву	ло́севу
лосевы	ло́севы
лосевым	ло́севым
лосевыми	ло́севыми
лосевых	ло́севых
лостюк	лостю́к
лотарингией	лотари́нгией
лотарингиею	лотари́нгиею
лотарингии	лотари́нгии
лотарингий	лотари́нгий
лотарингию	лотари́нгию
лотарингия	лотари́нгия
лотарингиям	лотари́нгиям
лотарингиями	лотари́нгиями
лотарингиях	лотари́нгиях
лоуренс	ло́уренс
лоуренса	ло́уренса
лоуренсам	ло́уренсам
лоуренсами	ло́уренсами
лоуренсах	ло́уренсах
лоуренсе	ло́уренсе
лоуренсов	ло́уренсов
лоуренсом	ло́уренсом
лоуренсу	ло́уренсу
лоуренсы	ло́уренсы
луанда	луа́нда
луанде	луа́нде
луандой	луа́ндой
луандою	луа́ндою
луанду	луа́нду
луанды	луа́нды
луара	луа́ра
луаре	луа́ре
луарой	луа́рой
луарою	луа́рою
луару	луа́ру
луары	луа́ры
лубен	лубён
лубнам	лубна́м
лубнами	лубна́ми
лубнах	лубна́х
лубны	лубны́
лубянка	лубя́нка
лубянке	лубя́нке
лубянки	лубя́нки
лубянкой	лубя́нкой
лубянкою	лубя́нкою
лубянку	лубя́нку
луга	лу́га
луганда	луга́нда
луганде	луга́нде
лугандой	луга́ндой
лугандон	лугандо́н
лугандона	лугандо́на
лугандоне	лугандо́не
лугандоном	лугандо́ном
лугандону	лугандо́ну
лугандою	луга́ндою
луганду	луга́нду
луганды	луга́нды
луганск	луга́нск
луганска	луга́нска
луганске	луга́нске
луганском	луга́нском
луганску	луга́нску
луганщина	луга́нщина
луганщине	луга́нщине
луганщиной	луга́нщиной
луганщиною	луга́нщиною
луганщину	луга́нщину
луганщины	луга́нщины
луге	лу́ге
луги	лу́ги
луго	лу́го
луговая	лугова́я
лугового	лугово́го
луговой	лугово́й
луговом	лугово́м
луговому	лугово́му
луговою	лугово́ю
луговую	лугову́ю
луговые	луговы́е
луговым	луговы́м
луговыми	луговы́ми
луговых	луговы́х
лугой	лу́гой
лугою	лу́гою
лугу	лу́гу
лудда	лу́дда
луддам	лу́ддам
луддами	лу́ддами
луддах	лу́ддах
лудде	лу́дде
луддов	лу́ддов
луддом	лу́ддом
лудду	лу́дду
лудды	лу́дды
лужица	лу́жица
лужице	лу́жице
лужицей	лу́жицей
лужицею	лу́жицею
лужицу	лу́жицу
лужицы	лу́жицы
луза	лу́за
лузе	лу́зе
лузой	лу́зой
лузою	лу́зою
лузу	лу́зу
лузы	лу́зы
луиджи	луи́джи
луизиана	луизиа́на
луизиане	луизиа́не
луизианой	луизиа́ной
луизианою	луизиа́ною
луизиану	луизиа́ну
луизианы	луизиа́ны
лука	лука́
лукам	лука́м
луками	лука́ми
луках	лука́х
лукашенко	лукаше́нко
луке	луке́
луки	луки́
лукин	луки́н
лукина	лукина́
лукине	лукине́
лукиной	лукино́й
лукиною	лукино́ю
лукину	лукину́
лукины	лукины́
лукиным	лукины́м
лукиными	лукины́ми
лукиных	лукины́х
лукой	луко́й
лукоморье	лукомо́рье
лукоморьем	лукомо́рьем
лукоморью	лукомо́рью
лукоморья	лукомо́рья
лукою	луко́ю
луку	луку́
лукьянов	лукья́нов
лукьянова	лукья́нова
лукьянове	лукья́нове
лукьяновой	лукья́новой
лукьяновою	лукья́новою
лукьянову	лукья́нову
лукьяновы	лукья́новы
лукьяновым	лукья́новым
лукьяновыми	лукья́новыми
лукьяновых	лукья́новых
лумумб	луму́мб
лумумба	луму́мба
лумумбам	луму́мбам
лумумбами	луму́мбами
лумумбах	луму́мбах
лумумбе	луму́мбе
лумумбой	луму́мбой
лумумбою	луму́мбою
лумумбу	луму́мбу
лумумбы	луму́мбы
луна	луна́
луне	луне́
луной	луно́й
луною	луно́ю
луну	луну́
луны	луны́
луперк	лу́перк
луперка	лу́перка
луперке	лу́перке
луперки	лу́перки
луперкой	лу́перкой
луперком	лу́перком
луперкою	лу́перкою
луперку	лу́перку
лусака	луса́ка
лусаке	луса́ке
лусаки	луса́ки
лусакой	луса́кой
лусакою	луса́кою
лусаку	луса́ку
лусон	лусо́н
лусона	лусо́на
лусоне	лусо́не
лусоном	лусо́ном
лусону	лусо́ну
луцка	лу́цка
луцке	лу́цке
луцком	лу́цком
луцку	лу́цку
лхаса	лха́са
лхасе	лха́се
лхасой	лха́сой
лхасою	лха́сою
лхасу	лха́су
лхасы	лха́сы
лыкин	лы́кин
лыкина	лы́кина
лыкине	лы́кине
лыкиной	лы́киной
лыкиною	лы́киною
лыкину	лы́кину
лыкины	лы́кины
лыкиным	лы́киным
лыкиными	лы́киными
лыкиных	лы́киных
львами	льва́ми
львова	льво́ва
львове	льво́ве
львовой	льво́вой
львовом	льво́вом
львовою	льво́вою
львову	льво́ву
львовщина	льво́вщина
львовщине	льво́вщине
львовщиной	льво́вщиной
львовщиною	льво́вщиною
львовщину	льво́вщину
львовщины	льво́вщины
львовы	льво́вы
львовым	льво́вым
львовыми	льво́выми
львовых	льво́вых
льгова	льго́ва
льгове	льго́ве
льговом	льго́вом
льгову	льго́ву
льежа	лье́жа
льеже	лье́же
льежем	лье́жем
льежу	лье́жу
люба	лю́ба
любавичам	люба́вичам
любавичами	люба́вичами
любавичах	люба́вичах
любавичей	люба́вичей
любавичи	люба́вичи
любам	лю́бам
любами	лю́бами
любах	лю́бах
любе	лю́бе
любимов	люби́мов
любимова	люби́мова
любимове	люби́мове
любимовой	люби́мовой
любимовою	люби́мовою
любимову	люби́мову
любимовы	люби́мовы
любимовым	люби́мовым
любимовыми	люби́мовыми
любимовых	люби́мовых
люблин	лю́блин
люблина	лю́блина
люблине	лю́блине
люблином	лю́блином
люблину	лю́блину
любляна	любля́на
любляне	любля́не
любляной	любля́ной
любляною	любля́ною
любляну	любля́ну
любляны	любля́ны
любовей	любо́вей
любови	любо́ви
любовь	любо́вь
любовью	любо́вью
любовям	любо́вям
любовями	любо́вями
любовях	любо́вях
любой	лю́бой
любою	лю́бою
любу	лю́бу
любшин	любши́н
любшина	любшина́
любшине	любшине́
любшиной	любшино́й
любшиною	любшино́ю
любшину	любшину́
любшины	любшины́
любшиным	любшины́м
любшиными	любшины́ми
любшиных	любшины́х
любы	лю́бы
людмил	людми́л
людмила	людми́ла
людмилам	людми́лам
людмилами	людми́лами
людмилах	людми́лах
людмиле	людми́ле
людмилой	людми́лой
людмилою	людми́лою
людмилу	людми́лу
людмилы	людми́лы
люксембург	люксембу́рг
люксембурга	люксембу́рга
люксембургам	люксембу́ргам
люксембургами	люксембу́ргами
люксембургах	люксембу́ргах
люксембурге	люксембу́рге
люксембурги	люксембу́рги
люксембургов	люксембу́ргов
люксембургом	люксембу́ргом
люксембургу	люксембу́ргу
люсе	лю́се
люсей	лю́сей
люсею	лю́сею
люси	лю́си
люсю	лю́сю
люся	лю́ся
люсям	лю́сям
люсями	лю́сями
люсях	лю́сях
люцифер	люцифе́р
люцифера	люцифе́ра
люцифере	люцифе́ре
люцифером	люцифе́ром
люциферу	люцифе́ру
ляонин	ляони́н
ляонина	ляони́на
ляонине	ляони́не
ляонином	ляони́ном
ляонину	ляони́ну
ляоян	ляоя́н
ляояна	ляоя́на
ляояне	ляоя́не
ляояном	ляоя́ном
ляояну	ляоя́ну
маврикием	маври́кием
маврикии	маври́кии
маврикий	маври́кий
маврикию	маври́кию
маврикия	маври́кия
мавританией	маврита́нией
мавританиею	маврита́ниею
мавритании	маврита́нии
мавританию	маврита́нию
мавритания	маврита́ния
магадан	магада́н
магадана	магада́на
магадане	магада́не
магаданом	магада́ном
магадану	магада́ну
магас	мага́с
магаса	мага́са
магасе	мага́се
магасом	мага́сом
магасу	мага́су
магатэ	магатэ́
магнитогорск	магнитого́рск
магнитогорска	магнитого́рска
магнитогорске	магнитого́рске
магнитогорском	магнитого́рском
магнитогорску	магнитого́рску
магнитская	магни́тская
магнитские	магни́тские
магнитский	магни́тский
магнитским	магни́тским
магнитскими	магни́тскими
магнитских	магни́тских
магнитского	магни́тского
магнитской	магни́тской
магнитском	магни́тском
магнитскому	магни́тскому
магнитскою	магни́тскою
магнитскую	магни́тскую
магомедов	магоме́дов
магомедова	магоме́дова
магомедове	магоме́дове
магомедовой	магоме́довой
магомедовою	магоме́довою
магомедову	магоме́дову
магомедовы	магоме́довы
магомедовым	магоме́довым
магомедовыми	магоме́довыми
магомедовых	магоме́довых
магомет	магоме́т
магомета	магоме́та
магометам	магоме́там
магометами	магоме́тами
магометах	магоме́тах
магомете	магоме́те
магометов	магоме́тов
магометом	магоме́том
магомету	магоме́ту
магометы	магоме́ты
мадагаскар	мадагаска́р
мадагаскара	мадагаска́ра
мадагаскаре	мадагаска́ре
мадагаскаром	мадагаска́ром
мадагаскару	мадагаска́ру
маджуро	маджу́ро
мадисон	ма́дисон
мадисона	ма́дисона
мадисоне	ма́дисоне
мадисоном	ма́дисоном
мадисону	ма́дисону
мадрас	мадра́с
мадраса	мадра́са
мадрасе	мадра́се
мадрасом	мадра́сом
мадрасу	мадра́су
мадрид	мадри́д
мадрида	мадри́да
мадридам	мадри́дам
мадридами	мадри́дами
мадридах	мадри́дах
мадриде	мадри́де
мадридов	мадри́дов
мадридом	мадри́дом
мадриду	мадри́ду
мадриды	мадри́ды
маек	ма́ек
мазендеран	мазендера́н
мазендерана	мазендера́на
мазендеране	мазендера́не
мазендераном	мазендера́ном
мазендерану	мазендера́ну
майдзуру	ма́йдзуру
майе	ма́йе
майей	ма́йей
майею	ма́йею
майи	ма́йи
майка	ма́йка
майкам	ма́йкам
майками	ма́йками
майках	ма́йках
майке	ма́йке
майки	ма́йки
майкла	ма́йкла
майклам	ма́йклам
майклами	ма́йклами
майклах	ма́йклах
майкле	ма́йкле
майклов	ма́йклов
майклом	ма́йклом
майклу	ма́йклу
майклы	ма́йклы
майкой	ма́йкой
майкоп	майко́п
майкопа	майко́па
майкопе	майко́пе
майкопом	майко́пом
майкопу	майко́пу
майкою	ма́йкою
майку	ма́йку
майна	ма́йна
майне	ма́йне
майном	ма́йном
майну	ма́йну
майотта	майо́тта
майотте	майо́тте
майоттой	майо́ттой
майоттою	майо́ттою
майотту	майо́тту
майотты	майо́тты
майю	ма́йю
майя	ма́йя
майям	ма́йям
майями	ма́йями
майях	ма́йях
макао	мака́о
макар	мака́р
макара	мака́ра
макарам	мака́рам
макарами	мака́рами
макарах	мака́рах
макаре	мака́ре
макаревич	макаре́вич
макаревича	макаре́вича
макаревичам	макаре́вичам
макаревичами	макаре́вичами
макаревичах	макаре́вичах
макаревиче	макаре́виче
макаревичей	макаре́вичей
макаревичем	макаре́вичем
макаревичи	макаре́вичи
макаревичу	макаре́вичу
макаренко	мака́ренко
макариев	мака́риев
макарием	мака́рием
макарии	мака́рии
макарий	мака́рий
макарию	мака́рию
макария	мака́рия
макариям	мака́риям
макариями	мака́риями
макариях	мака́риях
макаров	мака́ров
макарова	мака́рова
макарове	мака́рове
макаровой	мака́ровой
макаровою	мака́ровою
макарову	мака́рову
макаровы	мака́ровы
макаровым	мака́ровым
макаровыми	мака́ровыми
макаровых	мака́ровых
макаром	мака́ром
макару	мака́ру
макары	мака́ры
макги	макги́
макдоналд	макдо́налд
макдоналда	макдо́налда
макдоналдам	макдо́налдам
макдоналдами	макдо́налдами
макдоналдах	макдо́налдах
макдоналде	макдо́налде
макдоналдов	макдо́налдов
макдоналдом	макдо́налдом
макдоналдс	макдо́налдс
макдоналдса	макдо́налдса
макдоналдсам	макдо́налдсам
макдоналдсами	макдо́налдсами
макдоналдсах	макдо́налдсах
макдоналдсе	макдо́налдсе
макдоналдсов	макдо́налдсов
макдоналдсом	макдо́налдсом
макдоналдсу	макдо́налдсу
макдоналдсы	макдо́налдсы
макдоналду	макдо́налду
макдоналды	макдо́налды
макдональд	макдо́нальд
макдональда	макдо́нальда
макдональдам	макдо́нальдам
макдональдами	макдо́нальдами
макдональдах	макдо́нальдах
макдональде	макдо́нальде
макдональдов	макдо́нальдов
макдональдом	макдо́нальдом
макдональду	макдо́нальду
макдональды	макдо́нальды
македонией	македо́нией
македониею	македо́ниею
македонии	македо́нии
македонию	македо́нию
македония	македо́ния
македонская	маке́донская
македонские	маке́донские
македонский	маке́донский
македонских	маке́донских
македонского	маке́донского
макеевка	маке́евка
макеевке	маке́евке
макеевки	маке́евки
макеевкой	маке́евкой
макеевкою	маке́евкою
макеевку	маке́евку
маккеллен	макке́ллен
маккеллена	макке́ллена
маккелленам	макке́лленам
маккелленами	макке́лленами
маккелленах	макке́лленах
маккеллене	макке́ллене
маккелленов	макке́лленов
маккелленом	макке́лленом
маккеллену	макке́ллену
маккеллены	макке́ллены
макклауд	маккла́уд
макклауда	маккла́уда
макклаудам	маккла́удам
макклаудами	маккла́удами
макклаудах	маккла́удах
макклауде	маккла́уде
макклаудов	маккла́удов
макклаудом	маккла́удом
макклауду	маккла́уду
макклауды	маккла́уды
макклеллан	маккле́ллан
макклеллана	маккле́ллана
макклелланам	маккле́лланам
макклелланами	маккле́лланами
макклелланах	маккле́лланах
макклелланд	маккле́лланд
макклелланда	маккле́лланда
макклелландам	маккле́лландам
макклелландами	маккле́лландами
макклелландах	маккле́лландах
макклелланде	маккле́лланде
макклелландов	маккле́лландов
макклелландом	маккле́лландом
макклелланду	маккле́лланду
макклелланды	маккле́лланды
макклеллане	маккле́ллане
макклелланов	маккле́лланов
макклелланом	маккле́лланом
макклеллану	маккле́ллану
макклелланы	маккле́лланы
макклюр	макклю́р
макклюра	макклю́ра
макклюрам	макклю́рам
макклюрами	макклю́рами
макклюрах	макклю́рах
макклюре	макклю́ре
макклюров	макклю́ров
макклюром	макклю́ром
макклюру	макклю́ру
макклюры	макклю́ры
макконнелл	макко́ннелл
макконнелла	макко́ннелла
макконнеллам	макко́ннеллам
макконнеллами	макко́ннеллами
макконнеллах	макко́ннеллах
макконнелле	макко́ннелле
макконнеллов	макко́ннеллов
макконнеллом	макко́ннеллом
макконнеллу	макко́ннеллу
макконнеллы	макко́ннеллы
маклеод	макле́од
маклеода	макле́ода
маклеодам	макле́одам
маклеодами	макле́одами
маклеодах	макле́одах
маклеоде	макле́оде
маклеодов	макле́одов
маклеодом	макле́одом
маклеоду	макле́оду
маклеоды	макле́оды
макмастер	макма́стер
макмастера	макма́стера
макмастерам	макма́стерам
макмастерами	макма́стерами
макмастерах	макма́стерах
макмастере	макма́стере
макмастеров	макма́стеров
макмастером	макма́стером
макмастеру	макма́стеру
макмастеры	макма́стеры
макнамар	макнама́р
макнамара	макнама́ра
макнамарам	макнама́рам
макнамарами	макнама́рами
макнамарах	макнама́рах
макнамаре	макнама́ре
макнамарой	макнама́рой
макнамарою	макнама́рою
макнамару	макнама́ру
макнамары	макнама́ры
макрон	макро́н
макрона	макро́на
макронам	макро́нам
макронами	макро́нами
макронах	макро́нах
макроне	макро́не
макронов	макро́нов
макроном	макро́ном
макрону	макро́ну
макроны	макро́ны
макса	ма́кса
максам	ма́ксам
максами	ма́ксами
максах	ма́ксах
максе	ма́ксе
максим	макси́м
максима	макси́ма
максимам	макси́мам
максимами	макси́мами
максимах	макси́мах
максиме	макси́ме
максимов	макси́мов
максимова	макси́мова
максимове	макси́мове
максимович	макси́мович
максимовича	макси́мовича
максимовна	макси́мовна
максимовны	макси́мовны
максимовой	макси́мовой
максимовою	макси́мовою
максимову	макси́мову
максимовы	макси́мовы
максимовым	макси́мовым
максимовыми	макси́мовыми
максимовых	макси́мовых
максимом	макси́мом
максиму	макси́му
максимы	макси́мы
максов	ма́ксов
максом	ма́ксом
максу	ма́ксу
максы	ма́ксы
макурадзаки	макурадза́ки
малабо	мала́бо
малави	мала́ви
малайзией	мала́йзией
малайзиею	мала́йзиею
малайзии	мала́йзии
малайзию	мала́йзию
малайзия	мала́йзия
малаховская	малахо́вская
малаховские	малахо́вские
малаховский	малахо́вский
малаховским	малахо́вским
малаховскими	малахо́вскими
малаховских	малахо́вских
малаховского	малахо́вского
малаховской	малахо́вской
малаховском	малахо́вском
малаховскому	малахо́вскому
малаховскою	малахо́вскою
малаховскую	малахо́вскую
мале	ма́ле
малевич	мале́вич
малевича	мале́вича
малевичам	мале́вичам
малевичами	мале́вичами
малевичах	мале́вичах
малевиче	мале́виче
малевичей	мале́вичей
малевичем	мале́вичем
малевичи	мале́вичи
малевичу	мале́вичу
маленков	маленко́в
маленкова	маленко́ва
маленкове	маленко́ве
маленковой	маленко́вой
маленковою	маленко́вою
маленкову	маленко́ву
маленковы	маленко́вы
маленковым	маленко́вым
маленковыми	маленко́выми
маленковых	маленко́вых
мали	мали́
малков	малко́в
малкова	малко́ва
малкове	малко́ве
малковой	малко́вой
малковою	малко́вою
малкову	малко́ву
малковы	малко́вы
малковым	малко́вым
малковыми	малко́выми
малковых	малко́вых
малороссией	малоро́ссией
малороссиею	малоро́ссиею
малороссии	малоро́ссии
малороссию	малоро́ссию
малороссия	малоро́ссия
малышев	ма́лышев
малышева	ма́лышева
малышеве	ма́лышеве
малышевой	ма́лышевой
малышевою	ма́лышевою
малышеву	ма́лышеву
малышевы	ма́лышевы
малышевым	ма́лышевым
малышевыми	ма́лышевыми
малышевых	ма́лышевых
мальгин	мальги́н
мальгина	мальгина́
мальгине	мальгине́
мальгиной	мальгино́й
мальгиною	мальгино́ю
мальгину	мальгину́
мальгины	мальгины́
мальгиным	мальгины́м
мальгиными	мальгины́ми
мальгиных	мальгины́х
мальдив	мальди́в
мальдивам	мальди́вам
мальдивами	мальди́вами
мальдивах	мальди́вах
мальдивы	мальди́вы
мальков	малько́в
малькова	малько́ва
малькове	малько́ве
мальковой	малько́вой
мальковою	малько́вою
малькову	малько́ву
мальковы	малько́вы
мальковым	малько́вым
мальковыми	малько́выми
мальковых	малько́вых
мальта	ма́льта
мальте	ма́льте
мальтой	ма́льтой
мальтою	ма́льтою
мальту	ма́льту
мальты	ма́льты
мальцев	ма́льцев
мальцева	ма́льцева
мальцеве	ма́льцеве
мальцевой	ма́льцевой
мальцевою	ма́льцевою
мальцеву	ма́льцеву
мальцевы	ма́льцевы
мальцевым	ма́льцевым
мальцевыми	ма́льцевыми
мальцевых	ма́льцевых
манагуа	мана́гуа
манама	мана́ма
манаме	мана́ме
манамой	мана́мой
манамою	мана́мою
манаму	мана́му
манамы	мана́мы
мангазее	мангазе́е
мангазеей	мангазе́ей
мангазеею	мангазе́ею
мангазеи	мангазе́и
мангазею	мангазе́ю
мангазея	мангазе́я
мандельштам	мандельшта́м
мандельштама	мандельшта́ма
мандельштамам	мандельшта́мам
мандельштамами	мандельшта́мами
мандельштамах	мандельшта́мах
мандельштаме	мандельшта́ме
мандельштамов	мандельшта́мов
мандельштамом	мандельшта́мом
мандельштаму	мандельшта́му
мандельштамы	мандельшта́мы
мане	ма́не
маней	ма́ней
манечка	ма́нечка
манею	ма́нею
мани	ма́ни
манила	мани́ла
маниле	мани́ле
манилой	мани́лой
манилою	мани́лою
манилу	мани́лу
манилы	мани́лы
манстер	ма́нстер
манстера	ма́нстера
манстере	ма́нстере
манстером	ма́нстером
манстеру	ма́нстеру
манхаттан	манха́ттан
манхеттен	манхе́ттен
манхэттен	манхэ́ттен
манхэттена	манхэ́ттена
манхэттене	манхэ́ттене
манхэттеном	манхэ́ттеном
манхэттену	манхэ́ттену
манька	ма́нька
маньчжурией	маньчжу́рией
маньчжуриею	маньчжу́риею
маньчжурии	маньчжу́рии
маньчжурию	маньчжу́рию
маньчжурия	маньчжу́рия
маню	ма́ню
маня	ма́ня
маням	ма́ням
манями	ма́нями
манях	ма́нях
мао	ма́о
мапуту	мапу́ту
мар-а-лаго	мар-а-ла́го
маралик	марали́к
маралика	марали́ка
маралике	марали́ке
мараликом	марали́ком
маралику	марали́ку
мараш	мара́ш
маргарит	маргари́т
маргарита	маргари́та
маргаритам	маргари́там
маргаритами	маргари́тами
маргаритах	маргари́тах
маргарите	маргари́те
маргаритой	маргари́той
маргаритою	маргари́тою
маргариту	маргари́ту
маргариты	маргари́ты
марджан	марджа́н
марджана	марджа́на
марджанам	марджа́нам
марджанами	марджа́нами
марджанах	марджа́нах
марджане	марджа́не
марджаной	марджа́ной
марджаною	марджа́ною
марджану	марджа́ну
марджаны	марджа́ны
марией	мари́ей
мариею	мари́ею
марии	мари́и
мариинка	марии́нка
мариинке	марии́нке
мариинки	марии́нки
мариинкой	марии́нкой
мариинкою	марии́нкою
мариинку	марии́нку
марик	ма́рик
марин	мари́н
марина	мари́на
маринам	мари́нам
маринами	мари́нами
маринах	мари́нах
марине	мари́не
маринин	мари́нин
мариной	мари́ной
мариною	мари́ною
марину	мари́ну
марины	мари́ны
марио	ма́рио
мариуполе	мариу́поле
мариуполем	мариу́полем
мариуполь	мариу́поль
мариуполю	мариу́полю
мариуполя	мариу́поля
марию	мари́ю
мария	мари́я
мариям	мари́ям
мариями	мари́ями
мариямполе	мария́мполе
мариях	мари́ях
марияш	мария́ш
марияша	мария́ша
марияшей	мария́шей
марияши	мария́ши
марка	ма́рка
маркам	ма́ркам
марками	ма́рками
марках	ма́рках
марке	ма́рке
маркелов	марке́лов
маркелова	марке́лова
маркелове	марке́лове
маркеловой	марке́ловой
маркеловою	марке́ловою
маркелову	марке́лову
маркеловы	марке́ловы
маркеловым	марке́ловым
маркеловыми	марке́ловыми
маркеловых	марке́ловых
марки	ма́рки
марков	ма́рков
маркова	ма́ркова
маркове	ма́ркове
марковой	ма́рковой
марковою	ма́рковою
маркову	ма́ркову
марковы	ма́рковы
марковым	ма́рковым
марковыми	ма́рковыми
марковых	ма́рковых
марком	ма́рком
маркса	ма́ркса
марксам	ма́рксам
марксами	ма́рксами
марксах	ма́рксах
марксе	ма́рксе
марксов	ма́рксов
марксом	ма́рксом
марксу	ма́рксу
марксы	ма́рксы
марку	ма́рку
марна	ма́рна
марне	ма́рне
марной	ма́рной
марною	ма́рною
марну	ма́рну
марны	ма́рны
марокко	маро́кко
марса	ма́рса
марсе	ма́рсе
марселе	марсе́ле
марселем	марсе́лем
марсель	марсе́ль
марселю	марсе́лю
марселя	марсе́ля
марсом	ма́рсом
марсу	ма́рсу
мартиросов	мартиро́сов
мартиросова	мартиро́сова
мартиросове	мартиро́сове
мартиросовой	мартиро́совой
мартиросовою	мартиро́совою
мартиросову	мартиро́сову
мартиросовы	мартиро́совы
мартиросовым	мартиро́совым
мартиросовыми	мартиро́совыми
мартиросовых	мартиро́совых
мартуни	мартуни́
мартынов	марты́нов
мартынова	марты́нова
мартынове	марты́нове
мартыновой	марты́новой
мартыновою	марты́новою
мартынову	марты́нову
мартыновы	марты́новы
мартыновым	марты́новым
мартыновыми	марты́новыми
мартыновых	марты́новых
марусе	мару́се
марусей	мару́сей
марусею	мару́сею
маруси	мару́си
марусин	мару́син
марусь	мару́сь
марусю	мару́сю
маруся	мару́ся
марусям	мару́сям
марусями	мару́сями
марусях	мару́сях
марфа	ма́рфа
марфам	ма́рфам
марфами	ма́рфами
марфах	ма́рфах
марфе	ма́рфе
марфой	ма́рфой
марфою	ма́рфою
марфу	ма́рфу
марфы	ма́рфы
марцинкевич	марцинке́вич
марцинкевича	марцинке́вича
марцинкевичам	марцинке́вичам
марцинкевичами	марцинке́вичами
марцинкевичах	марцинке́вичах
марцинкевиче	марцинке́виче
марцинкевичей	марцинке́вичей
марцинкевичем	марцинке́вичем
марцинкевичи	марцинке́вичи
марцинкевичу	марцинке́вичу
марье	ма́рье
марьей	ма́рьей
марьею	ма́рьею
марьи	ма́рьи
марьинка	ма́рьинка
марьинке	ма́рьинке
марьинки	ма́рьинки
марьинкой	ма́рьинкой
марьинкою	ма́рьинкою
марьинку	ма́рьинку
марью	ма́рью
марья	ма́рья
марьям	ма́рьям
марьями	ма́рьями
марьях	ма́рьях
масеру	масе́ру
масис	маси́с
масиса	маси́са
масисе	маси́се
масисом	маси́сом
масису	маси́су
маска	ма́ска
маскам	ма́скам
масками	ма́сками
маскат	маска́т
маската	маска́та
маскате	маска́те
маскатом	маска́том
маскату	маска́ту
масках	ма́сках
маске	ма́ске
маски	ма́ски
масков	ма́сков
маском	ма́ском
маску	ма́ску
масленица	ма́сленица
масленице	ма́сленице
масленицей	ма́сленицей
масленицею	ма́сленицею
масленицу	ма́сленицу
масленицы	ма́сленицы
маслов	ма́слов
маслова	ма́слова
маслове	ма́слове
масловой	ма́словой
масловою	ма́словою
маслову	ма́слову
масловы	ма́словы
масловым	ма́словым
масловыми	ма́словыми
масловых	ма́словых
массачусетс	массачу́сетс
массачусетса	массачу́сетса
массачусетсе	массачу́сетсе
массачусетсом	массачу́сетсом
массачусетсу	массачу́сетсу
мастер	ма́стер
мастера	ма́стера
мастерам	ма́стерам
мастерами	ма́стерами
мастерах	ма́стерах
мастере	ма́стере
мастеров	ма́стеров
мастером	ма́стером
мастерс	ма́стерс
мастерса	ма́стерса
мастерсам	ма́стерсам
мастерсами	ма́стерсами
мастерсах	ма́стерсах
мастерсе	ма́стерсе
мастерсов	ма́стерсов
мастерсом	ма́стерсом
мастерсон	ма́стерсон
мастерсона	ма́стерсона
мастерсонам	ма́стерсонам
мастерсонами	ма́стерсонами
мастерсонах	ма́стерсонах
мастерсоне	ма́стерсоне
мастерсонов	ма́стерсонов
мастерсоном	ма́стерсоном
мастерсону	ма́стерсону
мастерсоны	ма́стерсоны
мастерсу	ма́стерсу
мастерсы	ма́стерсы
мастеру	ма́стеру
мастеры	ма́стеры
масхадов	масха́дов
масхадова	масха́дова
масхадове	масха́дове
масхадовой	масха́довой
масхадовою	масха́довою
масхадову	масха́дову
масхадовы	масха́довы
масхадовым	масха́довым
масхадовыми	масха́довыми
масхадовых	масха́довых
матансас	мата́нсас
матансаса	мата́нсаса
матансасе	мата́нсасе
матансасом	мата́нсасом
матансасу	мата́нсасу
матвее	матве́е
матвеев	матве́ев
матвеева	матве́ева
матвееве	матве́еве
матвеевой	матве́евой
матвеевою	матве́евою
матвееву	матве́еву
матвеевы	матве́евы
матвеевым	матве́евым
матвеевыми	матве́евыми
матвеевых	матве́евых
матвеем	матве́ем
матвеи	матве́и
матвей	матве́й
матвею	матве́ю
матвея	матве́я
матвеям	матве́ям
матвеями	матве́ями
матвеях	матве́ях
матильд	мати́льд
матильда	мати́льда
матильдам	мати́льдам
матильдами	мати́льдами
матильдах	мати́льдах
матильде	мати́льде
матильдой	мати́льдой
матильдою	мати́льдою
матильду	мати́льду
матильды	мати́льды
матрен	матрён
матрена	матрёна
матренам	матрёнам
матренами	матрёнами
матренах	матрёнах
матрене	матрёне
матреной	матрёной
матреною	матрёною
матрену	матрёну
матрены	матрёны
матрона	матро́на
матросов	матро́сов
матросова	матро́сова
матросове	матро́сове
матросовой	матро́совой
матросовою	матро́совою
матросову	матро́сову
матросовы	матро́совы
матросовым	матро́совым
матросовыми	матро́совыми
матросовых	матро́совых
маттезон	ма́ттезон
маттезона	ма́ттезона
маттезонам	ма́ттезонам
маттезонами	ма́ттезонами
маттезонах	ма́ттезонах
маттезоне	ма́ттезоне
маттезонов	ма́ттезонов
маттезоном	ма́ттезоном
маттезону	ма́ттезону
маттезоны	ма́ттезоны
матфее	матфе́е
матфеев	матфе́ев
матфеем	матфе́ем
матфеи	матфе́и
матфей	матфе́й
матфею	матфе́ю
матфея	матфе́я
матфеям	матфе́ям
матфеями	матфе́ями
матфеях	матфе́ях
маунтбеттен	ма́унтбеттен
маунтбеттена	ма́унтбеттена
маунтбеттенам	ма́унтбеттенам
маунтбеттенами	ма́унтбеттенами
маунтбеттенах	ма́унтбеттенах
маунтбеттене	ма́унтбеттене
маунтбеттенов	ма́унтбеттенов
маунтбеттеном	ма́унтбеттеном
маунтбеттену	ма́унтбеттену
маунтбеттены	ма́унтбеттены
махараштра	махара́штра
махараштре	махара́штре
махараштрой	махара́штрой
махараштрою	махара́штрою
махараштру	махара́штру
махараштры	махара́штры
махачкала	махачкала́
махачкале	махачкале́
махачкалой	махачкало́й
махачкалою	махачкало́ю
махачкалу	махачкалу́
махачкалы	махачкалы́
маша	ма́ша
машам	ма́шам
машами	ма́шами
машах	ма́шах
маше	ма́ше
машей	ма́шей
машенек	ма́шенек
машенька	ма́шенька
машенькам	ма́шенькам
машеньками	ма́шеньками
машеньках	ма́шеньках
машеньке	ма́шеньке
машеньки	ма́шеньки
машенькой	ма́шенькой
машенькою	ма́шенькою
машеньку	ма́шеньку
машею	ма́шею
маши	ма́ши
машка	ма́шка
машков	машко́в
машкова	машко́ва
машкове	машко́ве
машковой	машко́вой
машковою	машко́вою
машкову	машко́ву
машковы	машко́вы
машковым	машко́вым
машковыми	машко́выми
машковых	машко́вых
машу	ма́шу
маяк	мая́к
маяка	маяка́
маяке	маяке́
маяковская	маяко́вская
маяковские	маяко́вские
маяковский	маяко́вский
маяковским	маяко́вским
маяковскими	маяко́вскими
маяковских	маяко́вских
маяковского	маяко́вского
маяковской	маяко́вской
маяковском	маяко́вском
маяковскому	маяко́вскому
маяковскою	маяко́вскою
маяковскую	маяко́вскую
маяком	маяко́м
маяку	маяку́
мбабане	мбаба́не
меальяда	меалья́да
меальяде	меалья́де
меальядой	меалья́дой
меальядою	меалья́дою
меальяду	меалья́ду
меальяды	меалья́ды
мегион	мегио́н
мегиона	мегио́на
мегионе	мегио́не
мегионом	мегио́ном
мегиону	мегио́ну
мегри	мегри́
медан	меда́н
медана	меда́на
медане	меда́не
меданом	меда́ном
медану	меда́ну
медведев	медве́дев
медведева	медве́дева
медведеве	медве́деве
медведевой	медве́девой
медведевою	медве́девою
медведеву	медве́деву
медведевы	медве́девы
медведевым	медве́девым
медведевыми	медве́девыми
медведевых	медве́девых
медведчук	медведчу́к
медведчука	медведчука́
медведчукам	медведчука́м
медведчуками	медведчука́ми
медведчуках	медведчука́х
медведчуке	медведчуке́
медведчуки	медведчуки́
медведчуков	медведчуко́в
медведчуком	медведчуко́м
медведчуку	медведчуку́
медее	меде́е
медеей	меде́ей
медеею	меде́ею
медеи	меде́и
медей	меде́й
медею	меде́ю
медея	меде́я
медеям	меде́ям
медеями	меде́ями
медеях	меде́ях
медуз	меду́з
медуза	меду́за
медузам	меду́зам
медузами	меду́зами
медузах	меду́зах
медузе	меду́зе
медузой	меду́зой
медузою	меду́зою
медузу	меду́зу
медузы	меду́зы
междуречье	междуре́чье
междуречьем	междуре́чьем
междуречью	междуре́чью
междуречья	междуре́чья
мезени	мезе́ни
мезенцев	ме́зенцев
мезенцева	ме́зенцева
мезенцеве	ме́зенцеве
мезенцевой	ме́зенцевой
мезенцевою	ме́зенцевою
мезенцеву	ме́зенцеву
мезенцевы	ме́зенцевы
мезенцевым	ме́зенцевым
мезенцевыми	ме́зенцевыми
мезенцевых	ме́зенцевых
мезень	мезе́нь
мезенью	мезе́нью
мекка	ме́кка
мекке	ме́кке
мекки	ме́кки
меккой	ме́ккой
меккою	ме́ккою
мекку	ме́кку
мексика	ме́ксика
мексике	ме́ксике
мексики	ме́ксики
мексикой	ме́ксикой
мексикою	ме́ксикою
мексику	ме́ксику
меладзе	мела́дзе
меланезией	мелане́зией
меланезиею	мелане́зиею
меланезии	мелане́зии
меланезию	мелане́зию
меланезия	мелане́зия
мелентиев	меле́нтиев
мелентием	меле́нтием
мелентии	меле́нтии
мелентий	меле́нтий
мелентию	меле́нтию
мелентия	меле́нтия
мелентиям	меле́нтиям
мелентиями	меле́нтиями
мелентиях	меле́нтиях
мелетиев	меле́тиев
мелетием	меле́тием
мелетии	меле́тии
мелетий	меле́тий
мелетию	меле́тию
мелетия	меле́тия
мелетиям	меле́тиям
мелетиями	меле́тиями
мелетиях	меле́тиях
мелисс	мели́сс
мелисса	мели́сса
мелиссам	мели́ссам
мелиссами	мели́ссами
мелиссах	мели́ссах
мелиссе	мели́ссе
мелиссой	мели́ссой
мелиссою	мели́ссою
мелиссу	мели́ссу
мелиссы	мели́ссы
мелитополе	мелито́поле
мелитополем	мелито́полем
мелитополь	мелито́поль
мелитополю	мелито́полю
мелитополя	мелито́поля
мелхиседек	мелхиседе́к
мелхиседека	мелхиседе́ка
мелхиседеке	мелхиседе́ке
мелхиседеком	мелхиседе́ком
мелхиседеку	мелхиседе́ку
мельбурн	ме́льбурн
мельбурна	ме́льбурна
мельбурне	ме́льбурне
мельбурном	ме́льбурном
мельбурну	ме́льбурну
мельес	мелье́с
мельеса	мелье́са
мельесам	мелье́сам
мельесами	мелье́сами
мельесах	мелье́сах
мельесе	мелье́се
мельесов	мелье́сов
мельесом	мелье́сом
мельесу	мелье́су
мельесы	мелье́сы
мельник	ме́льник
мельника	ме́льника
мельникам	ме́льникам
мельниками	ме́льниками
мельниках	ме́льниках
мельнике	ме́льнике
мельники	ме́льники
мельников	ме́льников
мельником	ме́льником
мельнику	ме́льнику
менделеев	менделе́ев
менделеева	менделе́ева
менделееве	менделе́еве
менделеевой	менделе́евой
менделеевою	менделе́евою
менделееву	менделе́еву
менделеевы	менделе́евы
менделеевым	менделе́евым
менделеевыми	менделе́евыми
менделеевых	менделе́евых
мендес	ме́ндес
мендеса	ме́ндеса
мендесам	ме́ндесам
мендесами	ме́ндесами
мендесах	ме́ндесах
мендесе	ме́ндесе
мендесов	ме́ндесов
мендесом	ме́ндесом
мендесу	ме́ндесу
мендесы	ме́ндесы
менелае	менела́е
менелаев	менела́ев
менелаем	менела́ем
менелаи	менела́и
менелай	менела́й
менелаю	менела́ю
менелая	менела́я
менелаям	менела́ям
менелаями	менела́ями
менелаях	менела́ях
менска	ме́нска
менске	ме́нске
менском	ме́нском
менску	ме́нску
меньков	менько́в
менькова	менько́ва
менькове	менько́ве
меньковой	менько́вой
меньковою	менько́вою
менькову	менько́ву
меньковы	менько́вы
меньковым	менько́вым
меньковыми	менько́выми
меньковых	менько́вых
меньшиков	ме́ньшиков
меньшикова	ме́ньшикова
меньшикове	ме́ньшикове
меньшиковой	ме́ньшиковой
меньшиковою	ме́ньшиковою
меньшикову	ме́ньшикову
меньшиковы	ме́ньшиковы
меньшиковым	ме́ньшиковым
меньшиковыми	ме́ньшиковыми
меньшиковых	ме́ньшиковых
меркурием	мерку́рием
меркурии	мерку́рии
меркурий	мерку́рий
меркурию	мерку́рию
меркурия	мерку́рия
меркурьев	мерку́рьев
меркурьева	мерку́рьева
меркурьеве	мерку́рьеве
меркурьевой	мерку́рьевой
меркурьевою	мерку́рьевою
меркурьеву	мерку́рьеву
меркурьевы	мерку́рьевы
меркурьевым	мерку́рьевым
меркурьевыми	мерку́рьевыми
меркурьевых	мерку́рьевых
мерная	ме́рная
мерной	ме́рной
мерседес	мерсе́дес
мерседеса	мерсе́деса
мерседесам	мерсе́десам
мерседесами	мерсе́десами
мерседесах	мерсе́десах
мерседесе	мерсе́десе
мерседесов	мерсе́десов
мерседесом	мерсе́десом
мерседесу	мерсе́десу
мерседесы	мерсе́десы
мессией	месси́ей
мессиею	месси́ею
мессии	месси́и
мессий	месси́й
мессию	месси́ю
мессия	месси́я
мессиям	месси́ям
мессиями	месси́ями
мессиях	месси́ях
мефистофеле	мефисто́феле
мефистофелем	мефисто́фелем
мефистофель	мефисто́фель
мефистофелю	мефисто́фелю
мефистофеля	мефисто́феля
мефодиев	мефо́диев
мефодием	мефо́дием
мефодии	мефо́дии
мефодий	мефо́дий
мефодию	мефо́дию
мефодия	мефо́дия
мефодиям	мефо́диям
мефодиями	мефо́диями
мефодиях	мефо́диях
мехико	ме́хико
мецамор	мецамо́р
мецамора	мецамо́ра
мецаморе	мецамо́ре
мецамором	мецамо́ром
мецамору	мецамо́ру
мечников	ме́чников
мечникова	ме́чникова
мечникове	ме́чникове
мечниковой	ме́чниковой
мечниковою	ме́чниковою
мечникову	ме́чникову
мечниковы	ме́чниковы
мечниковым	ме́чниковым
мечниковыми	ме́чниковыми
мечниковых	ме́чниковых
мигранян	миграня́н
миграняна	миграня́на
мигранянам	миграня́нам
мигранянами	миграня́нами
мигранянах	миграня́нах
миграняне	миграня́не
мигранянов	миграня́нов
миграняном	миграня́ном
миграняну	миграня́ну
миграняны	миграня́ны
мидас	мида́с
мидаса	мида́са
мидасе	мида́се
мидасом	мида́сом
мидасу	мида́су
мидделбург	ми́дделбург
мидделбурга	ми́дделбурга
мидделбурге	ми́дделбурге
мидделбургом	ми́дделбургом
мидделбургу	ми́дделбургу
мидией	ми́дией
мидиею	ми́диею
мидии	ми́дии
мидию	ми́дию
мидия	ми́дия
мизулин	мизу́лин
мизулина	мизу́лина
мизулине	мизу́лине
мизулиной	мизу́линой
мизулиною	мизу́линою
мизулину	мизу́лину
мизулины	мизу́лины
мизулиным	мизу́линым
мизулиными	мизу́лиными
мизулиных	мизу́линых
микол	мико́л
микола	мико́ла
миколам	мико́лам
миколами	мико́лами
миколах	мико́лах
миколе	мико́ле
миколой	мико́лой
миколою	мико́лою
миколу	мико́лу
миколы	мико́лы
микоян	микоя́н
микояна	микоя́на
микоянам	микоя́нам
микоянами	микоя́нами
микоянах	микоя́нах
микояне	микоя́не
микоянов	микоя́нов
микояном	микоя́ном
микояну	микоя́ну
микояны	микоя́ны
микронезией	микроне́зией
микронезиею	микроне́зиею
микронезии	микроне́зии
микронезию	микроне́зию
микронезия	микроне́зия
мила	ми́ла
милам	ми́лам
милами	ми́лами
милан	мила́н
милана	мила́на
милане	мила́не
миланом	мила́ном
милану	мила́ну
милах	ми́лах
миле	ми́ле
милейков	миле́йков
милейкова	миле́йкова
милейкове	миле́йкове
милейковом	миле́йковом
милейковская	милейко́вская
милейковские	милейко́вские
милейковский	милейко́вский
милейковским	милейко́вским
милейковскими	милейко́вскими
милейковских	милейко́вских
милейковского	милейко́вского
милейковской	милейко́вской
милейковском	милейко́вском
милейковскому	милейко́вскому
милейковскою	милейко́вскою
милейковскую	милейко́вскую
милейкову	миле́йкову
милет	миле́т
милета	миле́та
милете	миле́те
милетом	миле́том
милету	миле́ту
милиц	мили́ц
милица	мили́ца
милицам	мили́цам
милицами	мили́цами
милицах	мили́цах
милице	мили́це
милицей	мили́цей
милицею	мили́цею
милицу	мили́цу
милицы	мили́цы
милов	мило́в
милова	мило́ва
милове	мило́ве
миловой	мило́вой
миловою	мило́вою
милову	мило́ву
миловы	мило́вы
миловым	мило́вым
миловыми	мило́выми
миловых	мило́вых
милой	ми́лой
милослав	милосла́в
милослава	милосла́ва
милославам	милосла́вам
милославами	милосла́вами
милославах	милосла́вах
милославе	милосла́ве
милославой	милосла́вой
милославою	милосла́вою
милославу	милосла́ву
милославы	милосла́вы
милою	ми́лою
милу	ми́лу
милы	ми́лы
мина	ми́на
минам	ми́нам
минами	ми́нами
минато	мина́то
минах	ми́нах
мине	ми́не
минин	ми́нин
минина	ми́нина
минине	ми́нине
мининой	ми́ниной
мининою	ми́ниною
минину	ми́нину
минины	ми́нины
мининым	ми́ниным
миниными	ми́ниными
мининых	ми́ниных
миннесота	миннесо́та
миннесоте	миннесо́те
миннесотой	миннесо́той
миннесотою	миннесо́тою
миннесоту	миннесо́ту
миннесоты	миннесо́ты
минов	ми́нов
мином	ми́ном
минос	ми́нос
миноса	ми́носа
миносе	ми́носе
миносом	ми́носом
миносу	ми́носу
минска	ми́нска
минске	ми́нске
минском	ми́нском
минску	ми́нску
мину	ми́ну
минцифры	минци́фры
мины	ми́ны
минэнерго	минэне́рго
миргород	ми́ргород
миргорода	ми́ргорода
миргороде	ми́ргороде
миргородом	ми́ргородом
миргороду	ми́ргороду
миронов	миро́нов
миронова	миро́нова
миронове	миро́нове
мироновой	миро́новой
мироновою	миро́новою
миронову	миро́нову
мироновы	миро́новы
мироновым	миро́новым
мироновыми	миро́новыми
мироновых	миро́новых
миссисипи	миссиси́пи
миссури	миссу́ри
митака	мита́ка
митаке	мита́ке
митаки	мита́ки
митакой	мита́кой
митакою	мита́кою
митаку	мита́ку
мите	ми́те
митей	ми́тей
митею	ми́тею
мити	ми́ти
митрофан	митрофа́н
митрофана	митрофа́на
митрофанам	митрофа́нам
митрофанами	митрофа́нами
митрофанах	митрофа́нах
митрофане	митрофа́не
митрофанов	митрофа́нов
митрофанова	митрофа́нова
митрофанове	митрофа́нове
митрофановой	митрофа́новой
митрофановою	митрофа́новою
митрофанову	митрофа́нову
митрофановы	митрофа́новы
митрофановым	митрофа́новым
митрофановыми	митрофа́новыми
митрофановых	митрофа́новых
митрофаном	митрофа́ном
митрофану	митрофа́ну
митрофаны	митрофа́ны
митрохин	митро́хин
митрохина	митро́хина
митрохине	митро́хине
митрохиной	митро́хиной
митрохиною	митро́хиною
митрохину	митро́хину
митрохины	митро́хины
митрохиным	митро́хиным
митрохиными	митро́хиными
митрохиных	митро́хиных
митча	ми́тча
митчам	ми́тчам
митчами	ми́тчами
митчах	ми́тчах
митче	ми́тче
митчей	ми́тчей
митчелл	ми́тчелл
митчелла	ми́тчелла
митчеллам	ми́тчеллам
митчеллами	ми́тчеллами
митчеллах	ми́тчеллах
митчелле	ми́тчелле
митчеллов	ми́тчеллов
митчеллом	ми́тчеллом
митчеллу	ми́тчеллу
митчеллы	ми́тчеллы
митчем	ми́тчем
митчи	ми́тчи
митчу	ми́тчу
митю	ми́тю
митя	ми́тя
митям	ми́тям
митями	ми́тями
митях	ми́тях
михаил	михаи́л
михаила	михаи́ла
михаилам	михаи́лам
михаилами	михаи́лами
михаилах	михаи́лах
михаиле	михаи́ле
михаилов	михаи́лов
михаилом	михаи́лом
михаилу	михаи́лу
михаилы	михаи́лы
михайленко	михайле́нко
михайлов	миха́йлов
михайлова	миха́йлова
михайлове	миха́йлове
михайловой	миха́йловой
михайловою	миха́йловою
михайлову	миха́йлову
михайловы	миха́йловы
михайловым	миха́йловым
михайловыми	миха́йловыми
михайловых	миха́йловых
михалков	михалко́в
михалкова	михалко́ва
михалкове	михалко́ве
михалковой	михалко́вой
михалковою	михалко́вою
михалкову	михалко́ву
михалковы	михалко́вы
михалковым	михалко́вым
михалковыми	михалко́выми
михалковых	михалко́вых
михельсон	михельсо́н
михельсона	михельсо́на
михельсонам	михельсо́нам
михельсонами	михельсо́нами
михельсонах	михельсо́нах
михельсоне	михельсо́не
михельсонов	михельсо́нов
михельсоном	михельсо́ном
михельсону	михельсо́ну
михельсоны	михельсо́ны
мицкевич	мицке́вич
мицкевича	мицке́вича
мицкевичам	мицке́вичам
мицкевичами	мицке́вичами
мицкевичах	мицке́вичах
мицкевиче	мицке́виче
мицкевичей	мицке́вичей
мицкевичем	мицке́вичем
мицкевичи	мицке́вичи
мицкевичу	мицке́вичу
мичиган	мичига́н
мичигана	мичига́на
мичигане	мичига́не
мичиганом	мичига́ном
мичигану	мичига́ну
миша	ми́ша
мишам	ми́шам
мишами	ми́шами
мишах	ми́шах
мише	ми́ше
мишей	ми́шей
мишеле	мише́ле
мишелей	мише́лей
мишелем	мише́лем
мишели	мише́ли
мишель	мише́ль
мишелю	мише́лю
мишеля	мише́ля
мишелям	мише́лям
мишелями	мише́лями
мишелях	мише́лях
мишенек	ми́шенек
мишенька	ми́шенька
мишенькам	ми́шенькам
мишеньками	ми́шеньками
мишеньках	ми́шеньках
мишеньке	ми́шеньке
мишеньки	ми́шеньки
мишенькой	ми́шенькой
мишенькою	ми́шенькою
мишеньку	ми́шеньку
мишею	ми́шею
миши	ми́ши
мишу	ми́шу
мишустин	мишу́стин
мишустина	мишу́стина
мишустине	мишу́стине
мишустиной	мишу́стиной
мишустиною	мишу́стиною
мишустину	мишу́стину
мишустины	мишу́стины
мишустиным	мишу́стиным
мишустиными	мишу́стиными
мишустиных	мишу́стиных
миэ	ми́э
мияги	мия́ги
миядзаки	миядза́ки
мияке	мия́ке
мкдоналдсон	мкдо́налдсон
мкдоналдсона	мкдо́налдсона
мкдоналдсонам	мкдо́налдсонам
мкдоналдсонами	мкдо́налдсонами
мкдоналдсонах	мкдо́налдсонах
мкдоналдсоне	мкдо́налдсоне
мкдоналдсонов	мкдо́налдсонов
мкдоналдсоном	мкдо́налдсоном
мкдоналдсону	мкдо́налдсону
мкдоналдсоны	мкдо́налдсоны
могадишу	могади́шу
могилев	могилёв
могилев-подольский	могилёв-подо́льский
могилева	могилёва
могилева-подольского	могилёва-подо́льского
могилеве	могилёве
могилеве-подольском	могилёве-подо́льском
могилевой	могилёвой
могилевом	могилёвом
могилевом-подольским	могилёвом-подо́льским
могилевою	могилёвою
могилеву	могилёву
могилеву-подольскому	могилёву-подо́льскому
могилевы	могилёвы
могилевым	могилёвым
могилевыми	могилёвыми
могилевых	могилёвых
модест	моде́ст
модеста	моде́ста
модестам	моде́стам
модестами	моде́стами
модестах	моде́стах
модесте	моде́сте
модестов	моде́стов
модестом	моде́стом
модесту	моде́сту
модесты	моде́сты
мозамбик	мозамби́к
мозамбика	мозамбика́
мозамбике	мозамбике́
мозамбиком	мозамбико́м
мозамбику	мозамбику́
мозговаго	мозгова́го
мозговая	мозгова́я
мозгового	мозгово́го
мозговой	мозгово́й
мозговом	мозгово́м
мозговому	мозгово́му
мозговою	мозгово́ю
мозговую	мозгову́ю
мозговые	мозговы́е
мозговым	мозговы́м
мозговыми	мозговы́ми
мозговых	мозговы́х
мозговыя	мозговы́я
моисее	моисе́е
моисеев	моисе́ев
моисеем	моисе́ем
моисеи	моисе́и
моисей	моисе́й
моисею	моисе́ю
моисея	моисе́я
моисеям	моисе́ям
моисеями	моисе́ями
моисеях	моисе́ях
мокоши	мо́коши
мокошь	мо́кошь
мокошью	мо́кошью
мокша	мо́кша
мокшам	мо́кшам
мокшами	мо́кшами
мокшах	мо́кшах
мокше	мо́кше
мокшей	мо́кшей
мокшею	мо́кшею
мокши	мо́кши
мокшу	мо́кшу
молдавией	молда́вией
молдавиею	молда́виею
молдавии	молда́вии
молдавию	молда́вию
молдавия	молда́вия
молдова	молдо́ва
молдове	молдо́ве
молдовой	молдо́вой
молдовою	молдо́вою
молдову	молдо́ву
молдовы	молдо́вы
молога	моло́га
мологе	моло́ге
мологи	моло́ги
мологой	моло́гой
мологою	моло́гою
мологу	моло́гу
молотов	мо́лотов
молотова	мо́лотова
молотове	мо́лотове
молотовой	мо́лотовой
молотовою	мо́лотовою
молотову	мо́лотову
молотовы	мо́лотовы
молотовым	мо́лотовым
молотовыми	мо́лотовыми
молотовых	мо́лотовых
мома	мо́ма
момбецу	момбе́цу
моме	мо́ме
момом	мо́мом
мому	мо́му
монако	мона́ко
монблан	монбла́н
монблана	монбла́на
монблане	монбла́не
монбланом	монбла́ном
монблану	монбла́ну
монголией	монго́лией
монголиею	монго́лиею
монголии	монго́лии
монголию	монго́лию
монголия	монго́лия
монза	мо́нза
монзе	мо́нзе
монзой	мо́нзой
монзою	мо́нзою
монзу	мо́нзу
монзы	мо́нзы
монмартр	монма́ртр
монпарнас	монпарна́с
монреале	монреа́ле
монреалем	монреа́лем
монреаль	монреа́ль
монреалю	монреа́лю
монреаля	монреа́ля
монро	монро́
монровией	монро́вией
монровиею	монро́виею
монровии	монро́вии
монровию	монро́вию
монровия	монро́вия
монсон	мо́нсон
монсона	мо́нсона
монсонам	мо́нсонам
монсонами	мо́нсонами
монсонах	мо́нсонах
монсоне	мо́нсоне
монсонов	мо́нсонов
монсоном	мо́нсоном
монсону	мо́нсону
монсоны	мо́нсоны
монтана	монта́на
монтане	монта́не
монтаной	монта́ной
монтаною	монта́ною
монтану	монта́ну
монтаны	монта́ны
монте-карло	монте-ка́рло
монтевидео	монтевиде́о
монтпилиер	монтпи́лиер
монтпилиера	монтпи́лиера
монтпилиере	монтпи́лиере
монтпилиером	монтпи́лиером
монтпилиеру	монтпи́лиеру
моравией	мора́вией
моравиею	мора́виею
моравии	мора́вии
моравию	мора́вию
моравия	мора́вия
мордовией	мордо́вией
мордовиею	мордо́виею
мордовии	мордо́вии
мордовию	мордо́вию
мордовия	мордо́вия
мордор	мо́рдор
мордора	мо́рдора
мордоре	мо́рдоре
мордором	мо́рдором
мордору	мо́рдору
моркока	морко́ка
моркоке	морко́ке
моркоки	морко́ки
моркокой	морко́кой
моркокою	морко́кою
моркоку	морко́ку
морозов	моро́зов
морозова	моро́зова
морозове	моро́зове
морозовой	моро́зовой
морозовою	моро́зовою
морозову	моро́зову
морозовы	моро́зовы
морозовым	моро́зовым
морозовыми	моро́зовыми
морозовых	моро́зовых
морони	моро́ни
москалев	москалёв
москалева	москалёва
москалеве	москалёве
москалевой	москалёвой
москалевою	москалёвою
москалеву	москалёву
москалевы	москалёвы
москалевым	москалёвым
москалевыми	москалёвыми
москалевых	москалёвых
москва	москва́
москвабад	москваба́д
москвабада	москваба́да
москвабаде	москваба́де
москвабадом	москваба́дом
москвабаду	москваба́ду
москвастан	москваста́н
москвастана	москваста́на
москвастане	москваста́не
москвастаном	москваста́ном
москвастану	москваста́ну
москве	москве́
москвой	москво́й
москвою	москво́ю
москву	москву́
москвы	москвы́
московией	моско́вией
московиею	моско́виею
московии	моско́вии
московий	моско́вий
московию	моско́вию
московия	моско́вия
московиям	моско́виям
московиями	моско́виями
московиях	моско́виях
моссад	мосса́д
моссада	мосса́да
моссадам	мосса́дам
моссадами	мосса́дами
моссадах	мосса́дах
моссаде	мосса́де
моссадов	мосса́дов
моссадом	мосса́дом
моссаду	мосса́ду
моссады	мосса́ды
моссельпром	моссельпро́м
моссельпрома	моссельпро́ма
моссельпромам	моссельпро́мам
моссельпромами	моссельпро́мами
моссельпромах	моссельпро́мах
моссельпроме	моссельпро́ме
моссельпромов	моссельпро́мов
моссельпромом	моссельпро́мом
моссельпрому	моссельпро́му
моссельпромы	моссельпро́мы
моссовет	моссове́т
моссовета	моссове́та
моссовете	моссове́те
моссоветом	моссове́том
моссовету	моссове́ту
моте	мо́те
мотей	мо́тей
мотею	мо́тею
моти	мо́ти
мотю	мо́тю
мотя	мо́тя
мотям	мо́тям
мотями	мо́тями
мотях	мо́тях
муданьцзян	муданьцзя́н
муданьцзяна	муданьцзя́на
муданьцзяне	муданьцзя́не
муданьцзяном	муданьцзя́ном
муданьцзяну	муданьцзя́ну
мукачева	мука́чева
мукачеве	мука́чеве
мукачево	мука́чево
мукачевом	мука́чевом
мукачеву	мука́чеву
мумбаи	мумба́и
мумбай	мумба́й
муравьев	муравьёв
муравьева	муравьёва
муравьеве	муравьёве
муравьевой	муравьёвой
муравьевою	муравьёвою
муравьеву	муравьёву
муравьевы	муравьёвы
муравьевым	муравьёвым
муравьевыми	муравьёвыми
муравьевых	муравьёвых
муратов	мура́тов
муратова	мура́това
муратове	мура́тове
муратовой	мура́товой
муратовою	мура́товою
муратову	мура́тову
муратовы	мура́товы
муратовым	мура́товым
муратовыми	мура́товыми
муратовых	мура́товых
мурашко	мура́шко
мурзик	му́рзик
мурзика	му́рзика
мурзикам	му́рзикам
мурзиками	му́рзиками
мурзиках	му́рзиках
мурзике	му́рзике
мурзики	му́рзики
мурзиков	му́рзиков
мурзиком	му́рзиком
мурзику	му́рзику
муром	му́ром
мурома	му́рома
муроме	му́роме
муромом	му́ромом
мурому	му́рому
муса	му́са
мусасино	муса́сино
мусе	му́се
мусом	му́сом
мусоргская	му́соргская
мусоргские	му́соргские
мусоргский	му́соргский
мусоргским	му́соргским
мусоргскими	му́соргскими
мусоргских	му́соргских
мусоргского	му́соргского
мусоргской	му́соргской
мусоргском	му́соргском
мусоргскому	му́соргскому
мусоргскою	му́соргскою
мусоргскую	му́соргскую
мусу	му́су
мухаммед	муха́ммед
мухаммеда	муха́ммеда
мухаммеде	муха́ммеде
мухаммедом	муха́ммедом
мухаммеду	муха́ммеду
мухосранск	мухосра́нск
мухосранска	мухосра́нска
мухосранске	мухосра́нске
мухосранском	мухосра́нском
мухосранску	мухосра́нску
муцу	му́цу
мхата	мха́та
мхате	мха́те
мхатом	мха́том
мхату	мха́ту
мыкол	мыко́л
мыкола	мыко́ла
мыколам	мыко́лам
мыколами	мыко́лами
мыколах	мыко́лах
мыколе	мыко́ле
мыколой	мыко́лой
мыколою	мыко́лою
мыколу	мыко́лу
мыколы	мыко́лы
мыскин	мы́скин
мыскина	мы́скина
мыскине	мы́скине
мыскиной	мы́скиной
мыскиною	мы́скиною
мыскину	мы́скину
мыскины	мы́скины
мыскиным	мы́скиным
мыскиными	мы́скиными
мыскиных	мы́скиных
мышкин	мы́шкин
мышкина	мы́шкина
мышкине	мы́шкине
мышкиной	мы́шкиной
мышкиною	мы́шкиною
мышкину	мы́шкину
мышкины	мы́шкины
мышкиным	мы́шкиным
мышкиными	мы́шкиными
мышкиных	мы́шкиных
мьянма	мья́нма
мьянме	мья́нме
мьянмой	мья́нмой
мьянмою	мья́нмою
мьянму	мья́нму
мьянмы	мья́нмы
мэгуро	мэгу́ро
мэдисон	мэ́дисон
мэдисона	мэ́дисона
мэдисонам	мэ́дисонам
мэдисонами	мэ́дисонами
мэдисонах	мэ́дисонах
мэдисоне	мэ́дисоне
мэдисонов	мэ́дисонов
мэдисоном	мэ́дисоном
мэдисону	мэ́дисону
мэдисоны	мэ́дисоны
мэлса	мэ́лса
мэлсам	мэ́лсам
мэлсами	мэ́лсами
мэлсах	мэ́лсах
мэлсе	мэ́лсе
мэлсов	мэ́лсов
мэлсом	мэ́лсом
мэлсу	мэ́лсу
мэлсы	мэ́лсы
мэна	мэ́на
мэне	мэ́не
мэном	мэ́ном
мэну	мэ́ну
мэриленд	мэ́риленд
мэриленда	мэ́риленда
мэриленде	мэ́риленде
мэрилендом	мэ́рилендом
мэриленду	мэ́риленду
мэрилин	мэ́рилин
мэтта	мэ́тта
мэттам	мэ́ттам
мэттами	мэ́ттами
мэттах	мэ́ттах
мэтте	мэ́тте
мэттов	мэ́ттов
мэттом	мэ́ттом
мэтту	мэ́тту
мэтты	мэ́тты
мэттью	мэ́ттью
мюллер	мю́ллер
мюллера	мю́ллера
мюллерам	мю́ллерам
мюллерами	мю́ллерами
мюллерах	мю́ллерах
мюллере	мю́ллере
мюллеров	мю́ллеров
мюллером	мю́ллером
мюллеру	мю́ллеру
мюллеры	мю́ллеры
мюнхен	мю́нхен
мюнхена	мю́нхена
мюнхене	мю́нхене
мюнхеном	мю́нхеном
мюнхену	мю́нхену
мягков	мягко́в
мягкова	мягко́ва
мягкове	мягко́ве
мягковой	мягко́вой
мягковою	мягко́вою
мягкову	мягко́ву
мягковы	мягко́вы
мягковым	мягко́вым
мягковыми	мягко́выми
мягковых	мягко́вых
набиуллин	набиу́ллин
набиуллина	набиу́ллина
набиуллине	набиу́ллине
набиуллиной	набиу́ллиной
набиуллиною	набиу́ллиною
набиуллину	набиу́ллину
набиуллины	набиу́ллины
набиуллиным	набиу́ллиным
набиуллиными	набиу́ллиными
набиуллиных	набиу́ллиных
набоков	набо́ков
набокова	набо́кова
набокове	набо́кове
набоковой	набо́ковой
набоковою	набо́ковою
набокову	набо́кову
набоковы	набо́ковы
набоковым	набо́ковым
набоковыми	набо́ковыми
набоковых	набо́ковых
навальнаго	нава́льнаго
навальная	нава́льная
навального	нава́льного
навальной	нава́льной
навальном	нава́льном
навальному	нава́льному
навальною	нава́льною
навальную	нава́льную
навальные	нава́льные
навальный	нава́льный
навальным	нава́льным
навальными	нава́льными
навальных	нава́льных
навальныя	нава́льныя
навруз	навру́з
навруза	навру́за
наврузам	навру́зам
наврузами	навру́зами
наврузах	навру́зах
наврузе	навру́зе
наврузов	навру́зов
наврузом	навру́зом
наврузу	навру́зу
наврузы	навру́зы
навсикае	навсика́е
навсикаей	навсика́ей
навсикаею	навсика́ею
навсикаи	навсика́и
навсикаю	навсика́ю
навсикая	навсика́я
нагано	нага́но
нагасаки	нагаса́ки
нагоя	наго́я
надворная	надво́рная
надворной	надво́рной
надворною	надво́рною
надворную	надво́рную
наде	на́де
надежд	наде́жд
надежда	наде́жда
надеждам	наде́ждам
надеждами	наде́ждами
надеждах	наде́ждах
надежде	наде́жде
надеждин	наде́ждин
надеждина	наде́ждина
надеждине	наде́ждине
надеждиной	наде́ждиной
надеждиною	наде́ждиною
надеждину	наде́ждину
надеждины	наде́ждины
надеждиным	наде́ждиным
надеждиными	наде́ждиными
надеждиных	наде́ждиных
надеждой	наде́ждой
надеждою	наде́ждою
надежду	наде́жду
надежды	наде́жды
надей	на́дей
надею	на́дею
нади	на́ди
надю	на́дю
надя	на́дя
надям	на́дям
надями	на́дями
надях	на́дях
наеро	наёро
назаров	наза́ров
назарова	наза́рова
назарове	наза́рове
назаровой	наза́ровой
назаровою	наза́ровою
назарову	наза́рову
назаровы	наза́ровы
назаровым	наза́ровым
назаровыми	наза́ровыми
назаровых	наза́ровых
найджел	на́йджел
найджела	на́йджела
найджелам	на́йджелам
найджелами	на́йджелами
найджелах	на́йджелах
найджеле	на́йджеле
найджелов	на́йджелов
найджелом	на́йджелом
найджелу	на́йджелу
найджелы	на́йджелы
найроби	найро́би
найтингейл	на́йтингейл
найтингейла	на́йтингейла
найтингейлам	на́йтингейлам
найтингейлами	на́йтингейлами
найтингейлах	на́йтингейлах
найтингейле	на́йтингейле
найтингейлов	на́йтингейлов
найтингейлом	на́йтингейлом
найтингейлу	на́йтингейлу
найтингейлы	на́йтингейлы
накано	нака́но
нальчик	на́льчик
нальчика	на́льчика
нальчике	на́льчике
нальчиком	на́льчиком
нальчику	на́льчику
намибией	нами́бией
намибиею	нами́биею
намибии	нами́бии
намибию	нами́бию
намибия	нами́бия
намюр	намю́р
намюра	намю́ра
нанкин	нанки́н
нанкина	нанки́на
нанкине	нанки́не
нанкином	нанки́ном
нанкину	нанки́ну
наполеон	наполео́н
наполеона	наполео́на
наполеоне	наполео́не
наполеоном	наполео́ном
наполеону	наполео́ну
нара	на́ра
наре	на́ре
нарита	на́рита
наркомвнудел	наркомвнуде́л
наркомвнудела	наркомвнуде́ла
наркомвнуделе	наркомвнуде́ле
наркомвнуделом	наркомвнуде́лом
наркомвнуделу	наркомвнуде́лу
наркомздрав	наркомздра́в
наркомздрава	наркомздра́ва
наркомздраве	наркомздра́ве
наркомздравом	наркомздра́вом
наркомздраву	наркомздра́ву
наркомзем	наркомзе́м
наркомзема	наркомзе́ма
наркомземе	наркомзе́ме
наркомземом	наркомзе́мом
наркомзему	наркомзе́му
наркомпочтеле	наркомпочте́ле
наркомпочтелем	наркомпочте́лем
наркомпочтель	наркомпочте́ль
наркомпочтелю	наркомпочте́лю
наркомпочтеля	наркомпочте́ля
наркомпрос	наркомпро́с
наркомпроса	наркомпро́са
наркомпросе	наркомпро́се
наркомпросом	наркомпро́сом
наркомпросу	наркомпро́су
наркомпуте	наркомпу́те
наркомпутем	наркомпу́тем
наркомпуть	наркомпу́ть
наркомпутю	наркомпу́тю
наркомпутя	наркомпу́тя
наркомсвязи	наркомсвя́зи
наркомсвязь	наркомсвя́зь
наркомсвязью	наркомсвя́зью
наркомтанкопром	наркомтанкопро́м
наркомтанкопрома	наркомтанкопро́ма
наркомтанкопроме	наркомтанкопро́ме
наркомтанкопромом	наркомтанкопро́мом
наркомтанкопрому	наркомтанкопро́му
наркомтруд	наркомтру́д
наркомтруда	наркомтру́да
наркомтруде	наркомтру́де
наркомтрудом	наркомтру́дом
наркомтруду	наркомтру́ду
наркомтяжпром	наркомтяжпро́м
наркомтяжпрома	наркомтяжпро́ма
наркомтяжпроме	наркомтяжпро́ме
наркомтяжпромом	наркомтяжпро́мом
наркомтяжпрому	наркомтяжпро́му
наркомфин	наркомфи́н
наркомфина	наркомфи́на
наркомфине	наркомфи́не
наркомфином	наркомфи́ном
наркомфину	наркомфи́ну
наркомюст	наркомю́ст
наркомюста	наркомю́ста
наркомюсте	наркомю́сте
наркомюстом	наркомю́стом
наркомюсту	наркомю́сту
нарой	на́рой
нарою	на́рою
нару	на́ру
наруто	на́руто
нары	на́ры
нарын	нары́н
нарына	нары́на
нарыне	нары́не
нарыном	нары́ном
нарыну	нары́ну
наса	на́са
насос	насо́с
насоса	насо́са
насосе	насо́се
насосом	насо́сом
насосу	насо́су
настасий	наста́сий
настасье	наста́сье
настасьей	наста́сьей
настасьею	наста́сьею
настасьи	наста́сьи
настасью	наста́сью
настасья	наста́сья
настасьям	наста́сьям
настасьями	наста́сьями
настасьях	наста́сьях
насте	на́сте
настей	на́стей
настек	настёк
настенек	на́стенек
настенька	на́стенька
настенькам	на́стенькам
настеньками	на́стеньками
настеньках	на́стеньках
настеньке	на́стеньке
настеньки	на́стеньки
настенькой	на́стенькой
настенькою	на́стенькою
настеньку	на́стеньку
настею	на́стею
насти	на́сти
настька	на́стька
настю	на́стю
настя	на́стя
настям	на́стям
настями	на́стями
настях	на́стях
наталий	ната́лий
наталия	ната́лия
наталье	ната́лье
натальей	ната́льей
натальею	ната́льею
натальи	ната́льи
наталью	ната́лью
наталья	ната́лья
натальям	ната́льям
натальями	ната́льями
натальях	ната́льях
наташ	ната́ш
наташа	ната́ша
наташам	ната́шам
наташами	ната́шами
наташах	ната́шах
наташе	ната́ше
наташей	ната́шей
наташенек	ната́шенек
наташенька	ната́шенька
наташенькам	ната́шенькам
наташеньками	ната́шеньками
наташеньках	ната́шеньках
наташеньке	ната́шеньке
наташеньки	ната́шеньки
наташенькой	ната́шенькой
наташенькою	ната́шенькою
наташеньку	ната́шеньку
наташею	ната́шею
наташи	ната́ши
наташу	ната́шу
нато	на́то
наумов	нау́мов
наумова	нау́мова
наумове	нау́мове
наумовой	нау́мовой
наумовою	нау́мовою
наумову	нау́мову
наумовы	нау́мовы
наумовым	нау́мовым
наумовыми	нау́мовыми
наумовых	нау́мовых
науру	нау́ру
нафанаил	нафанаи́л
нафанаила	нафанаи́ла
нафанаилам	нафанаи́лам
нафанаилами	нафанаи́лами
нафанаилах	нафанаи́лах
нафанаиле	нафанаи́ле
нафанаилов	нафанаи́лов
нафанаилом	нафанаи́лом
нафанаилу	нафанаи́лу
нафанаилы	нафанаи́лы
наха	на́ха
нахе	на́хе
нахи	на́хи
нахичевани	нахичева́ни
нахичевань	нахичева́нь
нахичеванью	нахичева́нью
находка	нахо́дка
находке	нахо́дке
находки	нахо́дки
находкой	нахо́дкой
находкою	нахо́дкою
находку	нахо́дку
нахой	на́хой
нахою	на́хою
наху	на́ху
нашвилл	на́швилл
нашвилла	на́швилла
нашвилле	на́швилле
нашвиллом	на́швиллом
нашвиллу	на́швиллу
нгерулмуд	нгерулму́д
нгерулмуда	нгерулму́да
нгерулмуде	нгерулму́де
нгерулмудом	нгерулму́дом
нгерулмуду	нгерулму́ду
нгуен	нгуе́н
нгуена	нгуе́на
нгуенам	нгуе́нам
нгуенами	нгуе́нами
нгуенах	нгуе́нах
нгуене	нгуе́не
нгуенов	нгуе́нов
нгуеном	нгуе́ном
нгуену	нгуе́ну
нгуены	нгуе́ны
нджамена	нджаме́на
нджамене	нджаме́не
нджаменой	нджаме́ной
нджаменою	нджаме́ною
нджамену	нджаме́ну
нджамены	нджаме́ны
неаполе	неа́поле
неаполем	неа́полем
неаполь	неа́поль
неаполю	неа́полю
неаполя	неа́поля
небраска	небра́ска
небраске	небра́ске
небраски	небра́ски
небраской	небра́ской
небраскою	небра́скою
небраску	небра́ску
нева	нева́
невада	нева́да
неваде	нева́де
невадой	нева́дой
невадою	нева́дою
неваду	нева́ду
невады	нева́ды
неве	неве́
невзлин	не́взлин
невзлина	не́взлина
невзлине	не́взлине
невзлиной	не́взлиной
невзлиною	не́взлиною
невзлину	не́взлину
невзлины	не́взлины
невзлиным	не́взлиным
невзлиными	не́взлиными
невзлиных	не́взлиных
невзоров	невзо́ров
невзорова	невзо́рова
невзорове	невзо́рове
невзоровой	невзо́ровой
невзоровою	невзо́ровою
невзорову	невзо́рову
невзоровы	невзо́ровы
невзоровым	невзо́ровым
невзоровыми	невзо́ровыми
невзоровых	невзо́ровых
невинная	неви́нная
невинного	неви́нного
невинной	неви́нной
невинном	неви́нном
невинному	неви́нному
невинною	неви́нною
невинную	неви́нную
невинные	неви́нные
невинный	неви́нный
невинным	неви́нным
невинными	неви́нными
невинных	неви́нных
невой	нево́й
невою	нево́ю
невская	не́вская
невские	не́вские
невский	не́вский
невским	не́вским
невскими	не́вскими
невских	не́вских
невского	не́вского
невской	не́вской
невском	не́вском
невскому	не́вскому
невскою	не́вскою
невскую	не́вскую
невтон	невто́н
невтона	невто́на
невтонов	невто́нов
невтоны	невто́ны
неву	неву́
невы	невы́
неглинка	негли́нка
неглинке	негли́нке
неглинки	негли́нки
неглинкой	негли́нкой
неглинкою	негли́нкою
неглинку	негли́нку
неглиннаи	негли́ннаи
неглинная	негли́нная
неглинной	негли́нной
неглинною	негли́нною
неглинную	негли́нную
нежин	не́жин
нежина	не́жина
нежине	не́жине
нежином	не́жином
нежину	не́жину
незалежная	незале́жная
незалежной	незале́жной
незалежною	незале́жною
незалежную	незале́жную
незалежные	незале́жные
незалежным	незале́жным
незалежными	незале́жными
незалежных	незале́жных
незнаек	незна́ек
незнайка	незна́йка
незнайкам	незна́йкам
незнайками	незна́йками
незнайках	незна́йках
незнайке	незна́йке
незнайки	незна́йки
незнайкой	незна́йкой
незнайкою	незна́йкою
незнайку	незна́йку
неймеген	не́ймеген
неймегена	не́ймегена
неймегене	не́ймегене
неймегеном	не́ймегеном
неймегену	не́ймегену
нейпьидо	нейпьидо́
некрасов	некра́сов
некрасова	некра́сова
некрасове	некра́сове
некрасовой	некра́совой
некрасовою	некра́совою
некрасову	некра́сову
некрасовы	некра́совы
некрасовым	некра́совым
некрасовыми	некра́совыми
некрасовых	некра́совых
немезид	немези́д
немезида	немези́да
немезидам	немези́дам
немезидами	немези́дами
немезидах	немези́дах
немезиде	немези́де
немезидой	немези́дой
немезидою	немези́дою
немезиду	немези́ду
немезиды	немези́ды
немесида	немеси́да
неметчина	неме́тчина
неметчине	неме́тчине
неметчиной	неме́тчиной
неметчиною	неме́тчиною
неметчину	неме́тчину
неметчины	неме́тчины
немцов	немцо́в
немцова	немцо́ва
немцове	немцо́ве
немцовой	немцо́вой
немцовою	немцо́вою
немцову	немцо́ву
немцовы	немцо́вы
немцовым	немцо́вым
немцовыми	немцо́выми
немцовых	немцо́вых
ненецией	нене́цией
ненециею	нене́циею
ненеции	нене́ции
ненецию	нене́цию
ненеция	нене́ция
неонил	неони́л
неонила	неони́ла
неонилам	неони́лам
неонилами	неони́лами
неонилах	неони́лах
неониле	неони́ле
неонилой	неони́лой
неонилою	неони́лою
неонилу	неони́лу
неонилы	неони́лы
непал	непа́л
непала	непа́ла
непале	непа́ле
непалом	непа́лом
непалу	непа́лу
непомнящая	непо́мнящая
непомнящего	непо́мнящего
непомнящей	непо́мнящей
непомнящем	непо́мнящем
непомнящему	непо́мнящему
непомнящею	непо́мнящею
непомнящие	непо́мнящие
непомнящий	непо́мнящий
непомнящим	непо́мнящим
непомнящими	непо́мнящими
непомнящих	непо́мнящих
непомнящую	непо́мнящую
нептун	непту́н
нептуна	непту́на
нептуне	непту́не
нептуном	непту́ном
нептуну	непту́ну
неретва	не́ретва
неретве	не́ретве
неретвой	не́ретвой
неретвою	не́ретвою
неретву	не́ретву
неретвы	не́ретвы
нерога	неро́га
нероге	неро́ге
нероги	неро́ги
нерогой	неро́гой
нерогою	неро́гою
нерогу	неро́гу
нерсесов	нерсе́сов
нерсесова	нерсе́сова
нерсесове	нерсе́сове
нерсесовой	нерсе́совой
нерсесовою	нерсе́совою
нерсесову	нерсе́сову
нерсесовы	нерсе́совы
нерсесовым	нерсе́совым
нерсесовыми	нерсе́совыми
нерсесовых	нерсе́совых
нетребко	нетре́бко
нефед	нефёд
нефеда	нефёда
нефедам	нефёдам
нефедами	нефёдами
нефедах	нефёдах
нефеде	нефёде
нефедов	нефёдов
нефедом	нефёдом
нефеду	нефёду
нефеды	нефёды
нечаев	неча́ев
нечаева	неча́ева
нечаеве	неча́еве
нечаевой	неча́евой
нечаевою	неча́евою
нечаеву	неча́еву
нечаевы	неча́евы
нечаевым	неча́евым
нечаевыми	неча́евыми
нечаевых	неча́евых
нечепуренко	нечепуре́нко
ниамее	ниаме́е
ниамеем	ниаме́ем
ниамей	ниаме́й
ниамею	ниаме́ю
ниамея	ниаме́я
нивин	ни́вин
нивина	ни́вина
нивине	ни́вине
нивиной	ни́виной
нивиною	ни́виною
нивину	ни́вину
нивины	ни́вины
нивиным	ни́виным
нивиными	ни́виными
нивиных	ни́виных
нигерией	ниге́рией
нигериею	ниге́риею
нигерии	ниге́рии
нигерию	ниге́рию
нигерия	ниге́рия
нидвальден	ни́двальден
нидвальдена	ни́двальдена
нидвальдене	ни́двальдене
нидвальденом	ни́двальденом
нидвальдену	ни́двальдену
нидерландам	нидерла́ндам
нидерландами	нидерла́ндами
нидерландах	нидерла́ндах
нидерландов	нидерла́ндов
нидерланды	нидерла́нды
нидхегг	нидхёгг
нидхегга	нидхёгга
нидхеггам	нидхёггам
нидхеггами	нидхёггами
нидхеггах	нидхёггах
нидхегге	нидхёгге
нидхегги	нидхёгги
нидхеггов	нидхёггов
нидхеггом	нидхёггом
нидхеггу	нидхёггу
нижневартовск	нижнева́ртовск
нижневартовска	нижнева́ртовска
нижневартовске	нижнева́ртовске
нижневартовском	нижнева́ртовском
нижневартовску	нижнева́ртовску
нижнего	ни́жнего
нижнекамск	нижнека́мск
нижнекамска	нижнека́мска
нижнекамске	нижнека́мске
нижнекамском	нижнека́мском
нижнекамску	нижнека́мску
нижнеленинское	нижнеле́нинское
нижнем	ни́жнем
нижнему	ни́жнему
нижние	ни́жние
нижний	ни́жний
нижним	ни́жним
нижними	ни́жними
нижних	ни́жних
низовцев	низо́вцев
низовцева	низо́вцева
низовцеве	низо́вцеве
низовцевой	низо́вцевой
низовцевою	низо́вцевою
низовцеву	низо́вцеву
низовцевы	низо́вцевы
низовцевым	низо́вцевым
низовцевыми	низо́вцевыми
низовцевых	низо́вцевых
ниигата	ниига́та
ниигате	ниига́те
ниигатой	ниига́той
ниигатою	ниига́тою
ниигату	ниига́ту
ниигаты	ниига́ты
ниисчетмаш	ниисчетма́ш
ниисчетмаша	ниисчетма́ша
ниисчетмашам	ниисчетма́шам
ниисчетмашами	ниисчетма́шами
ниисчетмашах	ниисчетма́шах
ниисчетмаше	ниисчетма́ше
ниисчетмашей	ниисчетма́шей
ниисчетмашем	ниисчетма́шем
ниисчетмаши	ниисчетма́ши
ниисчетмашу	ниисчетма́шу
ника	ни́ка
никанией	ника́нией
никаниею	ника́ниею
никании	ника́нии
никанию	ника́нию
никания	ника́ния
никаноров	никано́ров
никанорова	никано́рова
никанорове	никано́рове
никаноровой	никано́ровой
никаноровою	никано́ровою
никанорову	никано́рову
никаноровы	никано́ровы
никаноровым	никано́ровым
никаноровыми	никано́ровыми
никаноровых	никано́ровых
никарагуа	никара́гуа
нике	ни́ке
никербокер	никербо́кер
никербокера	никербо́кера
никербокерам	никербо́керам
никербокерами	никербо́керами
никербокерах	никербо́керах
никербокере	никербо́кере
никербокеров	никербо́керов
никербокером	никербо́кером
никербокеру	никербо́керу
никербокеры	никербо́керы
ники	ни́ки
никин	ни́кин
никина	ни́кина
никине	ни́кине
никиной	ни́киной
никиною	ни́киною
никину	ни́кину
никины	ни́кины
никиным	ни́киным
никиными	ни́киными
никиных	ни́киных
никит	ники́т
никита	ники́та
никитам	ники́там
никитами	ники́тами
никитах	ники́тах
никите	ники́те
никитин	ники́тин
никитина	ники́тина
никитине	ники́тине
никитиной	ники́тиной
никитиною	ники́тиною
никитину	ники́тину
никитины	ники́тины
никитиным	ники́тиным
никитиными	ники́тиными
никитиных	ники́тиных
никитой	ники́той
никитою	ники́тою
никиту	ники́ту
никиты	ники́ты
никифор	ники́фор
никифора	ники́фора
никифорам	ники́форам
никифорами	ники́форами
никифорах	ники́форах
никифоре	ники́форе
никифоров	ники́форов
никифором	ники́фором
никифору	ники́фору
никифоры	ники́форы
никко	никко́
никодим	никоди́м
никодима	никоди́ма
никодимам	никоди́мам
никодимами	никоди́мами
никодимах	никоди́мах
никодиме	никоди́ме
никодимов	никоди́мов
никодимом	никоди́мом
никодиму	никоди́му
никодимы	никоди́мы
никой	ни́кой
николае	никола́е
николаев	никола́ев
николаева	никола́ева
николаеве	никола́еве
николаевка	никола́евка
николаевке	никола́евке
николаевки	никола́евки
николаевкой	никола́евкой
николаевкою	никола́евкою
николаевку	никола́евку
николаево	никола́ево
николаевой	никола́евой
николаевом	никола́евом
николаевою	никола́евою
николаевск	никола́евск
николаевска	никола́евска
николаевская	никола́евская
николаевске	никола́евске
николаевский	никола́евский
николаевским	никола́евским
николаевского	никола́евского
николаевское	никола́евское
николаевской	никола́евской
николаевском	никола́евском
николаевскому	никола́евскому
николаевскою	никола́евскою
николаевску	никола́евску
николаевскую	никола́евскую
николаеву	никола́еву
николаевы	никола́евы
николаевым	никола́евым
николаевыми	никола́евыми
николаевых	никола́евых
николаем	никола́ем
николаенка	николаёнка
николаенке	николаёнке
николаенком	николаёнком
николаенку	николаёнку
николаенок	николаёнок
николаи	никола́и
николай	никола́й
николаю	никола́ю
николая	никола́я
николаям	никола́ям
николаями	никола́ями
николаях	никола́ях
николовская	нико́ловская
николовские	нико́ловские
николовский	нико́ловский
николовских	нико́ловских
николовского	нико́ловского
николоская	нико́лоская
николоские	нико́лоские
николоский	нико́лоский
николоских	нико́лоских
николоского	нико́лоского
никонов	ни́конов
никонова	ни́конова
никонове	ни́конове
никоновой	ни́коновой
никоновою	ни́коновою
никонову	ни́конову
никоновы	ни́коновы
никоновым	ни́коновым
никоновыми	ни́коновыми
никоновых	ни́коновых
никополе	ни́кополе
никополем	ни́кополем
никополь	ни́кополь
никополю	ни́кополю
никополя	ни́кополя
никосией	никоси́ей
никосиею	никоси́ею
никосии	никоси́и
никосию	никоси́ю
никосия	никоси́я
никою	ни́кою
никта	ни́кта
нику	ни́ку
никулин	нику́лин
никулина	нику́лина
никулине	нику́лине
никулиной	нику́линой
никулиною	нику́линою
никулину	нику́лину
никулины	нику́лины
никулиным	нику́линым
никулиными	нику́лиными
никулиных	нику́линых
нила	ни́ла
нилам	ни́лам
нилами	ни́лами
нилах	ни́лах
ниле	ни́ле
нилин	ни́лин
нилина	ни́лина
нилине	ни́лине
нилиной	ни́линой
нилиною	ни́линою
нилину	ни́лину
нилины	ни́лины
нилиным	ни́линым
нилиными	ни́лиными
нилиных	ни́линых
нилов	ни́лов
нилом	ни́лом
нилу	ни́лу
нилы	ни́лы
нина	ни́на
нинам	ни́нам
нинами	ни́нами
нинах	ни́нах
нине	ни́не
нинильчик	нини́льчик
нинильчика	нини́льчика
нинильчике	нини́льчике
нинильчиком	нини́льчиком
нинильчику	нини́льчику
нинка	ни́нка
ниной	ни́ной
нинок	нино́к
ниночка	ни́ночка
ниною	ни́ною
нину	ни́ну
нины	ни́ны
ниса	ни́са
нисам	ни́сам
нисами	ни́сами
нисах	ни́сах
нисе	ни́се
нисин	ни́син
нисина	ни́сина
нисине	ни́сине
нисиной	ни́синой
нисиною	ни́синою
нисину	ни́сину
нисины	ни́сины
нисиным	ни́синым
нисиными	ни́сиными
нисиных	ни́синых
нисой	ни́сой
нисою	ни́сою
нису	ни́су
нисы	ни́сы
ниуэ	ниу́э
ницца	ни́цца
ницце	ни́цце
ниццей	ни́ццей
ниццею	ни́ццею
ниццу	ни́ццу
ниццы	ни́ццы
ницша	ни́цша
ницшам	ни́цшам
ницшами	ни́цшами
ницшах	ни́цшах
ницше	ни́цше
ницшем	ни́цшем
ницшу	ни́цшу
ниязов	ния́зов
ниязова	ния́зова
ниязове	ния́зове
ниязовой	ния́зовой
ниязовою	ния́зовою
ниязову	ния́зову
ниязовы	ния́зовы
ниязовым	ния́зовым
ниязовыми	ния́зовыми
ниязовых	ния́зовых
ноббса	но́ббса
ноббсам	но́ббсам
ноббсами	но́ббсами
ноббсах	но́ббсах
ноббсе	но́ббсе
ноббсов	но́ббсов
ноббсом	но́ббсом
ноббсу	но́ббсу
ноббсы	но́ббсы
нобеле	но́беле
нобелей	но́белей
нобелем	но́белем
нобели	но́бели
нобель	но́бель
нобелю	но́белю
нобеля	но́беля
нобелям	но́белям
нобелями	но́белями
нобелях	но́белях
новагорода	новаго́рода
новгород	но́вгород
новгорода	но́вгорода
новгороде	но́вгороде
новгородом	но́вгородом
новгороду	но́вгороду
новегороде	новего́роде
новиков	но́виков
новикова	но́викова
новикове	но́викове
новиковой	но́виковой
новиковою	но́виковою
новикову	но́викову
новиковы	но́виковы
новиковым	но́виковым
новиковыми	но́виковыми
новиковых	но́виковых
ново-архангельск	ново-арха́нгельск
ново-архангельска	ново-арха́нгельска
ново-архангельске	ново-арха́нгельске
ново-архангельском	ново-арха́нгельском
ново-архангельску	ново-арха́нгельску
новоалтайск	новоалта́йск
новоалтайска	новоалта́йска
новоалтайске	новоалта́йске
новоалтайском	новоалта́йском
новоалтайску	новоалта́йску
новодвинск	новодви́нск
новодвинска	новодви́нска
новодвинске	новодви́нске
новодвинском	новодви́нском
новодвинску	новодви́нску
новодворская	новодво́рская
новодворские	новодво́рские
новодворский	новодво́рский
новодворским	новодво́рским
новодворскими	новодво́рскими
новодворских	новодво́рских
новодворского	новодво́рского
новодворской	новодво́рской
новодворском	новодво́рском
новодворскому	новодво́рскому
новодворскою	новодво́рскою
новодворскую	новодво́рскую
новожилов	новожи́лов
новожилова	новожи́лова
новожилове	новожи́лове
новожиловой	новожи́ловой
новожиловою	новожи́ловою
новожилову	новожи́лову
новожиловы	новожи́ловы
новожиловым	новожи́ловым
новожиловыми	новожи́ловыми
новожиловых	новожи́ловых
новокузнецк	новокузне́цк
новокузнецка	новокузне́цка
новокузнецке	новокузне́цке
новокузнецком	новокузне́цком
новокузнецку	новокузне́цку
новомосковск	новомоско́вск
новомосковска	новомоско́вска
новомосковске	новомоско́вске
новомосковском	новомоско́вском
новомосковску	новомоско́вску
новоросс	новоро́сс
новороссией	новоро́ссией
новороссиею	новоро́ссиею
новороссии	новоро́ссии
новороссий	новоро́ссий
новороссийск	новоросси́йск
новороссийска	новоросси́йска
новороссийске	новоросси́йске
новороссийском	новоросси́йском
новороссийску	новоросси́йску
новороссию	новоро́ссию
новороссия	новоро́ссия
новороссиям	новоро́ссиям
новороссиями	новоро́ссиями
новороссиях	новоро́ссиях
новосиб	новоси́б
новосибирск	новосиби́рск
новосибирска	новосиби́рска
новосибирске	новосиби́рске
новосибирском	новосиби́рском
новосибирску	новосиби́рску
новослободская	новослобо́дская
новослободской	новослобо́дской
новослободскою	новослобо́дскою
новослободскую	новослобо́дскую
новостав	новоста́в
новостава	новоста́ва
новоставе	новоста́ве
новоставом	новоста́вом
новоставу	новоста́ву
новоукраинка	новоукраи́нка
новоукраинке	новоукраи́нке
новоукраинки	новоукраи́нки
новоукраинкой	новоукраи́нкой
новоукраинкою	новоукраи́нкою
новоукраинку	новоукраи́нку
новочебоксарск	новочебокса́рск
новочебоксарска	новочебокса́рска
новочебоксарске	новочебокса́рске
новочебоксарском	новочебокса́рском
новочебоксарску	новочебокса́рску
новугороду	новуго́роду
новымгородом	новымго́родом
ное	но́е
ноев	но́ев
ноем	но́ем
ноемберян	ноемберя́н
ноемберяна	ноемберя́на
ноемберяне	ноемберя́не
ноемберяном	ноемберя́ном
ноемберяну	ноемберя́ну
ноемини	ноеми́ни
ноеминь	ноеми́нь
ноеминью	ноеми́нью
нои	но́и
нома	но́ма
номам	но́мам
номами	но́мами
номах	но́мах
номе	но́ме
номов	но́мов
номом	но́мом
ному	но́му
номы	но́мы
нор-ачин	нор-ачи́н
нор-ачина	нор-ачи́на
нор-ачине	нор-ачи́не
нор-ачином	нор-ачи́ном
нор-ачину	нор-ачи́ну
норвегией	норве́гией
норвегиею	норве́гиею
норвегии	норве́гии
норвегий	норве́гий
норвегию	норве́гию
норвегия	норве́гия
норвегиям	норве́гиям
норвегиями	норве́гиями
норвегиях	норве́гиях
нордман	но́рдман
нордмана	но́рдмана
нордманам	но́рдманам
нордманами	но́рдманами
нордманах	но́рдманах
нордмане	но́рдмане
нордманов	но́рдманов
нордманом	но́рдманом
нордману	но́рдману
нордманы	но́рдманы
норильск	нори́льск
норильска	нори́льска
норильске	нори́льске
норильском	нори́льском
норильску	нори́льску
нормандией	норма́ндией
нормандиею	норма́ндиею
нормандии	норма́ндии
нормандию	норма́ндию
нормандия	норма́ндия
нортумбрией	норту́мбрией
нортумбриею	норту́мбриею
нортумбрии	норту́мбрии
нортумбрию	норту́мбрию
нортумбрия	норту́мбрия
носов	но́сов
носова	но́сова
носове	но́сове
носовой	но́совой
носовою	но́совою
носову	но́сову
носовы	но́совы
носовым	но́совым
носовыми	но́совыми
носовых	но́совых
ною	но́ю
ноя	но́я
ноям	но́ям
ноями	но́ями
ноях	но́ях
нуакшот	нуакшо́т
нуакшота	нуакшо́та
нуакшоте	нуакшо́те
нуакшотом	нуакшо́том
нуакшоту	нуакшо́ту
нубией	ну́бией
нубиею	ну́биею
нубии	ну́бии
нубию	ну́бию
нубия	ну́бия
нужин	ну́жин
нужина	ну́жина
нужине	ну́жине
нужиной	ну́жиной
нужиною	ну́жиною
нужину	ну́жину
нужины	ну́жины
нужиным	ну́жиным
нужиными	ну́жиными
нужиных	ну́жиных
нукуалофа	нукуало́фа
нукуалофе	нукуало́фе
нукуалофой	нукуало́фой
нукуалофою	нукуало́фою
нукуалофу	нукуало́фу
нукуалофы	нукуало́фы
нунавут	ну́навут
нунавута	ну́навута
нунавуте	ну́навуте
нунавутом	ну́навутом
нунавуту	ну́навуту
нур-султан	нур-султа́н
нур-султана	нур-султа́на
нур-султане	нур-султа́не
нур-султаном	нур-султа́ном
нур-султану	нур-султа́ну
нуреев	нуре́ев
нуреева	нуре́ева
нурееве	нуре́еве
нуреевой	нуре́евой
нуреевою	нуре́евою
нурееву	нуре́еву
нуреевы	нуре́евы
нуреевым	нуре́евым
нуреевыми	нуре́евыми
нуреевых	нуре́евых
нуук	нуу́к
нуука	нуу́ка
нууке	нуу́ке
нууком	нуу́ком
нууку	нуу́ку
ньерд	ньёрд
ньерда	ньёрда
ньерде	ньёрде
ньердом	ньёрдом
ньерду	ньёрду
нью-гэмпшир	нью-гэ́мпшир
нью-гэмпшира	нью-гэ́мпшира
нью-гэмпшире	нью-гэ́мпшире
нью-гэмпширом	нью-гэ́мпширом
нью-гэмпширу	нью-гэ́мпширу
нью-дели	нью-де́ли
нью-джерси	нью-дже́рси
нью-йорк	нью-йо́рк
нью-йорка	нью-йо́рка
нью-йорке	нью-йо́рке
нью-йорком	нью-йо́рком
нью-йорку	нью-йо́рку
нью-мексико	нью-ме́ксико
нэрима	нэри́ма
нэриме	нэри́ме
нэримой	нэри́мой
нэримою	нэри́мою
нэриму	нэри́му
нэримы	нэри́мы
нэшвилл	нэ́швилл
нюкта	ню́кта
нюктам	ню́ктам
нюктами	ню́ктами
нюктах	ню́ктах
нюкте	ню́кте
нюктой	ню́ктой
нюктою	ню́ктою
нюкту	ню́кту
нюкты	ню́кты
нюрнберг	ню́рнберг
нюрнберга	ню́рнберга
нюрнберге	ню́рнберге
нюрнбергом	ню́рнбергом
нюрнбергу	ню́рнбергу
о-де-сен	о-де-се́н
оаэ	оаэ́
обама	оба́ма
обаме	оба́ме
обамой	оба́мой
обамою	оба́мою
обаму	оба́му
обамы	оба́мы
оби	оби́
обидченко	оби́дченко
обихиро	оби́хиро
облачнае	о́блачнае
облачнаей	о́блачнаей
облачнаею	о́блачнаею
облачнаи	о́блачнаи
облачнай	о́блачнай
облачнаю	о́блачнаю
облачная	о́блачная
облачнаям	о́блачнаям
облачнаями	о́блачнаями
облачнаях	о́блачнаях
оболенская	оболе́нская
оболенские	оболе́нские
оболенский	оболе́нский
оболенским	оболе́нским
оболенскими	оболе́нскими
оболенских	оболе́нских
оболенского	оболе́нского
оболенской	оболе́нской
оболенском	оболе́нском
оболенскому	оболе́нскому
оболенскою	оболе́нскою
оболенскую	оболе́нскую
обсе	обсе́
обухов	обу́хов
обухова	обу́хова
обухове	обу́хове
обуховом	обу́ховом
обухову	обу́хову
обью	о́бью
овдотья	овдо́тья
оверни	ове́рни
овернь	ове́рнь
овернью	ове́рнью
оверэйссел	оверэ́йссел
оверэйссела	оверэ́йссела
оверэйсселе	оверэ́йсселе
оверэйсселом	оверэ́йсселом
оверэйсселу	оверэ́йсселу
овсянников	овся́нников
овсянникова	овся́нникова
овсянникове	овся́нникове
овсянниковой	овся́нниковой
овсянниковою	овся́нниковою
овсянникову	овся́нникову
овсянниковы	овся́нниковы
овсянниковым	овся́нниковым
овсянниковыми	овся́нниковыми
овсянниковых	овся́нниковых
огайо	ога́йо
оганесян	оганеся́н
оганесяна	оганеся́на
оганесянам	оганеся́нам
оганесянами	оганеся́нами
оганесянах	оганеся́нах
оганесяне	оганеся́не
оганесянов	оганеся́нов
оганесяном	оганеся́ном
оганесяну	оганеся́ну
оганесяны	оганеся́ны
огарев	огарёв
огарева	огарёва
огареве	огарёве
огаревой	огарёвой
огаревою	огарёвою
огареву	огарёву
огаревы	огарёвы
огаревым	огарёвым
огаревыми	огарёвыми
огаревых	огарёвых
огасавара	огасава́ра
огасаваре	огасава́ре
огасаварой	огасава́рой
огасаварою	огасава́рою
огасавару	огасава́ру
огасавары	огасава́ры
огаста	ога́ста
огасте	ога́сте
огастой	ога́стой
огастою	ога́стою
огасту	ога́сту
огасты	ога́сты
огнелис	огнели́с
огнелиса	огнели́са
огнелисам	огнели́сам
огнелисами	огнели́сами
огнелисах	огнели́сах
огнелисе	огнели́се
огнелисов	огнели́сов
огнелисом	огнели́сом
огнелису	огнели́су
огнелисы	огнели́сы
одесса	оде́сса
одессе	оде́ссе
одессой	оде́ссой
одессою	оде́ссою
одессу	оде́ссу
одессы	оде́ссы
один	о́дин
одина	о́дина
одинам	о́динам
одинами	о́динами
одинах	о́динах
одине	о́дине
одинов	о́динов
одином	о́дином
одину	о́дину
одины	о́дины
одиссее	одиссе́е
одиссеев	одиссе́ев
одиссеем	одиссе́ем
одиссеи	одиссе́и
одиссей	одиссе́й
одиссею	одиссе́ю
одиссея	одиссе́я
одиссеям	одиссе́ям
одиссеями	одиссе́ями
одиссеях	одиссе́ях
ожегов	о́жегов
ожегова	о́жегова
ожегове	о́жегове
ожеговой	о́жеговой
ожеговою	о́жеговою
ожегову	о́жегову
ожеговы	о́жеговы
ожеговым	о́жеговым
ожеговыми	о́жеговыми
ожеговых	о́жеговых
озхо	озхо́
оита	о́ита
оите	о́ите
оитой	о́итой
оитою	о́итою
оиту	о́иту
оиты	о́иты
оймякон	оймяко́н
оймякона	оймяко́на
оймяконе	оймяко́не
оймяконом	оймяко́ном
оймякону	оймяко́ну
ока	ока́
окадзаки	окадза́ки
окаяма	окая́ма
окаяме	окая́ме
окаямой	окая́мой
окаямою	окая́мою
окаяму	окая́му
окаямы	окая́мы
оке	оке́
океанией	океа́нией
океаниею	океа́ниею
океании	океа́нии
океанию	океа́нию
океания	океа́ния
оки	оки́
окинава	окина́ва
окинаве	окина́ве
окинавой	окина́вой
окинавою	окина́вою
окинаву	окина́ву
окинавы	окина́вы
оклахома	оклахо́ма
оклахоме	оклахо́ме
оклахомой	оклахо́мой
оклахомою	оклахо́мою
оклахому	оклахо́му
оклахомы	оклахо́мы
окленд	о́кленд
окленда	о́кленда
окленде	о́кленде
оклендом	о́клендом
окленду	о́кленду
окой	око́й
окою	око́ю
оксан	окса́н
оксана	окса́на
оксанам	окса́нам
оксанами	окса́нами
оксанах	окса́нах
оксане	окса́не
оксанк	окса́нк
оксанка	окса́нка
оксанкам	окса́нкам
оксанками	окса́нками
оксанках	окса́нках
оксанке	окса́нке
оксанки	окса́нки
оксанкой	окса́нкой
оксанкою	окса́нкою
оксанку	окса́нку
оксаной	окса́ной
оксаною	окса́ною
оксану	окса́ну
оксаны	окса́ны
окситанией	оксита́нией
окситаниею	оксита́ниею
окситании	оксита́нии
окситанию	оксита́нию
окситания	оксита́ния
оксфорд	о́ксфорд
оксфорда	о́ксфорда
оксфорде	о́ксфорде
оксфордом	о́ксфордом
оксфорду	о́ксфорду
оку	оку́
окуджав	окуджа́в
окуджава	окуджа́ва
окуджавам	окуджа́вам
окуджавами	окуджа́вами
окуджавах	окуджа́вах
окуджаве	окуджа́ве
окуджавой	окуджа́вой
окуджавою	окуджа́вою
окуджаву	окуджа́ву
окуджавы	окуджа́вы
олбани	о́лбани
оле	о́ле
олег	оле́г
олега	оле́га
олегам	оле́гам
олегами	оле́гами
олегах	оле́гах
олеге	оле́ге
олеги	оле́ги
олегов	оле́гов
олегович	оле́гович
олеговича	оле́говича
олеговичам	оле́говичам
олеговичами	оле́говичами
олеговичах	оле́говичах
олеговиче	оле́говиче
олеговичей	оле́говичей
олеговичем	оле́говичем
олеговичи	оле́говичи
олеговичу	оле́говичу
олеговн	оле́говн
олеговна	оле́говна
олеговнам	оле́говнам
олеговнами	оле́говнами
олеговнах	оле́говнах
олеговне	оле́говне
олеговной	оле́говной
олеговною	оле́говною
олеговну	оле́говну
олеговны	оле́говны
олеговский	оле́говский
олегом	оле́гом
олегу	оле́гу
олежек	оле́жек
олежка	оле́жка
олей	о́лей
олейников	оле́йников
олейникова	оле́йникова
олейникове	оле́йникове
олейниковой	оле́йниковой
олейниковою	оле́йниковою
олейникову	оле́йникову
олейниковы	оле́йниковы
олейниковым	оле́йниковым
олейниковыми	оле́йниковыми
олейниковых	оле́йниковых
олесе	оле́се
олесей	оле́сей
олесею	оле́сею
олеси	оле́си
олесь	оле́сь
олесю	оле́сю
олеся	оле́ся
олесям	оле́сям
олесями	оле́сями
олесях	оле́сях
олею	о́лею
оли	о́ли
олимпией	оли́мпией
олимпиею	оли́мпиею
олимпии	оли́мпии
олимпий	оли́мпий
олимпию	оли́мпию
олимпия	оли́мпия
олимпиям	оли́мпиям
олимпиями	оли́мпиями
олимпиях	оли́мпиях
олланд	олла́нд
олланда	олла́нда
олландам	олла́ндам
олландами	олла́ндами
олландах	олла́ндах
олланде	олла́нде
олландов	олла́ндов
олландом	олла́ндом
олланду	олла́нду
олланды	олла́нды
олонец	оло́нец
олонца	оло́нца
олонце	оло́нце
олонцем	оло́нцем
олонцу	оло́нцу
олсен	о́лсен
олсена	о́лсена
олсенам	о́лсенам
олсенами	о́лсенами
олсенах	о́лсенах
олсене	о́лсене
олсенов	о́лсенов
олсеном	о́лсеном
олсену	о́лсену
олсены	о́лсены
ольборг	о́льборг
ольборга	о́льборга
ольборге	о́льборге
ольборгом	о́льборгом
ольборгу	о́льборгу
ольга	о́льга
ольгам	о́льгам
ольгами	о́льгами
ольгах	о́льгах
ольге	о́льге
ольги	о́льги
ольгой	о́льгой
ольгою	о́льгою
ольгу	о́льгу
ольстер	о́льстер
ольстера	о́льстера
ольстере	о́льстере
ольстером	о́льстером
ольстеру	о́льстеру
ольштын	о́льштын
ольштына	о́льштына
ольштыне	о́льштыне
ольштыном	о́льштыном
ольштыну	о́льштыну
олю	о́лю
оля	о́ля
олям	о́лям
олями	о́лями
олях	о́лях
оман	ома́н
омана	ома́на
омане	ома́не
оманом	ома́ном
оману	ома́ну
омерика	оме́рика
оми	оми́
омон	омо́н
омска	о́мска
омске	о́мске
омском	о́мском
омску	о́мску
омью	о́мью
омэрика	омэ́рика
онисим	они́сим
онтарио	онта́рио
оон	оо́н
ополе	опо́ле
опошне	опо́шне
опошней	опо́шней
опошнею	опо́шнею
опошни	опо́шни
опошню	опо́шню
опошня	опо́шня
опсков	опско́в
опскова	опско́ва
ордло	ордло́
орегон	орего́н
орегона	орего́на
орегоне	орего́не
орегоном	орего́ном
орегону	орего́ну
орел	орёл
оренбург	оренбу́рг
оренбурга	оренбу́рга
оренбурге	оренбу́рге
оренбургом	оренбу́ргом
оренбургу	оренбу́ргу
орест	оре́ст
ореста	оре́ста
орестам	оре́стам
орестами	оре́стами
орестах	оре́стах
оресте	оре́сте
орестов	оре́стов
орестом	оре́стом
оресту	оре́сту
оресты	оре́сты
орешкин	оре́шкин
орешкина	оре́шкина
орешкине	оре́шкине
орешкиной	оре́шкиной
орешкиною	оре́шкиною
орешкину	оре́шкину
орешкины	оре́шкины
орешкиным	оре́шкиным
орешкиными	оре́шкиными
орешкиных	оре́шкиных
орешник	оре́шник
орешника	оре́шника
орешникам	оре́шникам
орешниками	оре́шниками
орешниках	оре́шниках
орешнике	оре́шнике
орешники	оре́шники
орешников	оре́шников
орешником	оре́шником
орешнику	оре́шнику
орион	орио́н
ориона	орио́на
орионам	орио́нам
орионами	орио́нами
орионах	орио́нах
орионе	орио́не
орионов	орио́нов
орионом	орио́ном
ориону	орио́ну
орионы	орио́ны
орисса	ори́сса
ориссе	ори́ссе
ориссой	ори́ссой
ориссою	ори́ссою
ориссу	ори́ссу
ориссы	ори́ссы
орла	орла́
орле	орле́
орлеан	орлеа́н
орлеана	орлеа́на
орлеане	орлеа́не
орлеаном	орлеа́ном
орлеану	орлеа́ну
орлов	орло́в
орлова	орло́ва
орлове	орло́ве
орловой	орло́вой
орловою	орло́вою
орлову	орло́ву
орловы	орло́вы
орловым	орло́вым
орловыми	орло́выми
орловых	орло́вых
орлом	орло́м
орлу	орлу́
ормузд	орму́зд
ормузда	орму́зда
ормузде	орму́зде
ормуздом	орму́здом
ормузду	орму́зду
оронт	оро́нт
оронта	оро́нта
оронте	оро́нте
оронтом	оро́нтом
оронту	оро́нту
орфее	орфе́е
орфеев	орфе́ев
орфеем	орфе́ем
орфеи	орфе́и
орфей	орфе́й
орфею	орфе́ю
орфея	орфе́я
орфеям	орфе́ям
орфеями	орфе́ями
орфеях	орфе́ях
орхус	о́рхус
орхуса	о́рхуса
орхусе	о́рхусе
орхусом	о́рхусом
орхусу	о́рхусу
осака	о́сака
осаке	о́саке
осаки	о́саки
осакой	о́сакой
осакою	о́сакою
осаку	о́саку
освенцим	осве́нцим
освенцима	осве́нцима
освенциме	осве́нциме
освенцимом	осве́нцимом
освенциму	осве́нциму
осетией	осе́тией
осетиею	осе́тиею
осетии	осе́тии
осетий	осе́тий
осетию	осе́тию
осетия	осе́тия
осетиям	осе́тиям
осетиями	осе́тиями
осетиях	осе́тиях
осечкин	осе́чкин
осечкина	осе́чкина
осечкине	осе́чкине
осечкиной	осе́чкиной
осечкиною	осе́чкиною
осечкину	осе́чкину
осечкины	осе́чкины
осечкиным	осе́чкиным
осечкиными	осе́чкиными
осечкиных	осе́чкиных
оскол	оско́л
оскола	оско́ла
осколе	оско́ле
осколом	оско́лом
осколу	оско́лу
осло	о́сло
ост-индией	ост-и́ндией
ост-индиею	ост-и́ндиею
ост-индии	ост-и́ндии
ост-индий	ост-и́ндий
ост-индию	ост-и́ндию
ост-индия	ост-и́ндия
ост-индиям	ост-и́ндиям
ост-индиями	ост-и́ндиями
ост-индиях	ост-и́ндиях
останкина	оста́нкина
останкине	оста́нкине
останкино	оста́нкино
останкином	оста́нкином
останкину	оста́нкину
остией	о́стией
остиею	о́стиею
остии	о́стии
остин	о́стин
остина	о́стина
остинам	о́стинам
остинами	о́стинами
остинах	о́стинах
остине	о́стине
остинов	о́стинов
остином	о́стином
остину	о́стину
остины	о́стины
остию	о́стию
остия	о́стия
островская	остро́вская
островские	остро́вские
островский	остро́вский
островским	остро́вским
островскими	остро́вскими
островских	остро́вских
островского	остро́вского
островской	остро́вской
островском	остро́вском
островскому	остро́вскому
островскою	остро́вскою
островскую	остро́вскую
ота	о́та
отару	ота́ру
отей	отёй
оттава	отта́ва
оттаве	отта́ве
оттавой	отта́вой
оттавою	отта́вою
оттаву	отта́ву
оттавы	отта́вы
оттоман	оттома́н
оттомана	оттома́на
оттомане	оттома́не
оттоманом	оттома́ном
оттоману	оттома́ну
охотск	охо́тск
охотска	охо́тска
охотске	охо́тске
охотском	охо́тском
охотску	охо́тску
охоцуку	охо́цуку
ошем	о́шем
ошом	ошо́м
па-де-кале	па-де-кале́
павел	па́вел
павла	па́вла
павлам	па́влам
павлами	па́влами
павлах	па́влах
павле	па́вле
павленко	павле́нко
павлов	па́влов
павлова	па́влова
павлове	па́влове
павлович	па́влович
павловича	па́вловича
павловичам	па́вловичам
павловичами	па́вловичами
павловичах	па́вловичах
павловиче	па́вловиче
павловичей	па́вловичей
павловичем	па́вловичем
павловичи	па́вловичи
павловичу	па́вловичу
павловн	па́вловн
павловна	па́вловна
павловнам	па́вловнам
павловнами	па́вловнами
павловнах	па́вловнах
павловне	па́вловне
павловной	па́вловной
павловною	па́вловною
павловну	па́вловну
павловны	па́вловны
павловой	па́вловой
павловом	па́вловом
павловою	па́вловою
павловская	павло́вская
павловские	павло́вские
павловский	павло́вский
павловским	павло́вским
павловскими	павло́вскими
павловских	павло́вских
павловского	павло́вского
павловской	павло́вской
павловском	павло́вском
павловскому	павло́вскому
павловскою	павло́вскою
павловскую	павло́вскую
павлову	па́влову
павловы	па́вловы
павловым	па́вловым
павловыми	па́вловыми
павловых	па́вловых
павлоград	павлогра́д
павлограда	павлогра́да
павлограде	павлогра́де
павлоградом	павлогра́дом
павлограду	павлогра́ду
павлой	па́влой
павлом	па́влом
павлою	па́влою
павлу	па́влу
павлы	па́влы
павлыч	па́влыч
падуе	па́дуе
падуей	па́дуей
падуею	па́дуею
падуи	па́дуи
падую	па́дую
падуя	па́дуя
пакистан	пакиста́н
пакистана	пакиста́на
пакистане	пакиста́не
пакистаном	пакиста́ном
пакистану	пакиста́ну
палау	пала́у
палеарктика	палеа́рктика
палеарктике	палеа́рктике
палеарктики	палеа́рктики
палеарктикой	палеа́рктикой
палеарктикою	палеа́рктикою
палеарктику	палеа́рктику
палермо	пале́рмо
палестина	палести́на
палестине	палести́не
палестиной	палести́ной
палестиною	палести́ною
палестину	палести́ну
палестины	палести́ны
паликир	палики́р
паликира	палики́ра
паликире	палики́ре
паликиром	палики́ром
паликиру	палики́ру
палыч	па́лыч
пальмира	пальми́ра
пальмире	пальми́ре
пальмирена	пальмире́на
пальмирой	пальми́рой
пальмирою	пальми́рою
пальмиру	пальми́ру
пальмиры	пальми́ры
памир	пами́р
памира	пами́ра
памире	пами́ре
памиром	пами́ром
памиру	пами́ру
памфилов	памфи́лов
памфилова	памфи́лова
памфилове	памфи́лове
памфиловой	памфи́ловой
памфиловою	памфи́ловою
памфилову	памфи́лову
памфиловы	памфи́ловы
памфиловым	памфи́ловым
памфиловыми	памфи́ловыми
памфиловых	памфи́ловых
пана	па́на
панама	пана́ма
панаме	пана́ме
панамой	пана́мой
панамою	пана́мою
панаму	пана́му
панамы	пана́мы
пангее	панге́е
пангеей	панге́ей
пангеею	панге́ею
пангеи	панге́и
пангею	панге́ю
пангея	панге́я
пандор	пандо́р
пандора	пандо́ра
пандорам	пандо́рам
пандорами	пандо́рами
пандорах	пандо́рах
пандоре	пандо́ре
пандорой	пандо́рой
пандорою	пандо́рою
пандору	пандо́ру
пандоры	пандо́ры
пане	па́не
паном	па́ном
пантелеймон	пантелеймо́н
пантелеймона	пантелеймо́на
пантелеймонам	пантелеймо́нам
пантелеймонами	пантелеймо́нами
пантелеймонах	пантелеймо́нах
пантелеймоне	пантелеймо́не
пантелеймонов	пантелеймо́нов
пантелеймоновский	пантелеймо́новский
пантелеймоном	пантелеймо́ном
пантелеймону	пантелеймо́ну
пантелеймоны	пантелеймо́ны
пану	па́ну
панфилов	панфи́лов
панфилова	панфи́лова
панфилове	панфи́лове
панфиловой	панфи́ловой
панфиловою	панфи́ловою
панфилову	панфи́лову
панфиловы	панфи́ловы
панфиловым	панфи́ловым
панфиловыми	панфи́ловыми
панфиловых	панфи́ловых
папанов	папа́нов
папанова	папа́нова
папанове	папа́нове
папановой	папа́новой
папановою	папа́новою
папанову	папа́нову
папановы	папа́новы
папановым	папа́новым
папановыми	папа́новыми
папановых	папа́новых
папеэте	папеэ́те
парагвае	парагва́е
парагваем	парагва́ем
парагвай	парагва́й
парагваю	парагва́ю
парагвая	парагва́я
парамарибо	парамари́бо
параша	пара́ша
параше	пара́ше
парашей	пара́шей
парашею	пара́шею
параши	пара́ши
парашу	пара́шу
парени	паре́ни
парень	паре́нь
паренью	паре́нью
париж	пари́ж
парижа	пари́жа
париже	пари́же
парижем	пари́жем
парижу	пари́жу
паркер	па́ркер
паркера	па́ркера
паркерам	па́ркерам
паркерами	па́ркерами
паркерах	па́ркерах
паркере	па́ркере
паркеров	па́ркеров
паркером	па́ркером
паркеру	па́ркеру
паркеры	па́ркеры
парменид	пармени́д
парменида	пармени́да
пармениде	пармени́де
парменидом	пармени́дом
пармениду	пармени́ду
парса	па́рса
парфенов	парфёнов
парфенова	парфёнова
парфенове	парфёнове
парфеновой	парфёновой
парфеновою	парфёновою
парфенову	парфёнову
парфеновы	парфёновы
парфеновым	парфёновым
парфеновыми	парфёновыми
парфеновых	парфёновых
парфии	па́рфии
парфия	па́рфия
пархоменко	пархо́менко
пасаргад	пасарга́д
пасаргадам	пасарга́дам
пасаргадами	пасарга́дами
пасаргадах	пасарга́дах
пасаргады	пасарга́ды
пасир-рис	пасир-ри́с
пасир-риса	пасир-ри́са
пасир-рисе	пасир-ри́се
пасир-рисом	пасир-ри́сом
пасир-рису	пасир-ри́су
пасси	пасси́
пастернак	пастерна́к
пастернака	пастерна́ка
пастернакам	пастерна́кам
пастернаками	пастерна́ками
пастернаках	пастерна́ках
пастернаке	пастерна́ке
пастернаки	пастерна́ки
пастернаков	пастерна́ков
пастернаком	пастерна́ком
пастернаку	пастерна́ку
пастухов	пастухо́в
пастухова	пастухо́ва
пастухове	пастухо́ве
пастуховой	пастухо́вой
пастуховою	пастухо́вою
пастухову	пастухо́ву
пастуховы	пастухо́вы
пастуховым	пастухо́вым
пастуховыми	пастухо́выми
пастуховых	пастухо́вых
пасха	па́сха
пасхам	па́схам
пасхами	па́схами
пасхах	па́схах
пасхе	па́схе
пасхи	па́схи
пасхой	па́схой
пасхою	па́схою
пасху	па́сху
патнам	па́тнам
патнама	па́тнама
патнамам	па́тнамам
патнамами	па́тнамами
патнамах	па́тнамах
патнаме	па́тнаме
патнамов	па́тнамов
патнамом	па́тнамом
патнаму	па́тнаму
патнамы	па́тнамы
патрушев	па́трушев
патрушева	па́трушева
патрушеве	па́трушеве
патрушевой	па́трушевой
патрушевою	па́трушевою
патрушеву	па́трушеву
патрушевы	па́трушевы
патрушевым	па́трушевым
патрушевыми	па́трушевыми
патрушевых	па́трушевых
паустовская	паусто́вская
паустовские	паусто́вские
паустовский	паусто́вский
паустовским	паусто́вским
паустовскими	паусто́вскими
паустовских	паусто́вских
паустовского	паусто́вского
паустовской	паусто́вской
паустовском	паусто́вском
паустовскому	паусто́вскому
паустовскою	паусто́вскою
паустовскую	паусто́вскую
пауфошим	пауфоши́м
пауфошима	пауфоши́ма
пауфошимам	пауфоши́мам
пауфошимами	пауфоши́мами
пауфошимах	пауфоши́мах
пауфошиме	пауфоши́ме
пауфошимой	пауфоши́мой
пауфошимою	пауфоши́мою
пауфошиму	пауфоши́му
пауфошимы	пауфоши́мы
пауэлл	па́уэлл
пауэлла	па́уэлла
пауэллам	па́уэллам
пауэллами	па́уэллами
пауэллах	па́уэллах
пауэлле	па́уэлле
пауэллов	па́уэллов
пауэллом	па́уэллом
пауэллу	па́уэллу
пауэллы	па́уэллы
пауэрс	па́уэрс
пауэрса	па́уэрса
пауэрсам	па́уэрсам
пауэрсами	па́уэрсами
пауэрсах	па́уэрсах
пауэрсе	па́уэрсе
пауэрсов	па́уэрсов
пауэрсом	па́уэрсом
пауэрсу	па́уэрсу
пауэрсы	па́уэрсы
пахмутов	па́хмутов
пахмутова	па́хмутова
пахмутове	па́хмутове
пахмутовой	па́хмутовой
пахмутовою	па́хмутовою
пахмутову	па́хмутову
пахмутовы	па́хмутовы
пахмутовым	па́хмутовым
пахмутовыми	па́хмутовыми
пахмутовых	па́хмутовых
пачелма	па́челма
пачелме	па́челме
пачелмой	па́челмой
пачелмою	па́челмою
пачелму	па́челму
пачелмы	па́челмы
паша	па́ша
пашам	па́шам
пашами	па́шами
пашах	па́шах
паше	па́ше
пашей	па́шей
пашею	па́шею
паши	па́ши
пашу	па́шу
певек	певе́к
певека	певе́ка
певеке	певе́ке
певеком	певе́ком
певеку	певе́ку
певчих	пе́вчих
пекин	пеки́н
пекина	пеки́на
пекине	пеки́не
пекином	пеки́ном
пекину	пеки́ну
пелагее	пелаге́е
пелагеей	пелаге́ей
пелагеею	пелаге́ею
пелагеи	пелаге́и
пелагей	пелаге́й
пелагею	пелаге́ю
пелагея	пелаге́я
пелагеям	пелаге́ям
пелагеями	пелаге́ями
пелагеях	пелаге́ях
пелевин	пеле́вин
пелевина	пеле́вина
пелевине	пеле́вине
пелевиной	пеле́виной
пелевиною	пеле́виною
пелевину	пеле́вину
пелевины	пеле́вины
пелевиным	пеле́виным
пелевиными	пеле́виными
пелевиных	пеле́виных
пельменев	пельменёв
пельменева	пельменёва
пельменеве	пельменёве
пельменевой	пельменёвой
пельменевою	пельменёвою
пельменеву	пельменёву
пельменевы	пельменёвы
пельменевым	пельменёвым
пельменевыми	пельменёвыми
пельменевых	пельменёвых
пемзашен	пемзаше́н
пемзашена	пемзаше́на
пемзашене	пемзаше́не
пемзашеном	пемзаше́ном
пемзашену	пемзаше́ну
пендаровская	пенда́ровская
пендаровские	пенда́ровские
пендаровский	пенда́ровский
пендаровских	пенда́ровских
пендаровского	пенда́ровского
пендароская	пенда́роская
пендароские	пенда́роские
пендароский	пенда́роский
пендароских	пенда́роских
пендароского	пенда́роского
пенджаб	пенджа́б
пенджаба	пенджа́ба
пенджабам	пенджа́бам
пенджабами	пенджа́бами
пенджабах	пенджа́бах
пенджабе	пенджа́бе
пенджабов	пенджа́бов
пенджабом	пенджа́бом
пенджабу	пенджа́бу
пенджабы	пенджа́бы
пенза	пе́нза
пензе	пе́нзе
пензой	пе́нзой
пензою	пе́нзою
пензу	пе́нзу
пензы	пе́нзы
пенсильванией	пенсильва́нией
пенсильваниею	пенсильва́ниею
пенсильвании	пенсильва́нии
пенсильванию	пенсильва́нию
пенсильвания	пенсильва́ния
пентагон	пентаго́н
пентагона	пентаго́на
пентагоне	пентаго́не
пентагоном	пентаго́ном
пентагону	пентаго́ну
пентковский	пёнтко́вский
пер-ноэле	пер-ноэ́ле
пер-ноэлей	пер-ноэ́лей
пер-ноэлем	пер-ноэ́лем
пер-ноэли	пер-ноэ́ли
пер-ноэль	пер-ноэ́ль
пер-ноэлю	пер-ноэ́лю
пер-ноэля	пер-ноэ́ля
пер-ноэлям	пер-ноэ́лям
пер-ноэлями	пер-ноэ́лями
пер-ноэлях	пер-ноэ́лях
первоуральск	первоура́льск
первоуральска	первоура́льска
первоуральске	первоура́льске
первоуральском	первоура́льском
первоуральску	первоура́льску
переверзев	переве́рзев
переверзева	переве́рзева
переверзеве	переве́рзеве
переверзевой	переве́рзевой
переверзевою	переве́рзевою
переверзеву	переве́рзеву
переверзевы	переве́рзевы
переверзевым	переве́рзевым
переверзевыми	переве́рзевыми
переверзевых	переве́рзевых
перекоп	переко́п
перекопа	переко́па
перекопе	переко́пе
перекопом	переко́пом
перекопу	переко́пу
перикл	пери́кл
перикла	пери́кла
перикле	пери́кле
периклом	пери́клом
периклу	пери́клу
пермью	пе́рмью
персее	персе́е
персеев	персе́ев
персеем	персе́ем
персеи	персе́и
персей	персе́й
персефон	персефо́н
персефона	персефо́на
персефонам	персефо́нам
персефонами	персефо́нами
персефонах	персефо́нах
персефоне	персефо́не
персефоной	персефо́ной
персефоною	персефо́ною
персефону	персефо́ну
персефоны	персефо́ны
персею	персе́ю
персея	персе́я
персеям	персе́ям
персеями	персе́ями
персеях	персе́ях
персией	пе́рсией
персиею	пе́рсиею
персии	пе́рсии
персий	пе́рсий
персию	пе́рсию
персия	пе́рсия
персиям	пе́рсиям
персиями	пе́рсиями
персиях	пе́рсиях
перта	пе́рта
перте	пе́рте
пертом	пе́ртом
перту	пе́рту
перу	перу́
перун	перу́н
пете	пе́те
петей	пе́тей
петербург	петербу́рг
петербурга	петербу́рга
петербурге	петербу́рге
петербургом	петербу́ргом
петербургу	петербу́ргу
петершуле	петершу́ле
петею	пе́тею
пети	пе́ти
петр	пётр
петра	петра́
петрам	петра́м
петрами	петра́ми
петрарка	петра́рка
петрарке	петра́рке
петрарки	петра́рки
петраркой	петра́ркой
петраркою	петра́ркою
петрарку	петра́рку
петрах	петра́х
петре	петре́
петревская	пе́тревская
петревские	пе́тревские
петревский	пе́тревский
петревских	пе́тревских
петревского	пе́тревского
петреская	пе́треская
петреские	пе́треские
петреский	пе́треский
петреских	пе́треских
петреского	пе́треского
петришуле	петришу́ле
петров	петро́в
петрова	петро́ва
петрове	петро́ве
петрович	петро́вич
петровича	петро́вича
петровичам	петро́вичам
петровичами	петро́вичами
петровичах	петро́вичах
петровиче	петро́виче
петровичей	петро́вичей
петровичем	петро́вичем
петровичи	петро́вичи
петровичу	петро́вичу
петровна	петро́вна
петровой	петро́вой
петровою	петро́вою
петровским	петро́вским
петровскими	петро́вскими
петровской	петро́вской
петровском	петро́вском
петровскому	петро́вскому
петровскою	петро́вскою
петровскую	петро́вскую
петрову	петро́ву
петровы	петро́вы
петровым	петро́вым
петровыми	петро́выми
петровых	петро́вых
петроград	петрогра́д
петрограда	петрогра́да
петроградами	петрогра́дами
петрограде	петрогра́де
петроградом	петрогра́дом
петрограду	петрогра́ду
петрограды	петрогра́ды
петрозаводск	петрозаво́дск
петрозаводска	петрозаво́дска
петрозаводске	петрозаво́дске
петрозаводском	петрозаво́дском
петрозаводску	петрозаво́дску
петром	петро́м
петропавловка	петропа́вловка
петропавловке	петропа́вловке
петропавловки	петропа́вловки
петропавловкой	петропа́вловкой
петропавловкою	петропа́вловкою
петропавловку	петропа́вловку
петропавловск	петропа́вловск
петропавловска	петропа́вловска
петропавловске	петропа́вловске
петропавловском	петропа́вловском
петропавловску	петропа́вловску
петроская	пе́троская
петроские	пе́троские
петроский	пе́троский
петроских	пе́троских
петроского	пе́троского
петросян	петрося́н
петросяна	петрося́на
петросянам	петрося́нам
петросянами	петрося́нами
петросянах	петрося́нах
петросяне	петрося́не
петросянов	петрося́нов
петросяном	петрося́ном
петросяну	петрося́ну
петросяны	петрося́ны
петру	петру́
петрушевская	петруше́вская
петрушевские	петруше́вские
петрушевский	петруше́вский
петрушевским	петруше́вским
петрушевскими	петруше́вскими
петрушевских	петруше́вских
петрушевского	петруше́вского
петрушевской	петруше́вской
петрушевском	петруше́вском
петрушевскому	петруше́вскому
петрушевскою	петруше́вскою
петрушевскую	петруше́вскую
петрушек	петру́шек
петрушка	петру́шка
петрушкам	петру́шкам
петрушками	петру́шками
петрушках	петру́шках
петрушке	петру́шке
петрушки	петру́шки
петрушкой	петру́шкой
петрушкою	петру́шкою
петрушку	петру́шку
петры	петры́
петю	пе́тю
петя	пе́тя
петям	пе́тям
петями	пе́тями
петях	пе́тях
печора	печо́ра
печоре	печо́ре
печорой	печо́рой
печорою	печо́рою
печору	печо́ру
печоры	печо́ры
пешавар	пешава́р
пешавара	пешава́ра
пешаварам	пешава́рам
пешаварами	пешава́рами
пешаварах	пешава́рах
пешаваре	пешава́ре
пешаваров	пешава́ров
пешаваром	пешава́ром
пешавару	пешава́ру
пешавары	пешава́ры
пивоваров	пивова́ров
пивоварова	пивова́рова
пивоварове	пивова́рове
пивоваровой	пивова́ровой
пивоваровою	пивова́ровою
пивоварову	пивова́рову
пивоваровы	пивова́ровы
пивоваровым	пивова́ровым
пивоваровыми	пивова́ровыми
пивоваровых	пивова́ровых
пидорбург	пидорбу́рг
пидорбурга	пидорбу́рга
пидорбурге	пидорбу́рге
пидорбургом	пидорбу́ргом
пидорбургу	пидорбу́ргу
пиза	пи́за
пизе	пи́зе
пизой	пи́зой
пизою	пи́зою
пизу	пи́зу
пизы	пи́зы
пикардией	пикарди́ей
пикардиею	пикарди́ею
пикардии	пикарди́и
пикардию	пикарди́ю
пикардия	пикарди́я
пикуле	пи́куле
пикулей	пи́кулей
пикулем	пи́кулем
пикули	пи́кули
пикуль	пи́куль
пикулю	пи́кулю
пикуля	пи́куля
пикулям	пи́кулям
пикулями	пи́кулями
пикулях	пи́кулях
пилсудск	пилсу́дск
пилсудска	пилсу́дска
пилсудскам	пилсу́дскам
пилсудсками	пилсу́дсками
пилсудсках	пилсу́дсках
пилсудске	пилсу́дске
пилсудски	пилсу́дски
пилсудскиев	пилсу́дскиев
пилсудскием	пилсу́дскием
пилсудскии	пилсу́дскии
пилсудский	пилсу́дский
пилсудскию	пилсу́дскию
пилсудския	пилсу́дския
пилсудскиям	пилсу́дскиям
пилсудскиями	пилсу́дскиями
пилсудскиях	пилсу́дскиях
пилсудской	пилсу́дской
пилсудскою	пилсу́дскою
пилсудску	пилсу́дску
пиндосией	пиндо́сией
пиндосиею	пиндо́сиею
пиндосии	пиндо́сии
пиндосий	пиндо́сий
пиндосию	пиндо́сию
пиндосия	пиндо́сия
пиндосиям	пиндо́сиям
пиндосиями	пиндо́сиями
пиндосиях	пиндо́сиях
пиндостан	пиндоста́н
пиндостана	пиндоста́на
пиндостане	пиндоста́не
пиндостаном	пиндоста́ном
пиндостану	пиндоста́ну
пинкман	пи́нкман
пинкмана	пи́нкмана
пинкманам	пи́нкманам
пинкманами	пи́нкманами
пинкманах	пи́нкманах
пинкмане	пи́нкмане
пинкманов	пи́нкманов
пинкманом	пи́нкманом
пинкману	пи́нкману
пинкманы	пи́нкманы
пионтковская	пионтко́вская
пионтковские	пионтко́вские
пионтковский	пионтко́вский
пионтковским	пионтко́вским
пионтковскими	пионтко́вскими
пионтковских	пионтко́вских
пионтковского	пионтко́вского
пионтковской	пионтко́вской
пионтковском	пионтко́вском
пионтковскому	пионтко́вскому
пионтковскою	пионтко́вскою
пионтковскую	пионтко́вскую
пирее	пире́е
пиреем	пире́ем
пирей	пире́й
пиренеев	пирене́ев
пиренеи	пирене́и
пиренеям	пирене́ям
пиренеями	пирене́ями
пиренеях	пирене́ях
пирею	пире́ю
пирея	пире́я
пирка	пи́рка
пирке	пи́рке
пирки	пи́рки
пиркой	пи́ркой
пиркою	пи́ркою
пирку	пи́рку
пирогов	пирого́в
пирогова	пирого́ва
пирогове	пирого́ве
пироговой	пирого́вой
пироговою	пирого́вою
пирогову	пирого́ву
пироговы	пирого́вы
пироговым	пирого́вым
пироговыми	пирого́выми
пироговых	пирого́вых
пирожков	пирожко́в
пирожкова	пирожко́ва
пирожкове	пирожко́ве
пирожковой	пирожко́вой
пирожковою	пирожко́вою
пирожкову	пирожко́ву
пирожковы	пирожко́вы
пирожковым	пирожко́вым
пирожковыми	пирожко́выми
пирожковых	пирожко́вых
писание	писа́ние
писанием	писа́нием
писании	писа́нии
писаний	писа́ний
писанию	писа́нию
писания	писа́ния
писаниям	писа́ниям
писаниями	писа́ниями
писаниях	писа́ниях
питер	пи́тер
питера	пи́тера
питерам	пи́терам
питерами	пи́терами
питерах	пи́терах
питере	пи́тере
питеров	пи́теров
питером	пи́тером
питеру	пи́теру
питеры	пи́теры
питсбург	пи́тсбург
питсбурга	пи́тсбурга
питсбургам	пи́тсбургам
питсбургами	пи́тсбургами
питсбургах	пи́тсбургах
питсбурге	пи́тсбурге
питсбурги	пи́тсбурги
питсбургов	пи́тсбургов
питсбургом	пи́тсбургом
питсбургу	пи́тсбургу
пифагор	пифаго́р
пифагора	пифаго́ра
пифагорам	пифаго́рам
пифагорами	пифаго́рами
пифагорах	пифаго́рах
пифагоре	пифаго́ре
пифагоров	пифаго́ров
пифагором	пифаго́ром
пифагору	пифаго́ру
пифагоры	пифаго́ры
платон	плато́н
платона	плато́на
платоне	плато́не
платонов	плато́нов
платонова	плато́нова
платонове	плато́нове
платоновой	плато́новой
платоновою	плато́новою
платонову	плато́нову
платоновы	плато́новы
платоновым	плато́новым
платоновыми	плато́новыми
платоновых	плато́новых
платоном	плато́ном
платону	плато́ну
плевен	пле́вен
плевена	пле́вена
плевене	пле́вене
плевеном	пле́веном
плевену	пле́вену
плесецк	плесе́цк
плесецка	плесе́цка
плесецкая	плесе́цкая
плесецке	плесе́цке
плесецкие	плесе́цкие
плесецкий	плесе́цкий
плесецким	плесе́цким
плесецкими	плесе́цкими
плесецких	плесе́цких
плесецкого	плесе́цкого
плесецкой	плесе́цкой
плесецком	плесе́цком
плесецкому	плесе́цкому
плесецкою	плесе́цкою
плесецку	плесе́цку
плесецкую	плесе́цкую
плетнев	плетнёв
плетнева	плетнёва
плетневе	плетнёве
плетневой	плетнёвой
плетневою	плетнёвою
плетневу	плетнёву
плетневы	плетнёвы
плетневым	плетнёвым
плетневыми	плетнёвыми
плетневых	плетнёвых
плетон	плето́н
плеханов	плеха́нов
плеханова	плеха́нова
плеханове	плеха́нове
плехановой	плеха́новой
плехановою	плеха́новою
плеханову	плеха́нову
плехановы	плеха́новы
плехановым	плеха́новым
плехановыми	плеха́новыми
плехановых	плеха́новых
плимут	пли́мут
плимута	пли́мута
плимуте	пли́муте
плимутом	пли́мутом
плимуту	пли́муту
плисецкая	плисе́цкая
плисецкие	плисе́цкие
плисецкий	плисе́цкий
плисецким	плисе́цким
плисецкими	плисе́цкими
плисецких	плисе́цких
плисецкого	плисе́цкого
плисецкой	плисе́цкой
плисецком	плисе́цком
плисецкому	плисе́цкому
плисецкою	плисе́цкою
плисецкую	плисе́цкую
плифон	плифо́н
плифона	плифо́на
плифоне	плифо́не
плифоном	плифо́ном
плифону	плифо́ну
пловдив	пло́вдив
пловдива	пло́вдива
пловдиве	пло́вдиве
пловдивом	пло́вдивом
пловдиву	пло́вдиву
плоешти	плое́шти
плотин	плоти́н
плотина	плоти́на
плотине	плоти́не
плотином	плоти́ном
плотину	плоти́ну
плотников	пло́тников
плотникова	пло́тникова
плотникове	пло́тникове
плотниковой	пло́тниковой
плотниковою	пло́тниковою
плотникову	пло́тникову
плотниковы	пло́тниковы
плотниковым	пло́тниковым
плотниковыми	пло́тниковыми
плотниковых	пло́тниковых
плутарх	плута́рх
плутарха	плута́рха
плутархе	плута́рхе
плутархом	плута́рхом
плутарху	плута́рху
плутон	плуто́н
плутона	плуто́на
плутонам	плуто́нам
плутонами	плуто́нами
плутонах	плуто́нах
плутоне	плуто́не
плутонов	плуто́нов
плутоном	плуто́ном
плутону	плуто́ну
плутоны	плуто́ны
плющев	плю́щев
плющева	плю́щева
плющеве	плю́щеве
плющевка	плющёвка
плющевке	плюще́вке
плющевки	плюще́вки
плющевкой	плюще́вкой
плющевкою	плюще́вкою
плющевку	плюще́вку
плющевой	плю́щевой
плющевою	плю́щевою
плющеву	плю́щеву
плющевы	плю́щевы
плющевым	плю́щевым
плющевыми	плю́щевыми
плющевых	плю́щевых
плющовка	плющо́вка
пномпене	пномпе́не
пномпенем	пномпе́нем
пномпень	пномпе́нь
пномпеню	пномпе́ню
пномпеня	пномпе́ня
победоносцев	победоно́сцев
победоносцева	победоно́сцева
победоносцеве	победоно́сцеве
победоносцевой	победоно́сцевой
победоносцевою	победоно́сцевою
победоносцеву	победоно́сцеву
победоносцевы	победоно́сцевы
победоносцевым	победоно́сцевым
победоносцевыми	победоно́сцевыми
победоносцевых	победоно́сцевых
поволжье	пово́лжье
поволжьем	пово́лжьем
поволжью	пово́лжью
поволжья	пово́лжья
погребкам	погребка́м
погребками	погребка́ми
погребках	погребка́х
погребки	погребки́
погребков	погребко́в
подгорица	подго́рица
подгорице	подго́рице
подгорицей	подго́рицей
подгорицею	подго́рицею
подгорицу	подго́рицу
подгорицы	подго́рицы
подгорная	подго́рная
подгорного	подго́рного
подгорной	подго́рной
подгорном	подго́рном
подгорному	подго́рному
подгорною	подго́рною
подгорную	подго́рную
подгорные	подго́рные
подгорный	подго́рный
подгорным	подго́рным
подгорными	подго́рными
подгорных	подго́рных
подлужнаго	подлу́жнаго
подлужного	подлу́жного
подлужное	подлу́жное
подлужном	подлу́жном
подлужному	подлу́жному
подлужным	подлу́жным
подмосковье	подмоско́вье
подмосковьем	подмоско́вьем
подмосковью	подмоско́вью
подмосковья	подмоско́вья
поднебесная	поднебе́сная
поднебесной	поднебе́сной
поднебесною	поднебе́сною
поднебесную	поднебе́сную
подольск	подо́льск
подольска	подо́льска
подольске	подо́льске
подольском	подо́льском
подольску	подо́льску
подоляк	подоля́к
подоляка	подоляка́
подолякам	подоляка́м
подоляками	подоляка́ми
подоляках	подоляка́х
подоляке	подоляке́
подоляки	подоляки́
подоляков	подоляко́в
подоляком	подоляко́м
подоляку	подоляку́
пожарская	пожа́рская
пожарские	пожа́рские
пожарский	пожа́рский
пожарским	пожа́рским
пожарскими	пожа́рскими
пожарских	пожа́рских
пожарского	пожа́рского
пожарской	пожа́рской
пожарском	пожа́рском
пожарскому	пожа́рскому
пожарскою	пожа́рскою
пожарскую	пожа́рскую
позариха	позари́ха
позарихе	позари́хе
позарихи	позари́хи
позарихой	позари́хой
позарихою	позари́хою
позариху	позари́ху
познани	по́знани
познань	по́знань
познанью	по́знанью
поклонская	покло́нская
поклонские	покло́нские
поклонский	покло́нский
поклонским	покло́нским
поклонскими	покло́нскими
поклонских	покло́нских
поклонского	покло́нского
поклонской	покло́нской
поклонском	покло́нском
поклонскому	покло́нскому
поклонскою	покло́нскою
поклонскую	покло́нскую
покров	покро́в
покрова	покро́ва
покрове	покро́ве
покровом	покро́вом
покровск	покро́вск
покровска	покро́вска
покровске	покро́вске
покровском	покро́вском
покровску	покро́вску
покрову	покро́ву
покромкин	покро́мкин
покромкина	покро́мкина
покромкине	покро́мкине
покромкиной	покро́мкиной
покромкиною	покро́мкиною
покромкину	покро́мкину
покромкины	покро́мкины
покромкиным	покро́мкиным
покромкиными	покро́мкиными
покромкиных	покро́мкиных
пола	по́ла
полетт	поле́тт
полиид	полии́д
полиида	полии́да
полииде	полии́де
полиидом	полии́дом
полииду	полии́ду
полин	поли́н
полина	поли́на
полинам	поли́нам
полинами	поли́нами
полинах	поли́нах
полине	поли́не
полинезией	полине́зией
полинезиею	полине́зиею
полинезии	полине́зии
полинезию	полине́зию
полинезия	полине́зия
полиной	поли́ной
полиною	поли́ною
полину	поли́ну
полины	поли́ны
политбюро	политбюро́
политковская	политко́вская
политковские	политко́вские
политковский	политко́вский
политковским	политко́вским
политковскими	политко́вскими
политковских	политко́вских
политковского	политко́вского
политковской	политко́вской
политковском	политко́вском
политковскому	политко́вскому
политковскою	политко́вскою
политковскую	политко́вскую
полифем	полифе́м
полифема	полифе́ма
полифеме	полифе́ме
полифемом	полифе́мом
полифему	полифе́му
поло	по́ло
полов	по́лов
пологам	поло́гам
пологами	поло́гами
пологах	поло́гах
пологи	поло́ги
пологов	поло́гов
полозков	полозко́в
полозкова	полозко́ва
полозкове	полозко́ве
полозковой	полозко́вой
полозковою	полозко́вою
полозкову	полозко́ву
полозковы	полозко́вы
полозковым	полозко́вым
полозковыми	полозко́выми
полозковых	полозко́вых
полтава	полта́ва
полтаве	полта́ве
полтавой	полта́вой
полтавою	полта́вою
полтаву	полта́ву
полтавщина	полта́вщина
полтавщине	полта́вщине
полтавщиной	полта́вщиной
полтавщиною	полта́вщиною
полтавщину	полта́вщину
полтавщины	полта́вщины
полтавы	полта́вы
полы	по́лы
польша	по́льша
польше	по́льше
польшей	по́льшей
польшею	по́льшею
польши	по́льши
польшу	по́льшу
поляков	поляко́в
полякова	поляко́ва
полякове	поляко́ве
поляковой	поляко́вой
поляковою	поляко́вою
полякову	поляко́ву
поляковы	поляко́вы
поляковым	поляко́вым
поляковыми	поляко́выми
поляковых	поляко́вых
полянская	поля́нская
полянские	поля́нские
полянский	поля́нский
полянским	поля́нским
полянскими	поля́нскими
полянских	поля́нских
полянского	поля́нского
полянской	поля́нской
полянском	поля́нском
полянскому	поля́нскому
полянскою	поля́нскою
полянскую	поля́нскую
померанией	помера́нией
помераниею	помера́ниею
померании	помера́нии
померанию	помера́нию
померания	помера́ния
помпеев	помпе́ев
помпеи	помпе́и
помпеям	помпе́ям
помпеями	помпе́ями
помпеях	помпе́ях
пономарев	пономарёв
пономарева	пономарёва
пономареве	пономарёве
пономаревой	пономарёвой
пономаревою	пономарёвою
пономареву	пономарёву
пономаревы	пономарёвы
пономаревым	пономарёвым
пономаревыми	пономарёвыми
пономаревых	пономарёвых
пономаренко	пономаре́нко
поплавская	попла́вская
поплавские	попла́вские
поплавский	попла́вский
поплавским	попла́вским
поплавскими	попла́вскими
поплавских	попла́вских
поплавского	попла́вского
поплавской	попла́вской
поплавском	попла́вском
поплавскому	попла́вскому
поплавскою	попла́вскою
поплавскую	попла́вскую
попов	попо́в
попова	попо́ва
попове	попо́ве
поповой	попо́вой
поповою	попо́вою
попову	попо́ву
поповы	попо́вы
поповым	попо́вым
поповыми	попо́выми
поповых	попо́вых
порошенко	пороше́нко
порт-луи	порт-луи́
порт-морсби	порт-мо́рсби
порт-о-пренс	порт-о-пре́нс
порт-о-пренса	порт-о-пре́нса
порт-о-пренсе	порт-о-пре́нсе
порт-о-пренсом	порт-о-пре́нсом
порт-о-пренсу	порт-о-пре́нсу
порт-оф-спейн	порт-оф-спе́йн
порт-оф-спейна	порт-оф-спе́йна
порт-оф-спейне	порт-оф-спе́йне
порт-оф-спейном	порт-оф-спе́йном
порт-оф-спейну	порт-оф-спе́йну
портленд	по́ртленд
портленда	по́ртленда
портлендам	по́ртлендам
портлендами	по́ртлендами
портлендах	по́ртлендах
портленде	по́ртленде
портлендов	по́ртлендов
портлендом	по́ртлендом
портленду	по́ртленду
портленды	по́ртленды
портников	по́ртников
портникова	по́ртникова
портникове	по́ртникове
портниковой	по́ртниковой
портниковою	по́ртниковою
портникову	по́ртникову
портниковы	по́ртниковы
портниковым	по́ртниковым
портниковыми	по́ртниковыми
портниковых	по́ртниковых
португалией	португа́лией
португалиею	португа́лиею
португалии	португа́лии
португалию	португа́лию
португалия	португа́лия
порфириев	порфи́риев
порфирием	порфи́рием
порфирии	порфи́рии
порфирий	порфи́рий
порфирию	порфи́рию
порфирия	порфи́рия
порфириям	порфи́риям
порфириями	порфи́риями
порфириях	порфи́риях
посейдон	посейдо́н
посейдона	посейдо́на
посейдонам	посейдо́нам
посейдонами	посейдо́нами
посейдонах	посейдо́нах
посейдоне	посейдо́не
посейдонов	посейдо́нов
посейдоном	посейдо́ном
посейдону	посейдо́ну
посейдоны	посейдо́ны
потанин	пота́нин
потанина	пота́нина
потанине	пота́нине
потаниной	пота́ниной
потаниною	пота́ниною
потанину	пота́нину
потанины	пота́нины
потаниным	пота́ниным
потаниными	пота́ниными
потаниных	пота́ниных
потемкин	потёмкин
потемкина	потёмкина
потемкине	потёмкине
потемкиной	потёмкиной
потемкиною	потёмкиною
потемкину	потёмкину
потемкины	потёмкины
потемкиным	потёмкиным
потемкиными	потёмкиными
потемкиных	потёмкиных
правда	пра́вда
правде	пра́вде
правдой	пра́вдой
правдою	пра́вдою
правду	пра́вду
правды	пра́вды
прага	пра́га
праге	пра́ге
праги	пра́ги
прагой	пра́гой
прагою	пра́гою
прагу	пра́гу
прае	пра́е
праей	пра́ей
праею	пра́ею
праи	пра́и
прасковий	праско́вий
прасковье	праско́вье
прасковьей	праско́вьей
прасковьею	праско́вьею
прасковьи	праско́вьи
прасковью	праско́вью
прасковья	праско́вья
прасковьям	праско́вьям
прасковьями	праско́вьями
прасковьях	праско́вьях
праю	пра́ю
прая	пра́я
преображенская	преображе́нская
преображенские	преображе́нские
преображенский	преображе́нский
преображенским	преображе́нским
преображенскими	преображе́нскими
преображенских	преображе́нских
преображенского	преображе́нского
преображенской	преображе́нской
преображенском	преображе́нском
преображенскому	преображе́нскому
преображенскою	преображе́нскою
преображенскую	преображе́нскую
преполовение	преполове́ние
преполовением	преполове́нием
преполовении	преполове́нии
преполовению	преполове́нию
преполовения	преполове́ния
преторией	прето́рией
преториею	прето́риею
претории	прето́рии
преторию	прето́рию
претория	прето́рия
прибалтика	приба́лтика
прибалтике	приба́лтике
прибалтики	приба́лтики
прибалтикой	приба́лтикой
прибалтикою	приба́лтикою
прибалтику	приба́лтику
пригожин	приго́жин
пригожина	приго́жина
пригожине	приго́жине
пригожиной	приго́жиной
пригожиною	приго́жиною
пригожину	приго́жину
пригожины	приго́жины
пригожиным	приго́жиным
пригожиными	приго́жиными
пригожиных	приго́жиных
приднестровье	приднестро́вье
приднестровьем	приднестро́вьем
приднестровью	приднестро́вью
приднестровья	приднестро́вья
прилепин	приле́пин
прилепина	приле́пина
прилепине	приле́пине
прилепиной	приле́пиной
прилепиною	приле́пиною
прилепину	приле́пину
прилепины	приле́пины
прилепиным	приле́пиным
прилепиными	приле́пиными
прилепиных	приле́пиных
прилук	прилу́к
прилукам	прилу́кам
прилуками	прилу́ками
прилуках	прилу́ках
прилуки	прилу́ки
примаков	примако́в
примакова	примако́ва
примакове	примако́ве
примаковой	примако́вой
примаковою	примако́вою
примакову	примако́ву
примаковы	примако́вы
примаковым	примако́вым
примаковыми	примако́выми
примаковых	примако́вых
приморье	примо́рье
приморьем	примо́рьем
приморью	примо́рью
приморья	примо́рья
припяти	при́пяти
припять	при́пять
припятью	при́пятью
присивашье	присива́шье
присивашьем	присива́шьем
присивашью	присива́шью
присивашья	присива́шья
приходько	прихо́дько
причерноморье	причерномо́рье
причерноморьем	причерномо́рьем
причерноморью	причерномо́рью
причерноморья	причерномо́рья
пришвин	при́швин
пришвина	при́швина
пришвине	при́швине
пришвиной	при́швиной
пришвиною	при́швиною
пришвину	при́швину
пришвины	при́швины
пришвиным	при́швиным
пришвиными	при́швиными
пришвиных	при́швиных
приштина	при́штина
приштине	при́штине
приштиной	при́штиной
приштиною	при́штиною
приштину	при́штину
приштины	при́штины
проклов	про́клов
проклова	про́клова
проклове	про́клове
прокловой	про́кловой
прокловою	про́кловою
проклову	про́клову
прокловы	про́кловы
прокловым	про́кловым
прокловыми	про́кловыми
прокловых	про́кловых
прокопчук	прокопчу́к
прокопчука	прокопчука́
прокопчукам	прокопчука́м
прокопчуками	прокопчука́ми
прокопчуках	прокопчука́х
прокопчуке	прокопчуке́
прокопчуки	прокопчуки́
прокопчуков	прокопчуко́в
прокопчуком	прокопчуко́м
прокопчуку	прокопчуку́
прокофьев	проко́фьев
прокофьева	проко́фьева
прокофьеве	проко́фьеве
прокофьевой	проко́фьевой
прокофьевою	проко́фьевою
прокофьеву	проко́фьеву
прокофьевы	проко́фьевы
прокофьевым	проко́фьевым
прокофьевыми	проко́фьевыми
прокофьевых	проко́фьевых
прокруст	прокру́ст
прокруста	прокру́ста
прокрусте	прокру́сте
прокрустом	прокру́стом
прокрусту	прокру́сту
прометее	промете́е
прометеев	промете́ев
прометеем	промете́ем
прометеи	промете́и
прометей	промете́й
прометею	промете́ю
прометея	промете́я
прометеям	промете́ям
прометеями	промете́ями
прометеях	промете́ях
протагор	протаго́р
протагора	протаго́ра
протагоре	протаго́ре
протагором	протаго́ром
протагору	протаго́ру
протасевич	протасе́вич
протасевича	протасе́вича
протасевичам	протасе́вичам
протасевичами	протасе́вичами
протасевичах	протасе́вичах
протасевиче	протасе́виче
протасевичей	протасе́вичей
протасевичем	протасе́вичем
протасевичи	протасе́вичи
протасевичу	протасе́вичу
прохоров	про́хоров
прохорова	про́хорова
прохорове	про́хорове
прохоровой	про́хоровой
прохоровою	про́хоровою
прохорову	про́хорову
прохоровы	про́хоровы
прохоровым	про́хоровым
прохоровыми	про́хоровыми
прохоровых	про́хоровых
пруссией	пру́ссией
пруссиею	пру́ссиею
пруссии	пру́ссии
пруссию	пру́ссию
пруссия	пру́ссия
психее	психе́е
психеей	психе́ей
психеею	психе́ею
психеи	психе́и
психей	психе́й
психею	психе́ю
психея	психе́я
психеям	психе́ям
психеями	психе́ями
психеях	психе́ях
пскова	пско́ва
пскове	пско́ве
псковом	пско́вом
пскову	пско́ву
псоеди	псое́ди
псоедь	псое́дь
псоедью	псое́дью
пугачев	пугачёв
пугачева	пугачёва
пугачеве	пугачёве
пугачевой	пугачёвой
пугачевом	пугачёвом
пугачевою	пугачёвою
пугачеву	пугачёву
пугачевы	пугачёвы
пугачевым	пугачёвым
пугачевыми	пугачёвыми
пугачевых	пугачёвых
пудауэле	пудауэ́ле
пудауэлем	пудауэ́лем
пудауэль	пудауэ́ль
пудауэлю	пудауэ́лю
пудауэля	пудауэ́ля
пульхерией	пульхе́рией
пульхериею	пульхе́риею
пульхерии	пульхе́рии
пульхерий	пульхе́рий
пульхерию	пульхе́рию
пульхерия	пульхе́рия
пульхериям	пульхе́риям
пульхериями	пульхе́риями
пульхериях	пульхе́риях
пусан	пуса́н
пусана	пуса́на
пусане	пуса́не
пусаном	пуса́ном
пусану	пуса́ну
пустозерск	пустозёрск
пустозерска	пустозе́рска
пустозерске	пустозе́рске
пустозерском	пустозе́рском
пустозерску	пустозе́рску
путин	пу́тин
путина	пу́тина
путине	пу́тине
путиной	пу́тиной
путиною	пу́тиною
путину	пу́тину
путины	пу́тины
путиным	пу́тиным
путиными	пу́тиными
путиных	пу́тиных
путлер	пу́тлер
путлера	пу́тлера
путлере	пу́тлере
путлером	пу́тлером
путлеру	пу́тлеру
путорана	путора́на
путоране	путора́не
путораной	путора́ной
путораною	путора́ною
путорану	путора́ну
путораны	путора́ны
пушилин	пуши́лин
пушилина	пуши́лина
пушилине	пуши́лине
пушилиной	пуши́линой
пушилиною	пуши́линою
пушилину	пуши́лину
пушилины	пуши́лины
пушилиным	пуши́линым
пушилиными	пуши́лиными
пушилиных	пуши́линых
пушкин	пу́шкин
пушкина	пу́шкина
пушкине	пу́шкине
пушкиной	пу́шкиной
пушкином	пу́шкином
пушкиною	пу́шкиною
пушкину	пу́шкину
пушкины	пу́шкины
пушкиным	пу́шкиным
пушкиными	пу́шкиными
пушкиных	пу́шкиных
пуэбла	пуэ́бла
пуэбле	пуэ́бле
пуэблой	пуэ́блой
пуэблою	пуэ́блою
пуэблу	пуэ́блу
пуэблы	пуэ́блы
пхеньян	пхенья́н
пхеньяна	пхенья́на
пхеньяне	пхенья́не
пхеньяном	пхенья́ном
пхеньяну	пхенья́ну
пхукет	пхуке́т
пхукета	пхуке́та
пхукете	пхуке́те
пхукетом	пхуке́том
пхукету	пхуке́ту
пчелкин	пчёлкин
пчелкина	пчёлкина
пчелкине	пчёлкине
пчелкиной	пчёлкиной
пчелкиною	пчёлкиною
пчелкину	пчёлкину
пчелкины	пчёлкины
пчелкиным	пчёлкиным
пчелкиными	пчёлкиными
пчелкиных	пчёлкиных
пыне	пы́не
пыней	пы́ней
пынею	пы́нею
пыни	пы́ни
пыню	пы́ню
пыня	пы́ня
пыням	пы́ням
пынями	пы́нями
пынях	пы́нях
пьемонт	пьемо́нт
пьемонта	пьемо́нта
пьемонте	пьемо́нте
пьемонтом	пьемо́нтом
пьемонту	пьемо́нту
пьяных	пьяны́х
пэна	пэ́на
пэнам	пэ́нам
пэнами	пэ́нами
пэнах	пэ́нах
пэне	пэ́не
пэнов	пэ́нов
пэном	пэ́ном
пэну	пэ́ну
пэны	пэ́ны
пятачка	пятачка́
пятачке	пятачке́
пятачком	пятачко́м
пятачку	пятачку́
пятачок	пятачо́к
пятигорск	пятиго́рск
пятигорска	пятиго́рска
пятигорске	пятиго́рске
пятигорском	пятиго́рском
пятигорску	пятиго́рску
пятикнижие	пятикни́жие
пятикнижием	пятикни́жием
пятикнижии	пятикни́жии
пятикнижий	пятикни́жий
пятикнижию	пятикни́жию
пятикнижия	пятикни́жия
пятикнижиям	пятикни́жиям
пятикнижиями	пятикни́жиями
пятикнижиях	пятикни́жиях
рабат	раба́т
рабата	раба́та
рабате	раба́те
рабатом	раба́том
рабату	раба́ту
рабсией	рабси́ей
рабсиею	рабси́ею
рабсии	рабси́и
рабсию	рабси́ю
рабсия	рабси́я
рагуза	рагу́за
рагузе	рагу́зе
рагузой	рагу́зой
рагузою	рагу́зою
рагузу	рагу́зу
рагузы	рагу́зы
радищев	ради́щев
радищева	ради́щева
радищеве	ради́щеве
радищевой	ради́щевой
радищевою	ради́щевою
радищеву	ради́щеву
радищевы	ради́щевы
радищевым	ради́щевым
радищевыми	ради́щевыми
радищевых	ради́щевых
раднаин	раднаи́н
раднаина	раднаи́на
раднаинам	раднаи́нам
раднаинами	раднаи́нами
раднаинах	раднаи́нах
раднаине	раднаи́не
раднаинов	раднаи́нов
раднаином	раднаи́ном
раднаину	раднаи́ну
раднаины	раднаи́ны
радом	ра́дом
радома	ра́дома
радоме	ра́доме
радомом	ра́домом
радому	ра́дому
развозжаев	развозжа́ев
развозжаева	развозжа́ева
развозжаеве	развозжа́еве
развозжаевой	развозжа́евой
развозжаевою	развозжа́евою
развозжаеву	развозжа́еву
развозжаевы	развозжа́евы
развозжаевым	развозжа́евым
развозжаевыми	развозжа́евыми
развозжаевых	развозжа́евых
раздан	разда́н
раздана	разда́на
раздане	разда́не
разданом	разда́ном
раздану	разда́ну
раздельная	разде́льная
раздельной	разде́льной
раздельною	разде́льною
раздельную	разде́льную
разночиновка	разночи́новка
разночиновке	разночи́новке
разночиновки	разночи́новки
разночиновкой	разночи́новкой
разночиновкою	разночи́новкою
разночиновку	разночи́новку
разумихин	разуми́хин
разумихина	разуми́хина
разумихине	разуми́хине
разумихиной	разуми́хиной
разумихиною	разуми́хиною
разумихину	разуми́хину
разумихины	разуми́хины
разумихиным	разуми́хиным
разумихиными	разуми́хиными
разумихиных	разуми́хиных
раис	раи́с
раиса	раи́са
раисам	раи́сам
раисами	раи́сами
раисах	раи́сах
раисе	раи́се
раисой	раи́сой
раисою	раи́сою
раису	раи́су
раисы	раи́сы
райкин	ра́йкин
райкина	ра́йкина
райкине	ра́йкине
райкиной	ра́йкиной
райкиною	ра́йкиною
райкину	ра́йкину
райкины	ра́йкины
райкиным	ра́йкиным
райкиными	ра́йкиными
райкиных	ра́йкиных
райта	ра́йта
райтам	ра́йтам
райтами	ра́йтами
райтах	ра́йтах
райте	ра́йте
райтов	ра́йтов
райтом	ра́йтом
райту	ра́йту
райты	ра́йты
райхан	райха́н
рака	ра́ка
ракам	ра́кам
раками	ра́ками
раках	ра́ках
раке	ра́ке
раки	ра́ки
раков	ра́ков
раком	ра́ком
раку	ра́ку
ральфа	ра́льфа
ральфам	ра́льфам
ральфами	ра́льфами
ральфах	ра́льфах
ральфе	ра́льфе
ральфов	ра́льфов
ральфом	ра́льфом
ральфу	ра́льфу
ральфы	ра́льфы
рамадан	рамада́н
рамадана	рамада́на
рамадане	рамада́не
рамаданом	рамада́ном
рамадану	рамада́ну
рамазан	рамаза́н
рамазана	рамаза́на
рамазанам	рамаза́нам
рамазанами	рамаза́нами
рамазанах	рамаза́нах
рамазане	рамаза́не
рамазанов	рамаза́нов
рамазаном	рамаза́ном
рамазану	рамаза́ну
рамазаны	рамаза́ны
рамзан	рамза́н
рангун	рангу́н
рангуна	рангу́на
рангуне	рангу́не
рангуном	рангу́ном
рангуну	рангу́ну
расе	ра́се
расее	расе́е
расеей	расе́ей
расеею	расе́ею
расеи	расе́и
расей	ра́сей
расея	расе́я
раси	ра́си
раскольников	раско́льников
раскольникова	раско́льникова
раскольникове	раско́льникове
раскольниковой	раско́льниковой
раскольниковою	раско́льниковою
раскольникову	раско́льникову
раскольниковы	раско́льниковы
раскольниковым	раско́льниковым
раскольниковыми	раско́льниковыми
раскольниковых	раско́льниковых
распутин	распу́тин
распутина	распу́тина
распутине	распу́тине
распутиной	распу́тиной
распутиною	распу́тиною
распутину	распу́тину
распутины	распу́тины
распутиным	распу́тиным
распутиными	распу́тиными
распутиных	распу́тиных
расю	ра́сю
рася	ра́ся
расям	ра́сям
расями	ра́сями
расях	ра́сях
ратников	ра́тников
ратникова	ра́тникова
ратникове	ра́тникове
ратниковой	ра́тниковой
ратниковою	ра́тниковою
ратникову	ра́тникову
ратниковы	ра́тниковы
ратниковым	ра́тниковым
ратниковыми	ра́тниковыми
ратниковых	ра́тниковых
рафаэле	рафаэ́ле
рафаэлей	рафаэ́лей
рафаэлем	рафаэ́лем
рафаэли	рафаэ́ли
рафаэль	рафаэ́ль
рафаэльсон	рафаэ́льсон
рафаэльсона	рафаэ́льсона
рафаэльсонам	рафаэ́льсонам
рафаэльсонами	рафаэ́льсонами
рафаэльсонах	рафаэ́льсонах
рафаэльсоне	рафаэ́льсоне
рафаэльсонов	рафаэ́льсонов
рафаэльсоном	рафаэ́льсоном
рафаэльсону	рафаэ́льсону
рафаэльсоны	рафаэ́льсоны
рафаэлю	рафаэ́лю
рафаэля	рафаэ́ля
рафаэлям	рафаэ́лям
рафаэлями	рафаэ́лями
рафаэлях	рафаэ́лях
рахили	рахи́ли
рахиль	рахи́ль
рахилью	рахи́лью
рахманинов	рахма́нинов
рахманинова	рахма́нинова
рахманинове	рахма́нинове
рахманиновой	рахма́ниновой
рахманиновою	рахма́ниновою
рахманинову	рахма́нинову
рахманиновы	рахма́ниновы
рахманиновым	рахма́ниновым
рахманиновыми	рахма́ниновыми
рахманиновых	рахма́ниновых
рахов	ра́хов
рахова	ра́хова
рахове	ра́хове
раховом	ра́ховом
рахову	ра́хову
раша	ра́ша
раше	ра́ше
рашей	ра́шей
рашею	ра́шею
раши	ра́ши
рашка	ра́шка
рашке	ра́шке
рашки	ра́шки
рашкин	ра́шкин
рашкина	ра́шкина
рашкине	ра́шкине
рашкиной	ра́шкиной
рашкиною	ра́шкиною
рашкину	ра́шкину
рашкины	ра́шкины
рашкиным	ра́шкиным
рашкиными	ра́шкиными
рашкиных	ра́шкиных
рашкой	ра́шкой
рашкою	ра́шкою
рашку	ра́шку
рашу	ра́шу
регин	реги́н
регина	реги́на
регинам	реги́нам
регинами	реги́нами
регинах	реги́нах
регине	реги́не
региной	реги́ной
региною	реги́ною
регину	реги́ну
регины	реги́ны
редман	ре́дман
редмана	ре́дмана
редманам	ре́дманам
редманами	ре́дманами
редманах	ре́дманах
редмане	ре́дмане
редманов	ре́дманов
редманом	ре́дманом
редману	ре́дману
редманы	ре́дманы
рее	ре́е
реей	ре́ей
реею	ре́ею
режа	ре́жа
реже	ре́же
режем	ре́жем
режу	ре́жу
резец	резе́ц
резник	ре́зник
резника	ре́зника
резникам	ре́зникам
резниками	ре́зниками
резниках	ре́зниках
резнике	ре́знике
резники	ре́зники
резников	ре́зников
резникова	ре́зникова
резникове	ре́зникове
резниковой	ре́зниковой
резниковою	ре́зниковою
резникову	ре́зникову
резниковы	ре́зниковы
резниковым	ре́зниковым
резниковыми	ре́зниковыми
резниковых	ре́зниковых
резником	ре́зником
резнику	ре́знику
резца	резца́
резце	резце́
резцом	резцо́м
резцу	резцу́
реи	ре́и
рейкьявик	рейкья́вик
рейкьявика	рейкья́вика
рейкьявике	рейкья́вике
рейкьявиком	рейкья́виком
рейкьявику	рейкья́вику
рейна	ре́йна
рейне	ре́йне
рейном	ре́йном
рейну	ре́йну
репин	ре́пин
репина	ре́пина
репине	ре́пине
репиной	ре́пиной
репиною	ре́пиною
репину	ре́пину
репины	ре́пины
репиным	ре́пиным
репиными	ре́пиными
репиных	ре́пиных
рецу	рёцу
рею	ре́ю
рея	ре́я
рига	ри́га
риге	ри́ге
риги	ри́ги
ригой	ри́гой
ригою	ри́гою
ригу	ри́гу
рима	ри́ма
риме	ри́ме
римма	ри́мма
риммам	ри́ммам
риммами	ри́ммами
риммах	ри́ммах
римме	ри́мме
риммой	ри́ммой
риммою	ри́ммою
римму	ри́мму
риммы	ри́ммы
римом	ри́мом
риму	ри́му
ринчино	ринчино́
ринчинов	ринчи́нов
ринчинова	ринчи́нова
ринчинове	ринчи́нове
ринчиновой	ринчи́новой
ринчиновою	ринчи́новою
ринчинову	ринчи́нову
ринчиновы	ринчи́новы
ринчиновым	ринчи́новым
ринчиновыми	ринчи́новыми
ринчиновых	ринчи́новых
рисале	риса́ле
рисалей	риса́лей
рисалем	риса́лем
рисали	риса́ли
рисаль	риса́ль
рисалю	риса́лю
рисаля	риса́ля
рисалям	риса́лям
рисалями	риса́лями
рисалях	риса́лях
рита	ри́та
ритам	ри́там
ритами	ри́тами
ритах	ри́тах
рите	ри́те
ритой	ри́той
ритою	ри́тою
риту	ри́ту
риты	ри́ты
ричард	ри́чард
ричарда	ри́чарда
ричардам	ри́чардам
ричардами	ри́чардами
ричардах	ри́чардах
ричарде	ри́чарде
ричардов	ри́чардов
ричардом	ри́чардом
ричарду	ри́чарду
ричарды	ри́чарды
ричи	ри́чи
ричмонд	ри́чмонд
ричмонда	ри́чмонда
ричмонде	ри́чмонде
ричмондом	ри́чмондом
ричмонду	ри́чмонду
роббса	ро́ббса
роббсам	ро́ббсам
роббсами	ро́ббсами
роббсах	ро́ббсах
роббсе	ро́ббсе
роббсов	ро́ббсов
роббсом	ро́ббсом
роббсу	ро́ббсу
роббсы	ро́ббсы
роберт	ро́берт
роберта	ро́берта
робертам	ро́бертам
робертами	ро́бертами
робертах	ро́бертах
роберте	ро́берте
робертов	ро́бертов
робертом	ро́бертом
роберту	ро́берту
роберты	ро́берты
робин	ро́бин
робина	ро́бина
робинам	ро́бинам
робинами	ро́бинами
робинах	ро́бинах
робине	ро́бине
робинетт	робине́тт
робинетта	робине́тта
робинеттам	робине́ттам
робинеттами	робине́ттами
робинеттах	робине́ттах
робинетте	робине́тте
робинеттов	робине́ттов
робинеттом	робине́ттом
робинетту	робине́тту
робинетты	робине́тты
робинов	ро́бинов
робином	ро́бином
робину	ро́бину
робины	ро́бины
ровенек	ровенёк
ровенькам	ровенька́м
ровеньками	ровенька́ми
ровеньках	ровенька́х
ровеньки	ровеньки́
ровна	ро́вна
ровне	ро́вне
ровно	ро́вно
ровном	ро́вном
ровну	ро́вну
рогов	ро́гов
рогова	ро́гова
рогове	ро́гове
роговой	ро́говой
роговою	ро́говою
рогову	ро́гову
роговы	ро́говы
роговым	ро́говым
роговыми	ро́говыми
роговых	ро́говых
рогозин	рого́зин
рогозина	рого́зина
рогозине	рого́зине
рогозиной	рого́зиной
рогозиною	рого́зиною
рогозину	рого́зину
рогозины	рого́зины
рогозиным	рого́зиным
рогозиными	рого́зиными
рогозиных	рого́зиных
род-айленд	род-а́йленд
род-айленда	род-а́йленда
род-айленде	род-а́йленде
род-айлендом	род-а́йлендом
род-айленду	род-а́йленду
родезией	роде́зией
родезиею	роде́зиею
родезии	роде́зии
родезию	роде́зию
родезия	роде́зия
родинией	роди́нией
родиниею	роди́ниею
родинии	роди́нии
родинию	роди́нию
родиния	роди́ния
родион	родио́н
родиона	родио́на
родионам	родио́нам
родионами	родио́нами
родионах	родио́нах
родионе	родио́не
родионов	родио́нов
родионова	родио́нова
родионове	родио́нове
родионовой	родио́новой
родионовою	родио́новою
родионову	родио́нову
родионовы	родио́новы
родионовым	родио́новым
родионовыми	родио́новыми
родионовых	родио́новых
родионом	родио́ном
родиону	родио́ну
родионы	родио́ны
роднин	родни́н
роднина	роднина́
роднине	роднине́
родниной	роднино́й
родниною	роднино́ю
роднину	роднину́
роднины	роднины́
родниным	роднины́м
родниными	роднины́ми
родниных	роднины́х
родноверие	роднове́рие
родноверием	роднове́рием
родноверии	роднове́рии
родноверию	роднове́рию
родноверия	роднове́рия
рождества	рождества́
рождестве	рождестве́
рождественская	рожде́ственская
рождественские	рожде́ственские
рождественский	рожде́ственский
рождественским	рожде́ственским
рождественскими	рожде́ственскими
рождественских	рожде́ственских
рождественского	рожде́ственского
рождественской	рожде́ственской
рождественском	рожде́ственском
рождественскому	рожде́ственскому
рождественскою	рожде́ственскою
рождественскую	рожде́ственскую
рождество	рождество́
рождеством	рождество́м
рождеству	рождеству́
роза	ро́за
розам	ро́зам
розами	ро́зами
розах	ро́зах
розе	ро́зе
розо	розо́
розой	ро́зой
розою	ро́зою
розу	ро́зу
розы	ро́зы
роиссе	рои́ссе
роиссей	рои́ссей
роиссею	рои́ссею
роисси	рои́сси
роиссю	рои́ссю
роисся	рои́сся
ройзман	ро́йзман
ройзмана	ро́йзмана
ройзманам	ро́йзманам
ройзманами	ро́йзманами
ройзманах	ро́йзманах
ройзмане	ро́йзмане
ройзманов	ро́йзманов
ройзманом	ро́йзманом
ройзману	ро́йзману
ройзманы	ро́йзманы
роколл	ро́колл
роколла	ро́колла
роколле	ро́колле
роколлом	ро́коллом
роколлу	ро́коллу
рокоссовская	рокоссо́вская
рокоссовские	рокоссо́вские
рокоссовский	рокоссо́вский
рокоссовским	рокоссо́вским
рокоссовскими	рокоссо́вскими
рокоссовских	рокоссо́вских
рокоссовския	рокоссо́вския
рокоссовского	рокоссо́вского
рокоссовское	рокоссо́вское
рокоссовской	рокоссо́вской
рокоссовском	рокоссо́вском
рокоссовскому	рокоссо́вскому
рокоссовскою	рокоссо́вскою
рокоссовскую	рокоссо́вскую
рокпорт	ро́кпорт
рокпорта	ро́кпорта
рокпорте	ро́кпорте
рокпортом	ро́кпортом
рокпорту	ро́кпорту
роксан	рокса́н
роксана	рокса́на
роксанам	рокса́нам
роксанами	рокса́нами
роксанах	рокса́нах
роксане	рокса́не
роксаной	рокса́ной
роксаною	рокса́ною
роксану	рокса́ну
роксаны	рокса́ны
рокфеллер	рокфе́ллер
рокфеллера	рокфе́ллера
рокфеллерам	рокфе́ллерам
рокфеллерами	рокфе́ллерами
рокфеллерах	рокфе́ллерах
рокфеллере	рокфе́ллере
рокфеллеров	рокфе́ллеров
рокфеллером	рокфе́ллером
рокфеллеру	рокфе́ллеру
рокфеллеры	рокфе́ллеры
рокфорд	ро́кфорд
рокфорда	ро́кфорда
рокфорде	ро́кфорде
рокфордом	ро́кфордом
рокфорду	ро́кфорду
роман	рома́н
романа	рома́на
романам	рома́нам
романами	рома́нами
романах	рома́нах
романе	рома́не
романов	рома́нов
романова	рома́нова
романове	рома́нове
романовой	рома́новой
романовою	рома́новою
романову	рома́нову
романовы	рома́новы
романовым	рома́новым
романовыми	рома́новыми
романовых	рома́новых
романом	рома́ном
роману	рома́ну
романы	рома́ны
ромеа	роме́а
ромее	роме́е
ромен	ромён
ромео	роме́о
ромеом	роме́ом
ромеу	роме́у
ромнам	ромна́м
ромнами	ромна́ми
ромнах	ромна́х
ромны	ромны́
ромул	ро́мул
ромула	ро́мула
ромуле	ро́муле
ромулом	ро́мулом
ромулу	ро́мулу
рони	ро́ни
роня	ро́ня
росгвардией	росгва́рдией
росгвардиею	росгва́рдиею
росгвардии	росгва́рдии
росгвардию	росгва́рдию
росгвардия	росгва́рдия
роскомнадзор	роскомнадзо́р
роскомнадзора	роскомнадзо́ра
роскомнадзоре	роскомнадзо́ре
роскомнадзором	роскомнадзо́ром
роскомнадзору	роскомнадзо́ру
роскомпозор	роскомпозо́р
роскомпозора	роскомпозо́ра
роскомпозоре	роскомпозо́ре
роскомпозором	роскомпозо́ром
роскомпозору	роскомпозо́ру
росляков	росляко́в
рослякова	росляко́ва
рослякове	росляко́ве
росляковой	росляко́вой
росляковою	росляко́вою
рослякову	росляко́ву
росляковы	росляко́вы
росляковым	росляко́вым
росляковыми	росляко́выми
росляковых	росляко́вых
россией	росси́ей
россиею	росси́ею
россии	росси́и
россию	росси́ю
россиюшка	росси́юшка
россия	росси́я
ростехнадзор	ростехнадзо́р
ростехнадзора	ростехнадзо́ра
ростехнадзоре	ростехнадзо́ре
ростехнадзором	ростехнадзо́ром
ростехнадзору	ростехнадзо́ру
ростислав	ростисла́в
ростислава	ростисла́ва
ростиславам	ростисла́вам
ростиславами	ростисла́вами
ростиславах	ростисла́вах
ростиславе	ростисла́ве
ростиславов	ростисла́вов
ростиславой	ростисла́вой
ростиславом	ростисла́вом
ростиславою	ростисла́вою
ростиславу	ростисла́ву
ростиславы	ростисла́вы
росто	ро́сто
ростов	росто́в
ростова	росто́ва
ростове	росто́ве
ростовой	росто́вой
ростовом	росто́вом
ростовою	росто́вою
ростову	росто́ву
ростовы	росто́вы
ростовым	росто́вым
ростовыми	росто́выми
ростовых	росто́вых
ростропович	ростропо́вич
ростроповича	ростропо́вича
ростроповичам	ростропо́вичам
ростроповичами	ростропо́вичами
ростроповичах	ростропо́вичах
ростроповиче	ростропо́виче
ростроповичей	ростропо́вичей
ростроповичем	ростропо́вичем
ростроповичи	ростропо́вичи
ростроповичу	ростропо́вичу
ротштейн	ротште́йн
ротштейна	ротште́йна
ротштейнам	ротште́йнам
ротштейнами	ротште́йнами
ротштейнах	ротште́йнах
ротштейне	ротште́йне
ротштейнов	ротште́йнов
ротштейном	ротште́йном
ротштейну	ротште́йну
ротштейны	ротште́йны
роуч	ро́уч
роуча	ро́уча
роучам	ро́учам
роучами	ро́учами
роучах	ро́учах
роуче	ро́уче
роучей	ро́учей
роучем	ро́учем
роучи	ро́учи
роучу	ро́учу
рохлин	ро́хлин
рохлина	ро́хлина
рохлине	ро́хлине
рохлиной	ро́хлиной
рохлиною	ро́хлиною
рохлину	ро́хлину
рохлины	ро́хлины
рохлиным	ро́хлиным
рохлиными	ро́хлиными
рохлиных	ро́хлиных
рощин	ро́щин
рощина	ро́щина
рощине	ро́щине
рощиной	ро́щиной
рощиною	ро́щиною
рощину	ро́щину
рощины	ро́щины
рощиным	ро́щиным
рощиными	ро́щиными
рощиных	ро́щиных
руан	руа́н
руана	руа́на
руанда	руа́нда
руанде	руа́нде
руандой	руа́ндой
руандою	руа́ндою
руанду	руа́нду
руанды	руа́нды
руане	руа́не
руаном	руа́ном
руану	руа́ну
рубин	ру́бин
рубина	ру́бина
рубине	ру́бине
рубиной	ру́биной
рубиною	ру́биною
рубину	ру́бину
рубины	ру́бины
рубиным	ру́биным
рубиными	ру́биными
рубиных	ру́биных
рублев	рублёв
рублева	рублёва
рублеве	рублёве
рублевка	рублёвка
рублевке	рублёвке
рублевки	рублёвки
рублевкой	рублёвкой
рублевкою	рублёвкою
рублевку	рублёвку
рублевой	рублёвой
рублевою	рублёвою
рублеву	рублёву
рублевы	рублёвы
рублевым	рублёвым
рублевыми	рублёвыми
рублевых	рублёвых
рузвельт	ру́звельт
рузвельта	ру́звельта
рузвельтам	ру́звельтам
рузвельтами	ру́звельтами
рузвельтах	ру́звельтах
рузвельте	ру́звельте
рузвельтов	ру́звельтов
рузвельтом	ру́звельтом
рузвельту	ру́звельту
рузвельты	ру́звельты
румои	румо́и
румынией	румы́нией
румыниею	румы́ниею
румынии	румы́нии
румынию	румы́нию
румыния	румы́ния
румянцев	румя́нцев
румянцева	румя́нцева
румянцеве	румя́нцеве
румянцевой	румя́нцевой
румянцевою	румя́нцевою
румянцеву	румя́нцеву
румянцевы	румя́нцевы
румянцевым	румя́нцевым
румянцевыми	румя́нцевыми
румянцевых	румя́нцевых
русе	ру́се
русей	русе́й
руслан	русла́н
руслана	русла́на
русланам	русла́нам
русланами	русла́нами
русланах	русла́нах
руслане	русла́не
русланов	русла́нов
русланой	русла́ной
русланом	русла́ном
русланою	русла́ною
руслану	русла́ну
русланы	русла́ны
русью	ру́сью
русям	руся́м
русями	руся́ми
русях	руся́х
руфи	ру́фи
руфью	ру́фью
рыбам	ры́бам
рыбами	ры́бами
рыбах	ры́бах
рыбников	ры́бников
рыбникова	ры́бникова
рыбникове	ры́бникове
рыбниковой	ры́бниковой
рыбниковою	ры́бниковою
рыбникову	ры́бникову
рыбниковы	ры́бниковы
рыбниковым	ры́бниковым
рыбниковыми	ры́бниковыми
рыбниковых	ры́бниковых
рыбы	ры́бы
рыжков	рыжко́в
рыжкова	рыжко́ва
рыжкове	рыжко́ве
рыжковой	рыжко́вой
рыжковою	рыжко́вою
рыжкову	рыжко́ву
рыжковы	рыжко́вы
рыжковым	рыжко́вым
рыжковыми	рыжко́выми
рыжковых	рыжко́вых
рыков	ры́ков
рыкова	ры́кова
рыкове	ры́кове
рыковой	ры́ковой
рыковою	ры́ковою
рыкову	ры́кову
рыковцев	ры́ковцев
рыковцева	ры́ковцева
рыковцеве	ры́ковцеве
рыковцевой	ры́ковцевой
рыковцевою	ры́ковцевою
рыковцеву	ры́ковцеву
рыковцевы	ры́ковцевы
рыковцевым	ры́ковцевым
рыковцевыми	ры́ковцевыми
рыковцевых	ры́ковцевых
рыковы	ры́ковы
рыковым	ры́ковым
рыковыми	ры́ковыми
рыковых	ры́ковых
рэндольф	рэ́ндольф
рэндольфа	рэ́ндольфа
рэндольфам	рэ́ндольфам
рэндольфами	рэ́ндольфами
рэндольфах	рэ́ндольфах
рэндольфе	рэ́ндольфе
рэндольфов	рэ́ндольфов
рэндольфом	рэ́ндольфом
рэндольфу	рэ́ндольфу
рэндольфы	рэ́ндольфы
рюкю	рюкю́
рюрик	рю́рик
рюрика	рю́рика
рюрикам	рю́рикам
рюриками	рю́риками
рюриках	рю́риках
рюрике	рю́рике
рюрики	рю́рики
рюриков	рю́риков
рюрикович	рю́рикович
рюриковича	рю́риковича
рюриковичам	рю́риковичам
рюриковичами	рю́риковичами
рюриковичах	рю́риковичах
рюриковиче	рю́риковиче
рюриковичей	рю́риковичей
рюриковичем	рю́риковичем
рюриковичи	рю́риковичи
рюриковичу	рю́риковичу
рюриком	рю́риком
рюрику	рю́рику
рязани	ряза́ни
рязанов	ряза́нов
рязанова	ряза́нова
рязанове	ряза́нове
рязановой	ряза́новой
рязановою	ряза́новою
рязанову	ряза́нову
рязановы	ряза́новы
рязановым	ряза́новым
рязановыми	ряза́новыми
рязановых	ряза́новых
рязань	ряза́нь
рязанью	ряза́нью
саакашвили	саакашви́ли
саблин	са́блин
саблина	са́блина
саблине	са́блине
саблиной	са́блиной
саблиною	са́блиною
саблину	са́блину
саблины	са́блины
саблиным	са́блиным
саблиными	са́блиными
саблиных	са́блиных
сава	са́ва
саввин	са́ввин
саввина	са́ввина
саввине	са́ввине
саввиной	са́ввиной
саввиною	са́ввиною
саввину	са́ввину
саввины	са́ввины
саввиным	са́ввиным
саввиными	са́ввиными
саввиных	са́ввиных
саве	са́ве
савелиев	саве́лиев
савелием	саве́лием
савелии	саве́лии
савелий	саве́лий
савелию	саве́лию
савелия	саве́лия
савелиям	саве́лиям
савелиями	саве́лиями
савелиях	саве́лиях
савельев	саве́льев
савельева	саве́льева
савельеве	саве́льеве
савельевой	саве́льевой
савельевою	саве́льевою
савельеву	саве́льеву
савельевы	саве́льевы
савельевым	саве́льевым
савельевыми	саве́льевыми
савельевых	саве́льевых
савицкая	сави́цкая
савицкие	сави́цкие
савицкий	сави́цкий
савицким	сави́цким
савицкими	сави́цкими
савицких	сави́цких
савицкого	сави́цкого
савицкой	сави́цкой
савицком	сави́цком
савицкому	сави́цкому
савицкою	сави́цкою
савицкую	сави́цкую
савой	са́вой
савойе	саво́йе
савойей	саво́йей
савойею	саво́йею
савойи	саво́йи
савойю	саво́йю
савойя	саво́йя
савою	са́вою
саву	са́ву
савченко	са́вченко
савы	са́вы
сага	са́га
саге	са́ге
саги	са́ги
сагой	са́гой
сагою	са́гою
сагу	са́гу
сазонов	сазо́нов
сазонова	сазо́нова
сазонове	сазо́нове
сазоновой	сазо́новой
сазоновою	сазо́новою
сазонову	сазо́нову
сазоновы	сазо́новы
сазоновым	сазо́новым
сазоновыми	сазо́новыми
сазоновых	сазо́новых
сайтама	са́йтама
сайтаме	са́йтаме
сайтамой	са́йтамой
сайтамою	са́йтамою
сайтаму	са́йтаму
сайтамы	са́йтамы
сакартвело	сакартве́ло
сакатекас	сакате́кас
сакатекаса	сакате́каса
сакатекасе	сакате́касе
сакатекасом	сакате́касом
сакатекасу	сакате́касу
саксонией	саксо́нией
саксониею	саксо́ниею
саксонии	саксо́нии
саксонию	саксо́нию
саксония	саксо́ния
салехард	салеха́рд
салехарда	салеха́рда
салехарде	салеха́рде
салехардом	салеха́рдом
салехарду	салеха́рду
салорейх	салоре́йх
салорейха	салоре́йха
салорейхе	салоре́йхе
салорейхом	салоре́йхом
салорейху	салоре́йху
салтыков	салтыко́в
салтыкова	салтыко́ва
салтыкове	салтыко́ве
салтыковой	салтыко́вой
салтыковою	салтыко́вою
салтыкову	салтыко́ву
салтыковы	салтыко́вы
салтыковым	салтыко́вым
салтыковыми	салтыко́выми
салтыковых	салтыко́вых
сальвадор	сальвадо́р
сальвадора	сальвадо́ра
сальвадоре	сальвадо́ре
сальвадором	сальвадо́ром
сальвадору	сальвадо́ру
салье	салье́
самант	сама́нт
саманта	сама́нта
самантам	сама́нтам
самантами	сама́нтами
самантах	сама́нтах
саманте	сама́нте
самантой	сама́нтой
самантою	сама́нтою
саманту	сама́нту
саманты	сама́нты
самара	сама́ра
самаре	сама́ре
самарией	сама́рией
самариею	сама́риею
самарии	сама́рии
самарию	сама́рию
самария	сама́рия
самарканд	самарка́нд
самарканда	самарка́нда
самарканде	самарка́нде
самаркандом	самарка́ндом
самарканду	самарка́нду
самарой	сама́рой
самарою	сама́рою
самару	сама́ру
самары	сама́ры
самаэле	самаэ́ле
самаэлем	самаэ́лем
самаэль	самаэ́ль
самаэлю	самаэ́лю
самаэля	самаэ́ля
самбор	са́мбор
самбора	са́мбора
самборе	са́мборе
самбором	са́мбором
самбору	са́мбору
саммерсайд	са́ммерсайд
саммерсайда	са́ммерсайда
саммерсайде	са́ммерсайде
саммерсайдом	са́ммерсайдом
саммерсайду	са́ммерсайду
самоа	само́а
самойленко	само́йленко
самос	са́мос
самоса	са́моса
самосе	са́мосе
самосом	са́мосом
самосу	са́мосу
самуил	самуи́л
самуила	самуи́ла
самуиле	самуи́ле
самуилом	самуи́лом
самуилу	самуи́лу
самуцевич	самуце́вич
самуцевича	самуце́вича
самуцевичам	самуце́вичам
самуцевичами	самуце́вичами
самуцевичах	самуце́вичах
самуцевиче	самуце́виче
самуцевичей	самуце́вичей
самуцевичем	самуце́вичем
самуцевичи	самуце́вичи
самуцевичу	самуце́вичу
сан-диего	сан-дие́го
сан-марино	сан-мари́но
сан-паулу	сан-па́улу
сан-сальвадор	сан-сальвадо́р
сан-сальвадора	сан-сальвадо́ра
сан-сальвадорам	сан-сальвадо́рам
сан-сальвадорами	сан-сальвадо́рами
сан-сальвадорах	сан-сальвадо́рах
сан-сальвадоре	сан-сальвадо́ре
сан-сальвадоров	сан-сальвадо́ров
сан-сальвадором	сан-сальвадо́ром
сан-сальвадору	сан-сальвадо́ру
сан-сальвадоры	сан-сальвадо́ры
сан-томе	сан-томе́
сан-франциско	сан-франци́ско
сан-хосе	сан-хосе́
сана	са́на
сане	са́не
саней	са́ней
санек	санёк
санею	са́нею
сани	са́ни
санктъ-петербурга	санктъ-петербу́рга
санктъ-петербургу	санктъ-петербу́ргу
саной	са́ной
саною	са́ною
сантьяго	сантья́го
сану	са́ну
саны	са́ны
санье	санье́
саньей	саньёй
саньею	саньёю
саньи	саньи́
санька	са́нька
санью	санью́
санья	санья́
саню	са́ню
саня	са́ня
саням	са́ням
санями	са́нями
санях	са́нях
сапег	сапе́г
сапега	сапе́га
сапегам	сапе́гам
сапегами	сапе́гами
сапегах	сапе́гах
сапеге	сапе́ге
сапеги	сапе́ги
сапегой	сапе́гой
сапегою	сапе́гою
сапегу	сапе́гу
саппоро	са́ппоро
сараева	сара́ева
сараеве	сара́еве
сараево	сара́ево
сараевом	сара́евом
сараеву	сара́еву
саранск	сара́нск
саранска	сара́нска
саранске	сара́нске
саранском	сара́нском
саранску	сара́нску
саратов	сара́тов
саратова	сара́това
саратове	сара́тове
саратовом	сара́товом
саратову	сара́тову
сарданапал	сарданапа́л
сарданапала	сарданапа́ла
сардинией	сарди́нией
сардиниею	сарди́ниею
сардинии	сарди́нии
сардинию	сарди́нию
сардиния	сарди́ния
саркисян	саркися́н
саркисяна	саркися́на
саркисянам	саркися́нам
саркисянами	саркися́нами
саркисянах	саркися́нах
саркисяне	саркися́не
саркисянов	саркися́нов
саркисяном	саркися́ном
саркисяну	саркися́ну
саркисяны	саркися́ны
сарнам	са́рнам
сарнами	са́рнами
сарнах	са́рнах
сарны	са́рны
саров	саро́в
сарова	саро́ва
сарове	саро́ве
саровом	саро́вом
сарову	саро́ву
сарта	са́рта
сарте	са́рте
сартой	са́ртой
сартою	са́ртою
сарту	са́рту
сарты	са́рты
сасебо	сасе́бо
сатан	сата́н
сатана	сатана́
сатанам	сатана́м
сатанами	сатана́ми
сатанах	сатана́х
сатане	сатане́
сатаной	сатано́й
сатаною	сатано́ю
сатану	сатану́
сатаны	сатаны́
сатурн	сату́рн
сатурна	сату́рна
сатурнам	сату́рнам
сатурнами	сату́рнами
сатурнах	сату́рнах
сатурне	сату́рне
сатурнов	сату́рнов
сатурном	сату́рном
сатурну	сату́рну
сатурны	сату́рны
сафин	са́фин
сафина	са́фина
сафине	са́фине
сафиной	са́финой
сафиною	са́финою
сафину	са́фину
сафины	са́фины
сафиным	са́финым
сафиными	са́фиными
сафиных	са́финых
сафронов	сафро́нов
сафронова	сафро́нова
сафронове	сафро́нове
сафроновой	сафро́новой
сафроновою	сафро́новою
сафронову	сафро́нову
сафроновы	сафро́новы
сафроновым	сафро́новым
сафроновыми	сафро́новыми
сафроновых	сафро́новых
саха	саха́
сахалин	сахали́н
сахалина	сахали́на
сахалине	сахали́не
сахалином	сахали́ном
сахалину	сахали́ну
сахара	саха́ра
сахаре	саха́ре
сахаров	са́харов
сахарова	са́харова
сахарове	са́харове
сахаровой	са́харовой
сахаровою	са́харовою
сахарову	са́харову
сахаровы	са́харовы
сахаровым	са́харовым
сахаровыми	са́харовыми
сахаровых	са́харовых
сахарой	саха́рой
сахарою	саха́рою
сахару	саха́ру
сахары	саха́ры
саша	са́ша
сашам	са́шам
сашами	са́шами
сашах	са́шах
саше	са́ше
сашей	са́шей
сашенька	са́шенька
сашею	са́шею
саши	са́ши
сашка	са́шка
сашок	сашо́к
сашу	са́шу
свальбард	сва́льбард
свальбарда	сва́льбарда
свальбарде	сва́льбарде
свальбардом	сва́льбардом
свальбарду	сва́льбарду
сванидзе	свани́дзе
сварог	сваро́г
сварога	сваро́га
сварогам	сваро́гам
сварогами	сваро́гами
сварогах	сваро́гах
свароге	сваро́ге
свароги	сваро́ги
сварогов	сваро́гов
сварогом	сваро́гом
сварогу	сваро́гу
сварожиц	сваро́жиц
сварожич	сваро́жич
сварожича	сваро́жича
сварожичам	сваро́жичам
сварожичами	сваро́жичами
сварожичах	сваро́жичах
сварожиче	сваро́жиче
сварожичей	сваро́жичей
сварожичем	сваро́жичем
сварожичи	сваро́жичи
сварожичу	сваро́жичу
сватова	сва́това
сватове	сва́тове
сватово	сва́тово
сватовом	сва́товом
сватову	сва́тову
свердловск	свердло́вск
свердловска	свердло́вска
свердловске	свердло́вске
свердловском	свердло́вском
свердловску	свердло́вску
света	све́та
светам	све́там
светами	све́тами
светах	све́тах
свете	све́те
светлан	светла́н
светлана	светла́на
светланам	светла́нам
светланами	светла́нами
светланах	светла́нах
светлане	светла́не
светланой	светла́ной
светланою	светла́ною
светлану	светла́ну
светланы	светла́ны
светлов	светло́в
светлова	светло́ва
светлове	светло́ве
светловой	светло́вой
светловою	светло́вою
светлову	светло́ву
светловы	светло́вы
светловым	светло́вым
светловыми	светло́выми
светловых	светло́вых
светов	све́тов
светова	све́това
светове	све́тове
световит	све́товит
световита	све́товита
световитам	све́товитам
световитами	све́товитами
световитах	све́товитах
световите	све́товите
световитов	све́товитов
световитом	све́товитом
световиту	све́товиту
световиты	све́товиты
световой	све́товой
световою	све́товою
светову	све́тову
световы	све́товы
световым	све́товым
световыми	све́товыми
световых	све́товых
светогорск	светого́рск
светогорска	светого́рска
светогорске	светого́рске
светогорском	светого́рском
светогорску	светого́рску
светой	све́той
светою	све́тою
свету	све́ту
светы	све́ты
свинорейх	свиноре́йх
свинорейха	свиноре́йха
свинорейхе	свиноре́йхе
свинорейхом	свиноре́йхом
свинорейху	свиноре́йху
свиридов	свири́дов
свиридова	свири́дова
свиридове	свири́дове
свиридовой	свири́довой
свиридовою	свири́довою
свиридову	свири́дову
свиридовы	свири́довы
свиридовым	свири́довым
свиридовыми	свири́довыми
свиридовых	свири́довых
святослав	святосла́в
святослава	святосла́ва
святославам	святосла́вам
святославами	святосла́вами
святославах	святосла́вах
святославе	святосла́ве
святославов	святосла́вов
святославом	святосла́вом
святославу	святосла́ву
святославы	святосла́вы
сеара	сеара́
сеаре	сеаре́
сеарой	сеаро́й
сеарою	сеаро́ю
сеару	сеару́
сеары	сеары́
себу	себу́
сева	се́ва
севан	сева́н
севана	сева́на
севане	сева́не
севаном	сева́ном
севану	сева́ну
севас	сева́с
севастополе	севасто́поле
севастополем	севасто́полем
севастополь	севасто́поль
севастополю	севасто́полю
севастополя	севасто́поля
севастьянов	севастья́нов
севастьянова	севастья́нова
севастьянове	севастья́нове
севастьяновой	севастья́новой
севастьяновою	севастья́новою
севастьянову	севастья́нову
севастьяновы	севастья́новы
севастьяновым	севастья́новым
севастьяновыми	севастья́новыми
севастьяновых	севастья́новых
север	севе́р
севера	севе́ра
северам	севе́рам
северами	севе́рами
северах	севе́рах
севере	севе́ре
северов	севе́ров
северодонецк	северодоне́цк
северодонецка	северодоне́цка
северодонецке	северодоне́цке
северодонецком	северодоне́цком
северодонецку	северодоне́цку
севером	севе́ром
северу	севе́ру
северы	севе́ры
севы	се́вы
сегед	се́гед
сегеда	се́геда
сегеде	се́геде
сегедом	се́гедом
сегеду	се́геду
седан	седа́н
седана	седа́на
седане	седа́не
седаном	седа́ном
седану	седа́ну
сейфулл	сейфу́лл
сейфулла	сейфулла́
сейфуллам	сейфулла́м
сейфуллами	сейфулла́ми
сейфуллах	сейфулла́х
сейфулле	сейфулле́
сейфуллин	сейфу́ллин
сейфуллина	сейфу́ллина
сейфуллине	сейфу́ллине
сейфуллиной	сейфу́ллиной
сейфуллиною	сейфу́ллиною
сейфуллину	сейфу́ллину
сейфуллины	сейфу́ллины
сейфуллиным	сейфу́ллиным
сейфуллиными	сейфу́ллиными
сейфуллиных	сейфу́ллиных
сейфуллой	сейфулло́й
сейфуллою	сейфулло́ю
сейфуллу	сейфуллу́
сейфуллы	сейфуллы́
сейшел	сейше́л
сейшелам	сейше́лам
сейшелами	сейше́лами
сейшелах	сейше́лах
сейшелы	сейше́лы
секста	се́кста
сексте	се́ксте
секстом	се́кстом
сексту	се́ксту
селезнев	селезнёв
селезнева	селезнёва
селезневе	селезнёве
селезневой	селезнёвой
селезневою	селезнёвою
селезневу	селезнёву
селезневы	селезнёвы
селезневым	селезнёвым
селезневыми	селезнёвыми
селезневых	селезнёвых
селен	селе́н
селена	селе́на
селенам	селе́нам
селенами	селе́нами
селенах	селе́нах
селене	селе́не
селеной	селе́ной
селеною	селе́ною
селену	селе́ну
селены	селе́ны
селиван	селива́н
селивана	селива́на
селиванам	селива́нам
селиванами	селива́нами
селиванах	селива́нах
селиване	селива́не
селиванов	селива́нов
селиваном	селива́ном
селивану	селива́ну
селиваны	селива́ны
селивон	селиво́н
селифан	селифа́н
семен	семён
семена	семёна
семенам	семёнам
семенами	семёнами
семенах	семёнах
семене	семёне
семенов	семёнов
семенова	семёнова
семенове	семёнове
семеновой	семёновой
семеновою	семёновою
семенову	семёнову
семеновы	семёновы
семеновым	семёновым
семеновыми	семёновыми
семеновых	семёновых
семеном	семёном
семену	семёну
семенцов	семенцо́в
семенцова	семенцо́ва
семенцове	семенцо́ве
семенцовой	семенцо́вой
семенцовою	семенцо́вою
семенцову	семенцо́ву
семенцовы	семенцо́вы
семенцовым	семенцо́вым
семенцовыми	семенцо́выми
семенцовых	семенцо́вых
семены	семёны
семибоярщина	семибоя́рщина
семибоярщине	семибоя́рщине
семибоярщиной	семибоя́рщиной
семибоярщиною	семибоя́рщиною
семибоярщину	семибоя́рщину
семибоярщины	семибоя́рщины
семипалатинск	семипала́тинск
семипалатинска	семипала́тинска
семипалатинске	семипала́тинске
семипалатинском	семипала́тинском
семипалатинску	семипала́тинску
семирамида	семирами́да
семирамиде	семирами́де
семирамидой	семирами́дой
семирамидою	семирами́дою
семирамиду	семирами́ду
семирамиды	семирами́ды
сен-сен-дени	сен-сен-дени́
сена	се́на
сендае	сенда́е
сендаем	сенда́ем
сендай	сенда́й
сендаю	сенда́ю
сендая	сенда́я
сене	се́не
сенегал	сенега́л
сенегала	сенега́ла
сенегале	сенега́ле
сенегалом	сенега́лом
сенегалу	сенега́лу
сенкевич	сенке́вич
сенкевича	сенке́вича
сенкевичам	сенке́вичам
сенкевичами	сенке́вичами
сенкевичах	сенке́вичах
сенкевиче	сенке́виче
сенкевичей	сенке́вичей
сенкевичем	сенке́вичем
сенкевичи	сенке́вичи
сенкевичу	сенке́вичу
сеной	се́ной
сеною	се́ною
сент-джонс	сент-джо́нс
сент-джонса	сент-джо́нса
сент-джонсе	сент-джо́нсе
сент-джонсом	сент-джо́нсом
сент-джонсу	сент-джо́нсу
сент-джорджес	сент-джо́рджес
сент-джорджеса	сент-джо́рджеса
сент-джорджесе	сент-джо́рджесе
сент-джорджесом	сент-джо́рджесом
сент-джорджесу	сент-джо́рджесу
сент-луис	сент-лу́ис
сент-луиса	сент-лу́иса
сент-луисе	сент-лу́исе
сент-луисом	сент-лу́исом
сент-луису	сент-лу́ису
сент-люсией	сент-люси́ей
сент-люсиею	сент-люси́ею
сент-люсии	сент-люси́и
сент-люсию	сент-люси́ю
сент-люсия	сент-люси́я
сену	се́ну
сенцов	сенцо́в
сенцова	сенцо́ва
сенцове	сенцо́ве
сенцовой	сенцо́вой
сенцовою	сенцо́вою
сенцову	сенцо́ву
сенцовы	сенцо́вы
сенцовым	сенцо́вым
сенцовыми	сенцо́выми
сенцовых	сенцо́вых
сены	се́ны
серафим	серафи́м
серафима	серафи́ма
серафимам	серафи́мам
серафимами	серафи́мами
серафимах	серафи́мах
серафиме	серафи́ме
серафимов	серафи́мов
серафимова	серафи́мова
серафимове	серафи́мове
серафимовой	серафи́мовой
серафимовою	серафи́мовою
серафимову	серафи́мову
серафимовы	серафи́мовы
серафимовым	серафи́мовым
серафимовыми	серафи́мовыми
серафимовых	серафи́мовых
серафимом	серафи́мом
серафиму	серафи́му
серафимы	серафи́мы
сербией	се́рбией
сербиею	се́рбиею
сербии	се́рбии
сербий	се́рбий
сербию	се́рбию
сербия	се́рбия
сербиям	се́рбиям
сербиями	се́рбиями
сербиях	се́рбиях
сергее	серге́е
сергеев	серге́ев
сергеева	серге́ева
сергееве	серге́еве
сергеевой	серге́евой
сергеевою	серге́евою
сергееву	серге́еву
сергеевы	серге́евы
сергеевым	серге́евым
сергеевыми	серге́евыми
сергеевых	серге́евых
сергеем	серге́ем
сергеи	серге́и
сергей	серге́й
сергею	серге́ю
сергея	серге́я
сергеям	серге́ям
сергеями	серге́ями
сергеях	серге́ях
серебренников	сере́бренников
серебренникова	сере́бренникова
серебренникове	сере́бренникове
серебренниковой	сере́бренниковой
серебренниковою	сере́бренниковою
серебренникову	сере́бренникову
серебренниковы	сере́бренниковы
серебренниковым	сере́бренниковым
серебренниковыми	сере́бренниковыми
серебренниковых	сере́бренниковых
серебряков	серебряко́в
серебрякова	серебряко́ва
серебрякове	серебряко́ве
серебряковой	серебряко́вой
серебряковою	серебряко́вою
серебрякову	серебряко́ву
серебряковы	серебряко́вы
серебряковым	серебряко́вым
серебряковыми	серебряко́выми
серебряковых	серебряко́вых
сереж	серёж
сережа	серёжа
сережам	серёжам
сережами	серёжами
сережах	серёжах
сереже	серёже
сережей	серёжей
сережею	серёжею
сережи	серёжи
сережу	серёжу
сета	се́та
сете	се́те
сето	се́то
сетом	се́том
сету	се́ту
сеул	сеу́л
сеула	сеу́ла
сеуле	сеу́ле
сеулом	сеу́лом
сеулу	сеу́лу
сиам	сиа́м
сиама	сиа́ма
сиаме	сиа́ме
сиамом	сиа́мом
сиаму	сиа́му
сиане	сиа́не
сианем	сиа́нем
сиань	сиа́нь
сианю	сиа́ню
сианя	сиа́ня
сибирей	сиби́рей
сибири	сиби́ри
сибирь	сиби́рь
сибирью	сиби́рью
сибирям	сиби́рям
сибирями	сиби́рями
сибирях	сиби́рях
сибуя	сибу́я
сига	си́га
сиге	си́ге
сиги	си́ги
сигой	си́гой
сигою	си́гою
сигу	си́гу
сидзуока	сидзуо́ка
сидзуоке	сидзуо́ке
сидзуоки	сидзуо́ки
сидзуокой	сидзуо́кой
сидзуокою	сидзуо́кою
сидзуоку	сидзуо́ку
сидни	си́дни
сидон	сидо́н
сидона	сидо́на
сидоне	сидо́не
сидоном	сидо́ном
сидону	сидо́ну
сидор	си́дор
сидора	си́дора
сидорам	си́дорам
сидорами	си́дорами
сидорах	си́дорах
сидоре	си́доре
сидоров	си́доров
сидорова	си́дорова
сидорове	си́дорове
сидоровой	си́доровой
сидоровою	си́доровою
сидорову	си́дорову
сидоровы	си́доровы
сидоровым	си́доровым
сидоровыми	си́доровыми
сидоровых	си́доровых
сидором	си́дором
сидору	си́дору
сидоры	си́доры
сиена	сие́на
сиене	сие́не
сиеной	сие́ной
сиеною	сие́ною
сиену	сие́ну
сиены	сие́ны
сизиф	сизи́ф
сизифа	сизи́фа
сизифам	сизи́фам
сизифами	сизи́фами
сизифах	сизи́фах
сизифе	сизи́фе
сизифов	сизи́фов
сизифом	сизи́фом
сизифу	сизи́фу
сизифы	сизи́фы
сикоку	сико́ку
силвия	си́лвия
силезией	силе́зией
силезиею	силе́зиею
силезии	силе́зии
силезию	силе́зию
силезия	силе́зия
силенд	си́ленд
силенда	си́ленда
силенде	си́ленде
силендом	си́лендом
силенду	си́ленду
силиной	си́линой
силином	сили́ном
силиною	си́линою
силины	си́лины
силиным	си́линым
силиными	си́лиными
силиных	си́линых
сильвией	си́львией
сильвиею	си́львиею
сильвии	си́львии
сильвий	си́львий
сильвию	си́львию
сильвия	си́львия
сильвиям	си́львиям
сильвиями	си́львиями
сильвиях	си́львиях
симане	сима́не
симанэ	сима́нэ
симеонов	симео́нов
симеонова	симео́нова
симеонове	симео́нове
симеоновой	симео́новой
симеоновою	симео́новою
симеонову	симео́нову
симеоновы	симео́новы
симеоновым	симео́новым
симеоновыми	симео́новыми
симеоновых	симео́новых
симонид	симони́д
симонида	симони́да
симониде	симони́де
симонидом	симони́дом
симониду	симони́ду
симонов	си́монов
симонова	си́монова
симонове	си́монове
симоновой	си́моновой
симоновою	си́моновою
симонову	си́монову
симоновы	си́моновы
симоновым	си́моновым
симоновыми	си́моновыми
симоновых	си́моновых
симоньян	симонья́н
симоньяна	симонья́на
симоньянам	симонья́нам
симоньянами	симонья́нами
симоньянах	симонья́нах
симоньяне	симонья́не
симоньянов	симонья́нов
симоньяном	симонья́ном
симоньяну	симонья́ну
симоньяны	симонья́ны
симонян	симоня́н
симоняна	симоня́на
симонянам	симоня́нам
симонянами	симоня́нами
симонянах	симоня́нах
симоняне	симоня́не
симонянов	симоня́нов
симоняном	симоня́ном
симоняну	симоня́ну
симоняны	симоня́ны
симферополе	симферо́поле
симферополем	симферо́полем
симферополь	симферо́поль
симферополю	симферо́полю
симферополя	симферо́поля
синагава	синага́ва
синагаве	синага́ве
синагавой	синага́вой
синагавою	синага́вою
синагаву	синага́ву
синагавы	синага́вы
сингапур	сингапу́р
сингапура	сингапу́ра
сингапурам	сингапу́рам
сингапурами	сингапу́рами
сингапурах	сингапу́рах
сингапуре	сингапу́ре
сингапуров	сингапу́ров
сингапуром	сингапу́ром
сингапуру	сингапу́ру
сингапуры	сингапу́ры
сингер	си́нгер
сингера	си́нгера
сингерам	си́нгерам
сингерами	си́нгерами
сингерах	си́нгерах
сингере	си́нгере
сингеров	си́нгеров
сингером	си́нгером
сингеру	си́нгеру
сингеры	си́нгеры
синда	си́нда
синде	си́нде
синдеев	синде́ев
синдеева	синде́ева
синдееве	синде́еве
синдеевой	синде́евой
синдеевою	синде́евою
синдееву	синде́еву
синдеевы	синде́евы
синдеевым	синде́евым
синдеевыми	синде́евыми
синдеевых	синде́евых
синдзи	си́ндзи
синдзюку	синдзю́ку
синдом	си́ндом
синду	си́нду
сине	сине́
синельникова	сине́льникова
синельникове	сине́льникове
синельниково	сине́льниково
синельниковом	сине́льниковом
синельникову	сине́льникову
синтией	си́нтией
синтиею	си́нтиею
синтии	си́нтии
синтий	си́нтий
синтию	си́нтию
синтия	си́нтия
синтиям	си́нтиям
синтиями	си́нтиями
синтиях	си́нтиях
синьцзян	синьцзя́н
синьцзяна	синьцзя́на
синьцзяне	синьцзя́не
синьцзяном	синьцзя́ном
синьцзяну	синьцзя́ну
сион	сио́н
сиона	сио́на
сионе	сио́не
сионом	сио́ном
сиону	сио́ну
сирибеси	сирибе́си
сирией	си́рией
сириею	си́риею
сирии	си́рии
сирил	сири́л
сирила	сири́ла
сирилам	сири́лам
сирилами	сири́лами
сирилах	сири́лах
сириле	сири́ле
сирилов	сири́лов
сирилом	сири́лом
сирилу	сири́лу
сирилы	сири́лы
сириус	си́риус
сириуса	си́риуса
сириусе	си́риусе
сириусом	си́риусом
сириусу	си́риусу
сирию	си́рию
сирия	си́рия
сисиан	сисиа́н
сисиана	сисиа́на
сисиане	сисиа́не
сисианом	сисиа́ном
сисиану	сисиа́ну
ситка	си́тка
ситке	си́тке
ситки	си́тки
ситкой	си́ткой
ситкою	си́ткою
ситку	си́тку
сицзан	сицза́н
сицзана	сицза́на
сицзане	сицза́не
сицзаном	сицза́ном
сицзану	сицза́ну
сицилией	сици́лией
сицилиею	сици́лиею
сицилии	сици́лии
сицилию	сици́лию
сицилия	сици́лия
скадовск	скадо́вск
скадовска	скадо́вска
скадовске	скадо́вске
скадовском	скадо́вском
скадовску	скадо́вску
скандинавией	скандина́вией
скандинавиею	скандина́виею
скандинавии	скандина́вии
скандинавию	скандина́вию
скандинавия	скандина́вия
скарамуш	скараму́ш
скарамуша	скараму́ша
скарамушам	скараму́шам
скарамушами	скараму́шами
скарамушах	скараму́шах
скарамуше	скараму́ше
скарамушей	скараму́шей
скарамушем	скараму́шем
скарамуши	скараму́ши
скарамушу	скараму́шу
скобов	ско́бов
скобова	ско́бова
скобове	ско́бове
скобовой	ско́бовой
скобовою	ско́бовою
скобову	ско́бову
скобовы	ско́бовы
скобовым	ско́бовым
скобовыми	ско́бовыми
скобовых	ско́бовых
сколкова	ско́лкова
сколкове	ско́лкове
сколково	ско́лково
сколковом	ско́лковом
сколкову	ско́лкову
скопье	ско́пье
скорпион	скорпио́н
скорпиона	скорпио́на
скорпионам	скорпио́нам
скорпионами	скорпио́нами
скорпионах	скорпио́нах
скорпионе	скорпио́не
скорпионов	скорпио́нов
скорпионом	скорпио́ном
скорпиону	скорпио́ну
скорпионы	скорпио́ны
скочиленко	скочиле́нко
скрипаль	скрипа́ль
скрипаля	скрипа́ля
скрябин	скря́бин
скрябина	скря́бина
скрябине	скря́бине
скрябиной	скря́биной
скрябиною	скря́биною
скрябину	скря́бину
скрябины	скря́бины
скрябиным	скря́биным
скрябиными	скря́биными
скрябиных	скря́биных
слава	сла́ва
славам	сла́вам
славами	сла́вами
славах	сла́вах
славе	сла́ве
славин	сла́вин
славина	сла́вина
славине	сла́вине
славиной	сла́виной
славиною	сла́виною
славину	сла́вину
славины	сла́вины
славиным	сла́виным
славиными	сла́виными
славиных	сла́виных
славой	сла́вой
славонией	славо́нией
славониею	славо́ниею
славонии	славо́нии
славонию	славо́нию
славония	славо́ния
славою	сла́вою
славу	сла́ву
славы	сла́вы
славянск	славя́нск
славянска	славя́нска
славянске	славя́нске
славянском	славя́нском
славянску	славя́нску
сламжан	сламжа́н
сламжана	сламжа́на
сламжане	сламжа́не
сламжаном	сламжа́ном
сламжану	сламжа́ну
слепаков	слепако́в
слепакова	слепако́ва
слепакове	слепако́ве
слепаковой	слепако́вой
слепаковою	слепако́вою
слепакову	слепако́ву
слепаковы	слепако́вы
слепаковым	слепако́вым
слепаковыми	слепако́выми
слепаковых	слепако́вых
слободка	слобо́дка
слободкам	слобо́дкам
слободками	слобо́дками
слободках	слобо́дках
слободке	слобо́дке
слободки	слобо́дки
слободкой	слобо́дкой
слободкою	слобо́дкою
слободку	слобо́дку
слободок	слобо́док
слободским	слободски́м
слободского	слободско́го
слободской	слободско́й
слободском	слободско́м
слободскому	слободско́му
словакией	слова́кией
словакиею	слова́киею
словакии	слова́кии
словакию	слова́кию
словакия	слова́кия
словенией	слове́нией
словениею	слове́ниею
словении	слове́нии
словению	слове́нию
словения	слове́ния
слуцкая	слу́цкая
слуцкие	слу́цкие
слуцкий	слу́цкий
слуцким	слу́цким
слуцкими	слу́цкими
слуцких	слу́цких
слуцкого	слу́цкого
слуцкой	слу́цкой
слуцком	слу́цком
слуцкому	слу́цкому
слуцкою	слу́цкою
слуцкую	слу́цкую
смерша	сме́рша
смерше	сме́рше
смершем	сме́ршем
смершу	сме́ршу
смехов	сме́хов
смехова	сме́хова
смехове	сме́хове
смеховой	сме́ховой
смеховою	сме́ховою
смехову	сме́хову
смеховы	сме́ховы
смеховым	сме́ховым
смеховыми	сме́ховыми
смеховых	сме́ховых
смирнов	смирно́в
смирнова	смирно́ва
смирнове	смирно́ве
смирновой	смирно́вой
смирновою	смирно́вою
смирнову	смирно́ву
смирновы	смирно́вы
смирновым	смирно́вым
смирновыми	смирно́выми
смирновых	смирно́вых
смита	сми́та
смитам	сми́там
смитами	сми́тами
смитах	сми́тах
смите	сми́те
смитов	сми́тов
смитом	сми́том
смитсон	сми́тсон
смитсона	сми́тсона
смитсонам	сми́тсонам
смитсонами	сми́тсонами
смитсонах	сми́тсонах
смитсоне	сми́тсоне
смитсонов	сми́тсонов
смитсоном	сми́тсоном
смитсону	сми́тсону
смитсоны	сми́тсоны
смиту	сми́ту
смиты	сми́ты
смоктуновская	смоктуно́вская
смоктуновские	смоктуно́вские
смоктуновский	смоктуно́вский
смоктуновским	смоктуно́вским
смоктуновскими	смоктуно́вскими
смоктуновских	смоктуно́вских
смоктуновского	смоктуно́вского
смоктуновской	смоктуно́вской
смоктуновском	смоктуно́вском
смоктуновскому	смоктуно́вскому
смоктуновскою	смоктуно́вскою
смоктуновскую	смоктуно́вскую
смоленск	смоле́нск
смоленска	смоле́нска
смоленске	смоле́нске
смоленском	смоле́нском
смоленску	смоле́нску
смольянинов	смольяни́нов
смольянинова	смольяни́нова
смольянинове	смольяни́нове
смольяниновой	смольяни́новой
смольяниновою	смольяни́новою
смольянинову	смольяни́нову
смольяниновы	смольяни́новы
смольяниновым	смольяни́новым
смольяниновыми	смольяни́новыми
смольяниновых	смольяни́новых
смолян	смо́лян
смоляна	смо́ляна
смоляне	смо́ляне
смоляном	смо́ляном
смоляну	смо́ляну
смородина	сморо́дина
смородине	сморо́дине
смородиной	сморо́диной
смородиною	сморо́диною
смородину	сморо́дину
смородины	сморо́дины
снегурочек	снегу́рочек
снегурочка	снегу́рочка
снегурочкам	снегу́рочкам
снегурочками	снегу́рочками
снегурочках	снегу́рочках
снегурочке	снегу́рочке
снегурочки	снегу́рочки
снегурочкой	снегу́рочкой
снегурочкою	снегу́рочкою
снегурочку	снегу́рочку
снежан	снежа́н
снежана	снежа́на
снежанам	снежа́нам
снежанами	снежа́нами
снежанах	снежа́нах
снежане	снежа́не
снежаной	снежа́ной
снежаною	снежа́ною
снежану	снежа́ну
снежаны	снежа́ны
снежного	снежно́го
снежное	снежно́е
снежном	снежно́м
снежному	снежно́му
снежным	снежны́м
собакевич	собаке́вич
собакевича	собаке́вича
собакевичам	собаке́вичам
собакевичами	собаке́вичами
собакевичах	собаке́вичах
собакевиче	собаке́виче
собакевичей	собаке́вичей
собакевичем	собаке́вичем
собакевичи	собаке́вичи
собакевичу	собаке́вичу
соболе	со́боле
соболем	со́болем
соболи	со́боли
соболь	со́боль
соболю	со́болю
соболя	со́боля
собчак	собча́к
собчака	собчака́
собчакам	собчака́м
собчаками	собчака́ми
собчаках	собчака́х
собчаке	собчаке́
собчаки	собчаки́
собчаков	собчако́в
собчаком	собчако́м
собчаку	собчаку́
совбез	совбе́з
совбеза	совбе́за
совбезе	совбе́зе
совбезом	совбе́зом
совбезу	совбе́зу
советск	сове́тск
советска	сове́тска
советске	сове́тске
советском	сове́тском
советску	сове́тску
совинформбюро	совинформбюро́
совка	совка́
совке	совке́
совки	совки́
совкой	совко́й
совкою	совко́ю
совку	совку́
совмин	совми́н
совмина	совми́на
совминам	совми́нам
совминами	совми́нами
совминах	совми́нах
совмине	совми́не
совминов	совми́нов
совмином	совми́ном
совмину	совми́ну
совмины	совми́ны
совнарком	совнарко́м
совнаркома	совнарко́ма
совнаркоме	совнарко́ме
совнаркомом	совнарко́мом
совнаркому	совнарко́му
совфед	совфе́д
совфеда	совфе́да
совфеде	совфе́де
совфедом	совфе́дом
совфеду	совфе́ду
согвипхо	согвипхо́
содэмунгу	содэмунгу́
соколов	соколо́в
соколова	соколо́ва
соколове	соколо́ве
соколовой	соколо́вой
соколовою	соколо́вою
соколову	соколо́ву
соколовы	соколо́вы
соколовым	соколо́вым
соколовыми	соколо́выми
соколовых	соколо́вых
сократ	сокра́т
сократа	сокра́та
сократам	сокра́там
сократами	сокра́тами
сократах	сокра́тах
сократе	сокра́те
сократов	сокра́тов
сократом	сокра́том
сократу	сокра́ту
сократы	сокра́ты
сокуров	соку́ров
сокурова	соку́рова
сокурове	соку́рове
сокуровой	соку́ровой
сокуровою	соку́ровою
сокурову	соку́рову
сокуровы	соку́ровы
сокуровым	соку́ровым
сокуровыми	соку́ровыми
сокуровых	соку́ровых
соледар	соледа́р
соледара	соледа́ра
соледаре	соледа́ре
соледаром	соледа́ром
соледару	соледа́ру
солженицын	солжени́цын
солженицына	солжени́цына
солженицыне	солжени́цыне
солженицыной	солжени́цыной
солженицыною	солжени́цыною
солженицыну	солжени́цыну
солженицыны	солжени́цыны
солженицыным	солжени́цыным
солженицыными	солжени́цыными
солженицыных	солжени́цыных
солнца	со́лнца
солнцам	со́лнцам
солнцами	со́лнцами
солнцах	со́лнцах
солнце	со́лнце
солнцем	со́лнцем
солнцу	со́лнцу
соловей	солове́й
соловкам	соловка́м
соловками	соловка́ми
соловках	соловка́х
соловки	соловки́
соловков	соловко́в
соловье	соловье́
соловьев	соловьёв
соловьева	соловьёва
соловьеве	соловьёве
соловьевой	соловьёвой
соловьевою	соловьёвою
соловьеву	соловьёву
соловьевы	соловьёвы
соловьевым	соловьёвым
соловьевыми	соловьёвыми
соловьевых	соловьёвых
соловьем	соловьём
соловьи	соловьи́
соловью	соловью́
соловья	соловья́
соловьям	соловья́м
соловьями	соловья́ми
соловьях	соловья́х
солодов	со́лодов
солодова	со́лодова
солодове	со́лодове
солодовой	со́лодовой
солодовою	со́лодовою
солодову	со́лодову
солодовы	со́лодовы
солодовым	со́лодовым
солодовыми	со́лодовыми
солодовых	со́лодовых
соломин	соло́мин
соломина	соло́мина
соломине	соло́мине
соломиной	соло́миной
соломиною	соло́миною
соломину	соло́мину
соломины	соло́мины
соломиным	соло́миным
соломиными	соло́миными
соломиных	соло́миных
соломон	соломо́н
соломона	соломо́на
соломонам	соломо́нам
соломонами	соломо́нами
соломонах	соломо́нах
соломоне	соломо́не
соломонов	соломо́нов
соломоном	соломо́ном
соломону	соломо́ну
соломоны	соломо́ны
солон	соло́н
солона	соло́на
солоне	соло́не
солоном	соло́ном
солону	соло́ну
сольвычегодск	сольвычего́дск
сольвычегодска	сольвычего́дска
сольвычегодске	сольвычего́дске
сольвычегодском	сольвычего́дском
сольвычегодску	сольвычего́дску
сомали	сомали́
сомалиленд	сомалиле́нд
сомалиленда	сомалиле́нда
сомалиленде	сомалиле́нде
сомалилендом	сомалиле́ндом
сомалиленду	сомалиле́нду
соне	со́не
соней	со́ней
сонечка	со́нечка
сонею	со́нею
сони	со́ни
сонирил	сонири́л
сонирила	сонири́ла
сонирилам	сонири́лам
сонирилами	сонири́лами
сонирилах	сонири́лах
сонириле	сонири́ле
сонирилов	сонири́лов
сонирилом	сонири́лом
сонирилу	сонири́лу
сонирилы	сонири́лы
сонька	со́нька
соню	со́ню
соня	со́ня
соням	со́ням
сонями	со́нями
сонях	со́нях
сорати	со́рати
сорокин	соро́кин
сорокина	соро́кина
сорокине	соро́кине
сорокиной	соро́киной
сорокиною	соро́киною
сорокину	соро́кину
сорокины	соро́кины
сорокиным	соро́киным
сорокиными	соро́киными
сорокиных	соро́киных
сосновец	сосно́вец
сосновца	сосно́вца
сосновце	сосно́вце
сосновцем	сосно́вцем
сосновцу	сосно́вцу
сотников	со́тников
сотникова	со́тникова
сотникове	со́тникове
сотниковой	со́тниковой
сотниковою	со́тниковою
сотникову	со́тникову
сотниковы	со́тниковы
сотниковым	со́тниковым
сотниковыми	со́тниковыми
сотниковых	со́тниковых
софией	софи́ей
софиею	софи́ею
софии	софи́и
софий	со́фий
софию	софи́ю
софия	софи́я
софье	со́фье
софьей	со́фьей
софьею	со́фьею
софьи	со́фьи
софью	со́фью
софья	со́фья
софьям	со́фьям
софьями	со́фьями
софьях	со́фьях
сочам	соча́м
сочами	соча́ми
сочах	соча́х
сочей	соче́й
сочи	со́чи
союз	сою́з
союза	сою́за
союзе	сою́зе
союзом	сою́зом
союзу	сою́зу
соя	со́я
спального	спа́льного
спальное	спа́льное
спальном	спа́льном
спальному	спа́льному
спальным	спа́льным
спарта	спа́рта
спартак	спарта́к
спартака	спарта́ка
спартакам	спарта́кам
спартаками	спарта́ками
спартаках	спарта́ках
спартаке	спарта́ке
спартаки	спарта́ки
спартаков	спарта́ков
спартаком	спарта́ком
спартаку	спарта́ку
спарте	спа́рте
спартой	спа́ртой
спартою	спа́ртою
спарту	спа́рту
спарты	спа́рты
спаса	спа́са
спасам	спа́сам
спасами	спа́сами
спасах	спа́сах
спасе	спа́се
спасов	спа́сов
спасом	спа́сом
спасу	спа́су
спасы	спа́сы
сперанская	спера́нская
сперанские	спера́нские
сперанский	спера́нский
сперанским	спера́нским
сперанскими	спера́нскими
сперанских	спера́нских
сперанского	спера́нского
сперанской	спера́нской
сперанском	спера́нском
сперанскому	спера́нскому
сперанскою	спера́нскою
сперанскую	спера́нскую
сперцян	сперця́н
сперцяна	сперця́на
сперцянам	сперця́нам
сперцянами	сперця́нами
сперцянах	сперця́нах
сперцяне	сперця́не
сперцянов	сперця́нов
сперцяном	сперця́ном
сперцяну	сперця́ну
сперцяны	сперця́ны
спиридон	спиридо́н
спиридона	спиридо́на
спиридонам	спиридо́нам
спиридонами	спиридо́нами
спиридонах	спиридо́нах
спиридоне	спиридо́не
спиридонов	спиридо́нов
спиридоном	спиридо́ном
спиридону	спиридо́ну
спиридоны	спиридо́ны
спитак	спита́к
спитака	спита́ка
спитаке	спита́ке
спитаком	спита́ком
спитаку	спита́ку
сплита	спли́та
сплите	спли́те
сплитом	спли́том
сплиту	спли́ту
спруса	спру́са
спрусам	спру́сам
спрусами	спру́сами
спрусах	спру́сах
спрусе	спру́се
спрусов	спру́сов
спрусом	спру́сом
спрусу	спру́су
спрусы	спру́сы
сралин	сра́лин
сралина	сра́лина
сралине	сра́лине
сралиной	сра́линой
сралиною	сра́линою
сралину	сра́лину
сралины	сра́лины
сралиным	сра́линым
сралиными	сра́лиными
сралиных	сра́линых
средиземноморье	средиземномо́рье
средиземноморьем	средиземномо́рьем
средиземноморью	средиземномо́рью
средиземноморья	средиземномо́рья
средиземье	средизе́мье
средиземьем	средизе́мьем
средиземью	средизе́мью
средиземья	средизе́мья
средневековье	средневеко́вье
средневековьем	средневеко́вьем
средневековью	средневеко́вью
средневековья	средневеко́вья
стабии	ста́бии
стабий	ста́бий
стабиям	ста́биям
стабиями	ста́биями
стабиях	ста́биях
ставрополе	ста́врополе
ставрополем	ста́врополем
ставрополь	ста́врополь
ставрополю	ста́врополю
ставрополя	ста́врополя
сталин	ста́лин
сталина	ста́лина
сталинабад	сталинаба́д
сталинабада	сталинаба́да
сталинград	сталингра́д
сталинграда	сталингра́да
сталинграде	сталингра́де
сталинградом	сталингра́дом
сталинграду	сталингра́ду
сталине	ста́лине
сталиной	ста́линой
сталиною	ста́линою
сталину	ста́лину
сталины	ста́лины
сталиным	ста́линым
сталиными	ста́лиными
сталиных	ста́линых
стамбул	стамбу́л
стамбула	стамбу́ла
стамбуле	стамбу́ле
стамбулом	стамбу́лом
стамбулу	стамбу́лу
станислав	станисла́в
станислава	станисла́ва
станиславам	станисла́вам
станиславами	станисла́вами
станиславах	станисла́вах
станиславе	станисла́ве
станиславов	станисла́вов
станиславой	станисла́вой
станиславом	станисла́вом
станиславою	станисла́вою
станиславская	станисла́вская
станиславские	станисла́вские
станиславский	станисла́вский
станиславским	станисла́вским
станиславскими	станисла́вскими
станиславских	станисла́вских
станиславского	станисла́вского
станиславской	станисла́вской
станиславском	станисла́вском
станиславскому	станисла́вскому
станиславскою	станисла́вскою
станиславскую	станисла́вскую
станиславу	станисла́ву
станиславы	станисла́вы
старобельск	старобе́льск
старобельска	старобе́льска
старобельске	старобе́льске
старобельском	старобе́льском
старобельску	старобе́льску
старовойтов	старово́йтов
старовойтова	старово́йтова
старовойтове	старово́йтове
старовойтовой	старово́йтовой
старовойтовою	старово́йтовою
старовойтову	старово́йтову
старовойтовы	старово́йтовы
старовойтовым	старово́йтовым
старовойтовыми	старово́йтовыми
старовойтовых	старово́йтовых
старого	ста́рого
старое	ста́рое
старокостянтинов	старокостянти́нов
старокостянтинова	старокостянти́нова
старокостянтинове	старокостянти́нове
старокостянтиновом	старокостянти́новом
старокостянтиновский	старокостянти́новский
старокостянтинову	старокостянти́нову
старом	ста́ром
старому	ста́рому
старым	ста́рым
стаса	ста́са
стасам	ста́сам
стасами	ста́сами
стасах	ста́сах
стасе	ста́се
стасей	ста́сей
стасею	ста́сею
стаси	ста́си
стасов	ста́сов
стасом	ста́сом
стасу	ста́су
стасы	ста́сы
стасю	ста́сю
стася	ста́ся
стасям	ста́сям
стасями	ста́сями
стасях	ста́сях
статкевич	статке́вич
статкевича	статке́вича
статкевичам	статке́вичам
статкевичами	статке́вичами
статкевичах	статке́вичах
статкевиче	статке́виче
статкевичей	статке́вичей
статкевичем	статке́вичем
статкевичи	статке́вичи
статкевичу	статке́вичу
стаханов	стаха́нов
стаханова	стаха́нова
стаханове	стаха́нове
стахановой	стаха́новой
стахановою	стаха́новою
стаханову	стаха́нову
стахановы	стаха́новы
стахановым	стаха́новым
стахановыми	стаха́новыми
стахановых	стаха́новых
стаценко	стаце́нко
стейнбек	сте́йнбек
стейнбека	сте́йнбека
стейнбекам	сте́йнбекам
стейнбеками	сте́йнбеками
стейнбеках	сте́йнбеках
стейнбеке	сте́йнбеке
стейнбеки	сте́йнбеки
стейнбеков	сте́йнбеков
стейнбеком	сте́йнбеком
стейнбеку	сте́йнбеку
степ	стёп
степа	стёпа
степам	стёпам
степами	стёпами
степан	степа́н
степана	степа́на
степанаван	степанава́н
степанавана	степанава́на
степанаване	степанава́не
степанаваном	степанава́ном
степанавану	степанава́ну
степанакерт	степанаке́рт
степанакерта	степанаке́рта
степанакерте	степанаке́рте
степанакертом	степанаке́ртом
степанакерту	степанаке́рту
степанам	степа́нам
степанами	степа́нами
степанах	степа́нах
степане	степа́не
степанов	степа́нов
степанова	степа́нова
степанове	степа́нове
степановой	степа́новой
степановою	степа́новою
степанову	степа́нову
степановы	степа́новы
степановым	степа́новым
степановыми	степа́новыми
степановых	степа́новых
степаном	степа́ном
степану	степа́ну
степаны	степа́ны
степах	стёпах
степе	стёпе
степой	стёпой
степою	стёпою
степу	стёпу
степы	стёпы
стержа	сте́ржа
стерже	сте́рже
стержем	сте́ржем
стержу	сте́ржу
стерлитамак	стерлитама́к
стерлитамака	стерлитама́ка
стерлитамаке	стерлитама́ке
стерлитамаком	стерлитама́ком
стерлитамаку	стерлитама́ку
стокгольм	стокго́льм
стокгольма	стокго́льма
стокгольме	стокго́льме
стокгольмом	стокго́льмом
стокгольму	стокго́льму
столичная	столи́чная
столичной	столи́чной
столичною	столи́чною
столичную	столи́чную
столыпин	столы́пин
столыпина	столы́пина
столыпине	столы́пине
столыпиной	столы́пиной
столыпиною	столы́пиною
столыпину	столы́пину
столыпины	столы́пины
столыпиным	столы́пиным
столыпиными	столы́пиными
столыпиных	столы́пиных
стоунхендж	сто́унхендж
стоунхенджа	сто́унхенджа
стоунхендже	сто́унхендже
стоунхенджем	сто́унхенджем
стоунхенджу	сто́унхенджу
стравинская	страви́нская
стравинские	страви́нские
стравинский	страви́нский
стравинским	страви́нским
стравинскими	страви́нскими
стравинских	страви́нских
стравинского	страви́нского
стравинской	страви́нской
стравинском	страви́нском
стравинскому	страви́нскому
стравинскою	страви́нскою
стравинскую	страви́нскую
стрейзанд	стре́йзанд
стрейзанда	стре́йзанда
стрейзандам	стре́йзандам
стрейзандами	стре́йзандами
стрейзандах	стре́йзандах
стрейзанде	стре́йзанде
стрейзандов	стре́йзандов
стрейзандом	стре́йзандом
стрейзанду	стре́йзанду
стрейзанды	стре́йзанды
стрелец	стреле́ц
стрельца	стрельца́
стрельцам	стрельца́м
стрельцами	стрельца́ми
стрельцах	стрельца́х
стрельце	стрельце́
стрельцов	стрельцо́в
стрельцом	стрельцо́м
стрельцу	стрельцу́
стрельцы	стрельцы́
стрибог	стрибо́г
стрибога	стрибо́га
стрибогам	стрибо́гам
стрибогами	стрибо́гами
стрибогах	стрибо́гах
стрибоге	стрибо́ге
стрибоги	стрибо́ги
стрибогов	стрибо́гов
стрибогом	стрибо́гом
стрибогу	стрибо́гу
строганов	стро́ганов
строганова	стро́ганова
строганове	стро́ганове
строгановой	стро́гановой
строгановою	стро́гановою
строганову	стро́ганову
строгановы	стро́гановы
строгановым	стро́гановым
строгановыми	стро́гановыми
строгановых	стро́гановых
стругацкая	струга́цкая
стругацкие	струга́цкие
стругацкий	струга́цкий
стругацким	струга́цким
стругацкими	струга́цкими
стругацких	струга́цких
стругацкого	струга́цкого
стругацкой	струга́цкой
стругацком	струга́цком
стругацкому	струга́цкому
стругацкою	струга́цкою
стругацкую	струга́цкую
стрые	стры́е
стрыем	стры́ем
стрыю	стры́ю
стрыя	стры́я
студенкин	студе́нкин
студенкина	студе́нкина
студенкине	студе́нкине
студенкиной	студе́нкиной
студенкиною	студе́нкиною
студенкину	студе́нкину
студенкины	студе́нкины
студенкиным	студе́нкиным
студенкиными	студе́нкиными
студенкиных	студе́нкиных
стюарт	стю́арт
стюарта	стю́арта
стюартам	стю́артам
стюартами	стю́артами
стюартах	стю́артах
стюарте	стю́арте
стюартов	стю́артов
стюартом	стю́артом
стюарту	стю́арту
стюарты	стю́арты
субкот	субко́т
субкота	субко́та
субкотам	субко́там
субкотами	субко́тами
субкотах	субко́тах
субкоте	субко́те
субкотой	субко́той
субкотою	субко́тою
субкоту	субко́ту
субкоты	субко́ты
сува	су́ва
суве	су́ве
сувой	су́вой
суворов	суво́ров
суворова	суво́рова
суворове	суво́рове
суворовой	суво́ровой
суворовою	суво́ровою
суворову	суво́рову
суворовы	суво́ровы
суворовым	суво́ровым
суворовыми	суво́ровыми
суворовых	суво́ровых
сувою	су́вою
суву	су́ву
сувы	су́вы
сугинами	сугина́ми
судан	суда́н
судана	суда́на
судане	суда́не
суданом	суда́ном
судану	суда́ну
суздале	су́здале
суздалем	су́здалем
суздаль	су́здаль
суздалю	су́здалю
суздаля	су́здаля
суккос	су́ккос
суккот	сукко́т
суккота	сукко́та
суккотам	сукко́там
суккотами	сукко́тами
суккотах	сукко́тах
суккоте	сукко́те
суккотов	сукко́тов
суккотом	сукко́том
суккоту	сукко́ту
суккоты	сукко́ты
сулавеси	сулаве́си
султанбеков	султанбе́ков
султанбекова	султанбе́кова
султанбекове	султанбе́кове
султанбековой	султанбе́ковой
султанбековою	султанбе́ковою
султанбекову	султанбе́кову
султанбековы	султанбе́ковы
султанбековым	султанбе́ковым
султанбековыми	султанбе́ковыми
султанбековых	султанбе́ковых
сумам	су́мам
сумами	су́мами
суматра	сума́тра
суматре	сума́тре
суматрой	сума́трой
суматрою	сума́трою
суматру	сума́тру
суматры	сума́тры
сумах	су́мах
сумида	суми́да
сумиде	суми́де
сумидой	суми́дой
сумидою	суми́дою
сумиду	суми́ду
сумиды	суми́ды
сумы	су́мы
суна	су́на
сунак	су́нак
сунака	су́нака
сунакам	су́накам
сунаками	су́наками
сунаках	су́наках
сунаке	су́наке
сунаки	су́наки
сунаков	су́наков
сунаком	су́наком
сунаку	су́наку
сунам	су́нам
сунами	су́нами
сунах	су́нах
суне	су́не
сунов	су́нов
суном	су́ном
суну	су́ну
суны	су́ны
суоми	суо́ми
суриков	су́риков
сурикова	су́рикова
сурикове	су́рикове
суриковой	су́риковой
суриковою	су́риковою
сурикову	су́рикову
суриковы	су́риковы
суриковым	су́риковым
суриковыми	су́риковыми
суриковых	су́риковых
суринам	сурина́м
суринама	сурина́ма
суринаме	сурина́ме
суринамом	сурина́мом
суринаму	сурина́му
суровикин	сурови́кин
суровикина	сурови́кина
суровикине	сурови́кине
суровикиной	сурови́киной
суровикиною	сурови́киною
суровикину	сурови́кину
суровикины	сурови́кины
суровикиным	сурови́киным
суровикиными	сурови́киными
суровикиных	сурови́киных
сусанн	суса́нн
сусанна	суса́нна
сусаннам	суса́ннам
сусаннами	суса́ннами
сусаннах	суса́ннах
сусанне	суса́нне
сусанной	суса́нной
сусанною	суса́нною
сусанну	суса́нну
сусанны	суса́нны
суфиян	суфия́н
суфияна	суфия́на
суфиянам	суфия́нам
суфиянами	суфия́нами
суфиянах	суфия́нах
суфияне	суфия́не
суфиянов	суфия́нов
суфияном	суфия́ном
суфияну	суфия́ну
суфияны	суфия́ны
сухая	суха́я
сухие	сухи́е
сухим	сухи́м
сухими	сухи́ми
сухих	сухи́х
сухого	сухо́го
сухой	сухо́й
сухом	сухо́м
сухому	сухо́му
сухона	су́хона
сухоне	су́хоне
сухоной	су́хоной
сухоною	су́хоною
сухону	су́хону
сухоны	су́хоны
сухою	сухо́ю
сухум	суху́м
сухума	суху́ма
сухуме	суху́ме
сухуми	суху́ми
сухумом	суху́мом
сухуму	суху́му
сухую	суху́ю
сучжоу	сучжо́у
суэц	суэ́ц
суэца	суэ́ца
суэце	суэ́це
суэцем	суэ́цем
суэцу	суэ́цу
счастье	сча́стье
счастьем	сча́стьем
счастью	сча́стью
счастья	сча́стья
сыктывкар	сыктывка́р
сыктывкара	сыктывка́ра
сыктывкаре	сыктывка́ре
сыктывкаром	сыктывка́ром
сыктывкару	сыктывка́ру
сыр-дарье	сыр-дарье́
сыр-дарьи	сыр-дарьи́
сыр-дарью	сыр-дарью́
сыр-дарья	сыр-дарья́
сырдарье	сырдарье́
сырдарьей	сырдарьёй
сырдарьею	сырдарьёю
сырдарьи	сырдарьи́
сырдарью	сырдарью́
сырдарья	сырдарья́
сычуане	сычуа́не
сычуанем	сычуа́нем
сычуань	сычуа́нь
сычуаню	сычуа́ню
сычуаня	сычуа́ня
сьена	сье́на
сьене	сье́не
сьеной	сье́ной
сьеною	сье́ною
сьену	сье́ну
сьены	сье́ны
сэндай	сэнда́й
сэтагая	сэтага́я
сюйчжоу	сюйчжо́у
сюник	сюни́к
сюника	сюни́ка
сянган	сянга́н
сянгана	сянга́на
сянгане	сянга́не
сянганом	сянга́ном
сянгану	сянга́ну
табаков	табако́в
табакова	табако́ва
табакове	табако́ве
табаковой	табако́вой
табаковою	табако́вою
табакову	табако́ву
табаковы	табако́вы
табаковым	табако́вым
табаковыми	табако́выми
табаковых	табако́вых
тавра	та́вра
тавре	та́вре
таврией	та́врией
тавриею	та́вриею
таврии	та́врии
таврию	та́врию
таврия	та́врия
тавром	та́вром
тавру	та́вру
тавуш	таву́ш
тавуша	таву́ша
тагил	таги́л
тагила	таги́ла
тагилам	таги́лам
тагилами	таги́лами
тагилах	таги́лах
тагиле	таги́ле
тагилов	таги́лов
тагилом	таги́лом
тагилу	таги́лу
тагилы	таги́лы
тагир	таги́р
тагира	таги́ра
таджикистан	таджикиста́н
таджикистана	таджикиста́на
таджикистане	таджикиста́не
таджикистаном	таджикиста́ном
таджикистану	таджикиста́ну
тае	та́е
таей	та́ей
таею	та́ею
таи	та́и
таиланд	таила́нд
таиланда	таила́нда
таиланде	таила́нде
таиландом	таила́ндом
таиланду	таила́нду
таисией	таи́сией
таисиею	таи́сиею
таисии	таи́сии
таисий	таи́сий
таисию	таи́сию
таисия	таи́сия
таисиям	таи́сиям
таисиями	таи́сиями
таисиях	таи́сиях
таисье	таи́сье
таисьей	таи́сьей
таисьею	таи́сьею
таисьи	таи́сьи
таисью	таи́сью
таисья	таи́сья
таисьям	таи́сьям
таисьями	таи́сьями
таисьях	таи́сьях
таити	таи́ти
тайбэе	тайбэ́е
тайбэем	тайбэ́ем
тайбэй	тайбэ́й
тайбэю	тайбэ́ю
тайбэя	тайбэ́я
тайване	тайва́не
тайванем	тайва́нем
тайвань	тайва́нь
тайваню	тайва́ню
тайваня	тайва́ня
тайга	тайга́
тайге	тайге́
тайги	тайги́
тайгой	тайго́й
тайгою	тайго́ю
тайгу	тайгу́
тайланд	тайла́нд
таймура	тайму́ра
таймуре	тайму́ре
таймурой	тайму́рой
таймурою	тайму́рою
таймуру	тайму́ру
таймуры	тайму́ры
таймыр	таймы́р
таймыра	таймы́ра
таймыре	таймы́ре
таймыром	таймы́ром
таймыру	таймы́ру
тайто	та́йто
тайчжун	тайчжу́н
тайчжуна	тайчжу́на
тайчжуне	тайчжу́не
тайчжуном	тайчжу́ном
тайчжуну	тайчжу́ну
талаковка	талако́вка
талаковке	талако́вке
талаковки	талако́вки
талаковкой	талако́вкой
талаковкою	талако́вкою
талаковку	талако́вку
талас	тала́с
таласа	тала́са
таласе	тала́се
таласом	тала́сом
таласу	тала́су
талибан	талиба́н
талибана	талиба́на
талибане	талиба́не
талибаном	талиба́ном
талибану	талиба́ну
талин	тали́н
талина	тали́на
талине	тали́не
талином	тали́ном
талину	тали́ну
таллин	та́ллин
таллина	та́ллина
таллине	та́ллине
таллинн	та́ллинн
таллинна	та́ллинна
таллинне	та́ллинне
таллинном	та́ллинном
таллинну	та́ллинну
таллином	та́ллином
таллину	та́ллину
тальков	талько́в
талькова	талько́ва
талькове	талько́ве
тальковой	талько́вой
тальковою	талько́вою
талькову	талько́ву
тальковы	талько́вы
тальковым	талько́вым
тальковыми	талько́выми
тальковых	талько́вых
тамар	тама́р
тамара	тама́ра
тамарам	тама́рам
тамарами	тама́рами
тамарах	тама́рах
тамаре	тама́ре
тамарой	тама́рой
тамарою	тама́рою
тамару	тама́ру
тамары	тама́ры
тамбов	тамбо́в
тамбова	тамбо́ва
тамбове	тамбо́ве
тамбовом	тамбо́вом
тамбову	тамбо́ву
тана	та́на
танам	та́нам
танами	та́нами
танах	та́нах
тане	та́не
таней	та́ней
танею	та́нею
танзанией	танза́нией
танзаниею	танза́ниею
танзании	танза́нии
танзанию	танза́нию
танзания	танза́ния
тани	та́ни
танов	та́нов
таном	та́ном
тану	та́ну
таны	та́ны
танька	та́нька
таню	та́ню
танюш	таню́ш
танюша	таню́ша
танюшам	таню́шам
танюшами	таню́шами
танюшах	таню́шах
танюше	таню́ше
танюшей	таню́шей
танюшею	таню́шею
танюши	таню́ши
танюшу	таню́шу
таня	та́ня
таням	та́ням
танями	та́нями
танях	та́нях
тарантино	таранти́но
тарас	тара́с
тараса	тара́са
тарасам	тара́сам
тарасами	тара́сами
тарасах	тара́сах
тарасе	тара́се
тарасов	тара́сов
тарасова	тара́сова
тарасове	тара́сове
тарасовой	тара́совой
тарасовою	тара́совою
тарасову	тара́сову
тарасовы	тара́совы
тарасовым	тара́совым
тарасовыми	тара́совыми
тарасовых	тара́совых
тарасом	тара́сом
тарасу	тара́су
тарасы	тара́сы
таратут	тарату́т
таратута	тарату́та
таратутам	тарату́там
таратутами	тарату́тами
таратутах	тарату́тах
таратуте	тарату́те
таратутой	тарату́той
таратутою	тарату́тою
таратуту	тарату́ту
таратуты	тарату́ты
тарбальджее	тарбальдже́е
тарбальджеем	тарбальдже́ем
тарбальджей	тарбальдже́й
тарбальджею	тарбальдже́ю
тарбальджея	тарбальдже́я
тарзан	тарза́н
тарзана	тарза́на
тарзанам	тарза́нам
тарзанами	тарза́нами
тарзанах	тарза́нах
тарзане	тарза́не
тарзанов	тарза́нов
тарзаном	тарза́ном
тарзану	тарза́ну
тарзаны	тарза́ны
таривердиев	тариверди́ев
таривердиева	тариверди́ева
таривердиеве	тариверди́еве
таривердиевой	тариверди́евой
таривердиевою	тариверди́евою
таривердиеву	тариверди́еву
таривердиевы	тариверди́евы
таривердиевым	тариверди́евым
таривердиевыми	тариверди́евыми
таривердиевых	тариверди́евых
тарковская	тарко́вская
тарковские	тарко́вские
тарковский	тарко́вский
тарковским	тарко́вским
тарковскими	тарко́вскими
тарковских	тарко́вских
тарковского	тарко́вского
тарковской	тарко́вской
тарковском	тарко́вском
тарковскому	тарко́вскому
тарковскою	тарко́вскою
тарковскую	тарко́вскую
тартар	та́ртар
тартара	та́ртара
тартаре	та́ртаре
тартарией	тарта́рией
тартариею	тарта́риею
тартарии	тарта́рии
тартарию	тарта́рию
тартария	тарта́рия
тартаром	та́ртаром
тартару	та́ртару
тарту	та́рту
тасманией	тасма́нией
тасманиею	тасма́ниею
тасмании	тасма́нии
тасманию	тасма́нию
тасмания	тасма́ния
татарией	тата́рией
татариею	тата́риею
татарии	тата́рии
татарию	тата́рию
татария	тата́рия
татарстан	татарста́н
татарстана	татарста́на
татарстане	татарста́не
татарстаном	татарста́ном
татарстану	татарста́ну
татьян	татья́н
татьяна	татья́на
татьянам	татья́нам
татьянами	татья́нами
татьянах	татья́нах
татьяне	татья́не
татьяной	татья́ной
татьяною	татья́ною
татьяну	татья́ну
татьяны	татья́ны
ташир	таши́р
ташира	таши́ра
ташире	таши́ре
таширом	таши́ром
таширу	таши́ру
ташкент	ташке́нт
ташкента	ташке́нта
ташкенте	ташке́нте
ташкентом	ташке́нтом
ташкенту	ташке́нту
таю	та́ю
тая	та́я
таям	та́ям
таями	та́ями
таях	та́ях
тбилиси	тбили́си
твери	твери́
тверью	тве́рью
твиттер	тви́ттер
твиттера	тви́ттера
твиттере	тви́ттере
твиттером	тви́ттером
твиттеру	тви́ттеру
теберда	теберда́
теберде	теберде́
тебердой	тебердо́й
тебердою	тебердо́ю
теберду	теберду́
теберды	теберды́
тегеран	тегера́н
тегерана	тегера́на
тегеране	тегера́не
тегераном	тегера́ном
тегерану	тегера́ну
тегусигальпа	тегусига́льпа
тегусигальпе	тегусига́льпе
тегусигальпой	тегусига́льпой
тегусигальпою	тегусига́льпою
тегусигальпу	тегусига́льпу
тегусигальпы	тегусига́льпы
телец	теле́ц
телин	тели́н
телина	тели́на
телине	тели́не
телином	тели́ном
телину	тели́ну
телковский	тёлко́вский
тель-авив	тель-ави́в
тель-авива	тель-ави́ва
тель-авиве	тель-ави́ве
тель-авивом	тель-ави́вом
тель-авиву	тель-ави́ву
тельца	тельца́
тельцам	тельца́м
тельцами	тельца́ми
тельцах	тельца́х
тельце	тельце́
тельцов	тельцо́в
тельцом	тельцо́м
тельцу	тельцу́
тельцы	тельцы́
темза	те́мза
темзе	те́мзе
темзой	те́мзой
темзою	те́мзою
темзу	те́мзу
темзы	те́мзы
тенгри	те́нгри
теннант	те́ннант
теннанта	те́ннанта
теннантам	те́ннантам
теннантами	те́ннантами
теннантах	те́ннантах
теннанте	те́ннанте
теннантов	те́ннантов
теннантом	те́ннантом
теннанту	те́ннанту
теннанты	те́ннанты
теннесси	теннесси́
теребейчук	теребейчу́к
теребейчука	теребейчука́
теребейчукам	теребейчука́м
теребейчуками	теребейчука́ми
теребейчуках	теребейчука́х
теребейчуке	теребейчуке́
теребейчуки	теребейчуки́
теребейчуков	теребейчуко́в
теребейчуком	теребейчуко́м
теребейчуку	теребейчуку́
терез	тере́з
тереза	тере́за
терезам	тере́зам
терезами	тере́зами
терезах	тере́зах
терезе	тере́зе
терезой	тере́зой
терезою	тере́зою
терезу	тере́зу
терезы	тере́зы
терентиев	тере́нтиев
терентием	тере́нтием
терентии	тере́нтии
терентий	тере́нтий
терентию	тере́нтию
терентия	тере́нтия
терентиям	тере́нтиям
терентиями	тере́нтиями
терентиях	тере́нтиях
терешков	терешко́в
терешкова	терешко́ва
терешкове	терешко́ве
терешковой	терешко́вой
терешковою	терешко́вою
терешкову	терешко́ву
терешковы	терешко́вы
терешковым	терешко́вым
терешковыми	терешко́выми
терешковых	терешко́вых
тержола	тержо́ла
тержоле	тержо́ле
тержолой	тержо́лой
тержолою	тержо́лою
тержолу	тержо́лу
тержолы	тержо́лы
теркин	тёркин
теркина	тёркина
теркине	тёркине
теркиной	тёркиной
теркиною	тёркиною
теркину	тёркину
теркины	тёркины
теркиным	тёркиным
теркиными	тёркиными
теркиных	тёркиных
тернер	тёрнер
тернера	тёрнера
тернерам	тёрнерам
тернерами	тёрнерами
тернерах	тёрнерах
тернере	тёрнере
тернеров	тёрнеров
тернером	тёрнером
тернеру	тёрнеру
тернеры	тёрнеры
тернополе	терно́поле
тернополем	терно́полем
тернополь	терно́поль
тернополю	терно́полю
тернополя	терно́поля
терпин	тёрпин
терпина	тёрпина
терпинам	тёрпинам
терпинами	тёрпинами
терпинах	тёрпинах
терпине	тёрпине
терпинов	тёрпинов
терпином	тёрпином
терпину	тёрпину
терпины	тёрпины
тетрис	те́трис
тетриса	те́триса
тетрисе	те́трисе
тетрисом	те́трисом
тетрису	те́трису
техас	теха́с
техаса	теха́са
техасе	теха́се
техасом	теха́сом
техасу	теха́су
тиба	ти́ба
тибе	ти́бе
тибет	тибе́т
тибета	тибе́та
тибете	тибе́те
тибетом	тибе́том
тибету	тибе́ту
тибой	ти́бой
тибою	ти́бою
тибра	ти́бра
тибре	ти́бре
тибром	ти́бром
тибру	ти́бру
тибу	ти́бу
тибы	ти́бы
тибьра	ти́бьра
тибьру	ти́бьру
тигра	ти́гра
тиграм	ти́грам
тиграми	ти́грами
тиграх	ти́грах
тигре	ти́гре
тигрис	ти́грис
тигриса	ти́гриса
тигрисам	ти́грисам
тигрисами	ти́грисами
тигрисах	ти́грисах
тигрисе	ти́грисе
тигрисов	ти́грисов
тигрисом	ти́грисом
тигрису	ти́грису
тигрисы	ти́грисы
тигров	ти́гров
тигром	ти́гром
тигру	ти́гру
тигры	ти́гры
тиеда	тиёда
тилбург	ти́лбург
тилбурга	ти́лбурга
тилбурге	ти́лбурге
тилбургом	ти́лбургом
тилбургу	ти́лбургу
тимофее	тимофе́е
тимофеев	тимофе́ев
тимофеем	тимофе́ем
тимофеи	тимофе́и
тимофей	тимофе́й
тимофею	тимофе́ю
тимофея	тимофе́я
тимофеям	тимофе́ям
тимофеями	тимофе́ями
тимофеях	тимофе́ях
тимошенко	тимоше́нко
тимур	тиму́р
тимура	тиму́ра
тимурам	тиму́рам
тимурами	тиму́рами
тимурах	тиму́рах
тимуре	тиму́ре
тимуров	тиму́ров
тимуром	тиму́ром
тимуру	тиму́ру
тимуры	тиму́ры
тимченко	ти́мченко
тиньков	тинько́в
тинькова	тинько́ва
тинькове	тинько́ве
тиньковой	тинько́вой
тиньковою	тинько́вою
тинькову	тинько́ву
тиньковы	тинько́вы
тиньковым	тинько́вым
тиньковыми	тинько́выми
тиньковых	тинько́вых
тира	ти́ра
тирана	тира́на
тиране	тира́не
тираной	тира́ной
тираною	тира́ною
тирану	тира́ну
тираны	тира́ны
тирасполе	тира́споле
тирасполем	тира́сполем
тирасполь	тира́споль
тирасполю	тира́сполю
тирасполя	тира́споля
тире	ти́ре
тиром	ти́ром
тиру	ти́ру
тисифона	тисифо́на
тисифоне	тисифо́не
тисифоной	тисифо́ной
тисифоною	тисифо́ною
тисифону	тисифо́ну
тисифоны	тисифо́ны
тита	ти́та
титан	тита́н
титана	тита́на
титарев	титарёв
титарева	титарёва
титареве	титарёве
титаревой	титарёвой
титаревою	титарёвою
титареву	титарёву
титаревы	титарёвы
титаревым	титарёвым
титаревыми	титарёвыми
титаревых	титарёвых
тите	ти́те
титов	тито́в
титова	тито́ва
титове	тито́ве
титовой	тито́вой
титовою	тито́вою
титову	тито́ву
титовы	тито́вы
титовым	тито́вым
титовыми	тито́выми
титовых	тито́вых
титом	ти́том
титу	ти́ту
тифлис	тифли́с
тифлиса	тифли́са
тифлисе	тифли́се
тифлисом	тифли́сом
тифлису	тифли́су
тихановская	тихано́вская
тихановские	тихано́вские
тихановский	тихано́вский
тихановским	тихано́вским
тихановскими	тихано́вскими
тихановских	тихано́вских
тихановского	тихано́вского
тихановской	тихано́вской
тихановском	тихано́вском
тихановскому	тихано́вскому
тихановскою	тихано́вскою
тихановскую	тихано́вскую
тихомиров	тихоми́ров
тихомирова	тихоми́рова
тихомирове	тихоми́рове
тихомировой	тихоми́ровой
тихомировою	тихоми́ровою
тихомирову	тихоми́рову
тихомировы	тихоми́ровы
тихомировым	тихоми́ровым
тихомировыми	тихоми́ровыми
тихомировых	тихоми́ровых
тихон	ти́хон
тихона	ти́хона
тихонам	ти́хонам
тихонами	ти́хонами
тихонах	ти́хонах
тихоне	ти́хоне
тихонов	ти́хонов
тихонова	ти́хонова
тихонове	ти́хонове
тихоновой	ти́хоновой
тихоновою	ти́хоновою
тихонову	ти́хонову
тихоновы	ти́хоновы
тихоновым	ти́хоновым
тихоновыми	ти́хоновыми
тихоновых	ти́хоновых
тихоном	ти́хоном
тихону	ти́хону
тихоны	ти́хоны
тихоня	тихо́ня
тиша	ти́ша
тишка	ти́шка
тищенко	ти́щенко
тобол	тобо́л
тобола	тобо́ла
тоболе	тобо́ле
тоболом	тобо́лом
тоболу	тобо́лу
тогане	то́гане
того	то́го
токати	то́кати
токио	то́кио
токусима	токуси́ма
токусиме	токуси́ме
токусимой	токуси́мой
токусимою	токуси́мою
токусиму	токуси́му
токусимы	токуси́мы
толе	то́ле
толей	то́лей
толею	то́лею
толи	то́ли
толик	то́лик
толика	то́лика
толикам	то́ликам
толиками	то́ликами
толиках	то́ликах
толике	то́лике
толики	то́лики
толиков	то́ликов
толиком	то́ликом
толику	то́лику
толоконников	толоко́нников
толоконникова	толоко́нникова
толоконникове	толоко́нникове
толоконниковой	толоко́нниковой
толоконниковою	толоко́нниковою
толоконникову	толоко́нникову
толоконниковы	толоко́нниковы
толоконниковым	толоко́нниковым
толоконниковыми	толоко́нниковыми
толоконниковых	толоко́нниковых
толстаго	толста́го
толстая	толста́я
толстого	толсто́го
толстой	толсто́й
толстом	толсто́м
толстому	толсто́му
толстою	толсто́ю
толстую	толсту́ю
толстые	толсты́е
толстым	толсты́м
толстыми	толсты́ми
толстых	толсты́х
толстыя	толсты́я
тольятти	толья́тти
толю	то́лю
толя	то́ля
толям	то́лям
толями	то́лями
толян	толя́н
толяна	толя́на
толянам	толя́нам
толянами	толя́нами
толянах	толя́нах
толяне	толя́не
толянов	толя́нов
толяном	толя́ном
толяну	толя́ну
толяны	толя́ны
толях	то́лях
томи	томи́
томигусуку	томигусу́ку
томска	то́мска
томске	то́мске
томском	то́мском
томску	то́мску
томью	то́мью
тонга	то́нга
тонге	то́нге
тонги	то́нги
тонгой	то́нгой
тонгою	то́нгою
тонгу	то́нгу
тонди	то́нди
тондэмунгу	тондэмунгу́
тоне	то́не
тоней	то́ней
тонею	то́нею
тони	то́ни
тоню	то́ню
тоня	то́ня
тоням	то́ням
тонями	то́нями
тонях	то́нях
тора	то́ра
торам	то́рам
торами	то́рами
торах	то́рах
торе	то́ре
торов	то́ров
тором	то́ром
торонто	торо́нто
торопец	торо́пец
торопца	торо́пца
торопце	торо́пце
торопцем	торо́пцем
торопцу	торо́пцу
тору	то́ру
торуне	то́руне
торунем	то́рунем
торуни	то́руни
торунь	то́рунь
торунью	то́рунью
торуню	то́руню
торуня	то́руня
торы	то́ры
тосима	тоси́ма
тосиме	тоси́ме
тосимой	тоси́мой
тосимою	тоси́мою
тосиму	тоси́му
тосимы	тоси́мы
тотиги	тоти́ги
тоттори	тотто́ри
тотьма	то́тьма
тотьме	то́тьме
тотьмой	то́тьмой
тотьмою	то́тьмою
тотьму	то́тьму
тотьмы	то́тьмы
тофсэ	тофсэ́
тояма	тоя́ма
тояме	тоя́ме
тоямой	тоя́мой
тоямою	тоя́мою
тояму	тоя́му
тоямы	тоя́мы
трайковская	тра́йковская
трайковские	тра́йковские
трайковский	тра́йковский
трайковских	тра́йковских
трайковского	тра́йковского
трайкоская	тра́йкоская
трайкоские	тра́йкоские
трайкоский	тра́йкоский
трайкоских	тра́йкоских
трайкоского	тра́йкоского
трампа	тра́мпа
трампам	тра́мпам
трампами	тра́мпами
трампах	тра́мпах
трампе	тра́мпе
трампов	тра́мпов
трампом	тра́мпом
трампу	тра́мпу
трампы	тра́мпы
трансильванией	трансильва́нией
трансильваниею	трансильва́ниею
трансильвании	трансильва́нии
трансильванию	трансильва́нию
трансильвания	трансильва́ния
траяновская	трая́новская
траяновские	трая́новские
траяновский	трая́новский
траяновских	трая́новских
траяновского	трая́новского
траяноская	трая́ноская
траяноские	трая́ноские
траяноский	трая́ноский
траяноских	трая́носких
траяноского	трая́ноского
третьяк	третья́к
третьяка	третьяка́
третьякам	третьяка́м
третьяками	третьяка́ми
третьяках	третьяка́х
третьяке	третьяке́
третьяки	третьяки́
третьяков	третьяко́в
третьякова	третьяко́ва
третьякове	третьяко́ве
третьяковка	третьяко́вка
третьяковке	третьяко́вке
третьяковки	третьяко́вки
третьяковкой	третьяко́вкой
третьяковкою	третьяко́вкою
третьяковку	третьяко́вку
третьяковой	третьяко́вой
третьяковою	третьяко́вою
третьякову	третьяко́ву
третьяковы	третьяко́вы
третьяковым	третьяко́вым
третьяковыми	третьяко́выми
третьяковых	третьяко́вых
третьяком	третьяко́м
третьяку	третьяку́
триест	трие́ст
триеста	трие́ста
триесте	трие́сте
триестом	трие́стом
триесту	трие́сту
триполи	три́поли
триптолем	триптоле́м
триптолема	триптоле́ма
триптолеме	триптоле́ме
триптолемом	триптоле́мом
триптолему	триптоле́му
трифон	три́фон
трифона	три́фона
трифонам	три́фонам
трифонами	три́фонами
трифонах	три́фонах
трифоне	три́фоне
трифонов	три́фонов
трифонова	три́фонова
трифонове	три́фонове
трифоновой	три́фоновой
трифоновою	три́фоновою
трифонову	три́фонову
трифоновы	три́фоновы
трифоновым	три́фоновым
трифоновыми	три́фоновыми
трифоновых	три́фоновых
трифоном	три́фоном
трифону	три́фону
трифоны	три́фоны
тришка	три́шка
трое	тро́е
троей	тро́ей
троею	тро́ею
трои	тро́и
троица	тро́ица
троице	тро́ице
троицей	тро́ицей
троицею	тро́ицею
троицкая	тро́ицкая
троицкие	тро́ицкие
троицкий	тро́ицкий
троицким	тро́ицким
троицкими	тро́ицкими
троицких	тро́ицких
троицкого	тро́ицкого
троицкой	тро́ицкой
троицком	тро́ицком
троицкому	тро́ицкому
троицкою	тро́ицкою
троицкую	тро́ицкую
троицу	тро́ицу
троицы	тро́ицы
троллфейс	троллфе́йс
троцкая	тро́цкая
троцкие	тро́цкие
троцкий	тро́цкий
троцким	тро́цким
троцкими	тро́цкими
троцких	тро́цких
троцкого	тро́цкого
троцкой	тро́цкой
троцком	тро́цком
троцкому	тро́цкому
троцкою	тро́цкою
троцкую	тро́цкую
трою	тро́ю
троя	тро́я
трубачев	трубачёв
трубачева	трубачёва
трубачеве	трубачёве
трубачевой	трубачёвой
трубачевою	трубачёвою
трубачеву	трубачёву
трубачевы	трубачёвы
трубачевым	трубачёвым
трубачевыми	трубачёвыми
трубачевых	трубачёвых
трубецкая	трубецка́я
трубецкие	трубецки́е
трубецким	трубецки́м
трубецкими	трубецки́ми
трубецких	трубецки́х
трубецкого	трубецко́го
трубецкой	трубецко́й
трубецком	трубецко́м
трубецкому	трубецко́му
трубецкою	трубецко́ю
трубецкую	трубецку́ю
трускавец	трускаве́ц
трускавца	трускавца́
трускавце	трускавце́
трускавцом	трускавцо́м
трускавцу	трускавцу́
трюдо	трюдо́
туапсе	туапсе́
тува	тува́
тувалу	тува́лу
туве	туве́
тувой	туво́й
тувою	туво́ю
туву	туву́
тувы	тувы́
туймаада	туйма́ада
туймааде	туйма́аде
туймаадой	туйма́адой
туймаадою	туйма́адою
туймааду	туйма́аду
туймаады	туйма́ады
тула	ту́ла
туле	ту́ле
тулой	ту́лой
тулою	ту́лою
тулу	ту́лу
тулы	ту́лы
тульчин	тульчи́н
тульчина	тульчи́на
тульчине	тульчи́не
тульчином	тульчи́ном
тульчину	тульчи́ну
туманян	туманя́н
туманяна	туманя́на
туманяне	туманя́не
туманяном	туманя́ном
туманяну	туманя́ну
тунберг	ту́нберг
тунберга	ту́нберга
тунбергам	ту́нбергам
тунбергами	ту́нбергами
тунбергах	ту́нбергах
тунберге	ту́нберге
тунберги	ту́нберги
тунбергов	ту́нбергов
тунбергом	ту́нбергом
тунбергу	ту́нбергу
тунгуска	тунгу́ска
тунгуске	тунгу́ске
тунгуски	тунгу́ски
тунгуской	тунгу́ской
тунгускою	тунгу́скою
тунгуску	тунгу́ску
тунис	туни́с
туниса	туни́са
тунисе	туни́се
тунисом	туни́сом
тунису	туни́су
туполев	ту́полев
туполева	ту́полева
туполеве	ту́полеве
туполевой	ту́полевой
туполевою	ту́полевою
туполеву	ту́полеву
туполевы	ту́полевы
туполевым	ту́полевым
туполевыми	ту́полевыми
туполевых	ту́полевых
тура	тура́
турам	тура́м
турами	тура́ми
туран	тура́н
турана	тура́на
туране	тура́не
тураном	тура́ном
турану	тура́ну
турах	тура́х
тургенев	турге́нев
тургенева	турге́нева
тургеневе	турге́неве
тургеневой	турге́невой
тургеневою	турге́невою
тургеневу	турге́неву
тургеневы	турге́невы
тургеневым	турге́невым
тургеневыми	турге́невыми
тургеневых	турге́невых
туре	туре́
турин	тури́н
турина	тури́на
турине	тури́не
турином	тури́ном
турину	тури́ну
туркестан	туркеста́н
туркестана	туркеста́на
туркестане	туркеста́не
туркестаном	туркеста́ном
туркестану	туркеста́ну
туркменией	туркме́нией
туркмениею	туркме́ниею
туркмении	туркме́нии
туркменистан	туркмениста́н
туркменистана	туркмениста́на
туркменистане	туркмениста́не
туркменистаном	туркмениста́ном
туркменистану	туркмениста́ну
туркмению	туркме́нию
туркмения	туркме́ния
турков	турко́в
туркова	турко́ва
туркове	турко́ве
турковой	турко́вой
турковою	турко́вою
туркову	турко́ву
турковы	турко́вы
турковым	турко́вым
турковыми	турко́выми
турковых	турко́вых
турой	туро́й
турою	туро́ю
турсунов	турсуно́в
турсунова	турсуно́ва
турсунове	турсуно́ве
турсуновой	турсуно́вой
турсуновою	турсуно́вою
турсунову	турсуно́ву
турсуновы	турсуно́вы
турсуновым	турсуно́вым
турсуновыми	турсуно́выми
турсуновых	турсуно́вых
туру	туру́
туруханск	туруха́нск
туруханска	туруха́нска
туруханске	туруха́нске
туруханском	туруха́нском
туруханску	туруха́нску
турцией	ту́рцией
турциею	ту́рциею
турции	ту́рции
турцию	ту́рцию
турция	ту́рция
туры	туры́
тускул	ту́скул
тускула	ту́скула
тускуле	ту́скуле
тускулом	ту́скулом
тускулу	ту́скулу
тхимпху	тхимпху́
тыва	тыва́
тыве	тыве́
тывой	тыво́й
тывою	тыво́ю
тыву	тыву́
тывы	тывы́
тэгу	тэ́гу
тюбу	тю́бу
тюмени	тюме́ни
тюмень	тюме́нь
тюменью	тюме́нью
тюнга	тю́нга
тюо	тюо́
тюра	тю́ра
тюрам	тю́рам
тюрами	тю́рами
тюрах	тю́рах
тюре	тю́ре
тюрингией	тюри́нгией
тюрингиею	тюри́нгиею
тюрингии	тюри́нгии
тюрингию	тюри́нгию
тюрингия	тюри́нгия
тюров	тю́ров
тюром	тю́ром
тюру	тю́ру
тюры	тю́ры
тютенко	тюте́нко
тютчев	тю́тчев
тютчева	тю́тчева
тютчеве	тю́тчеве
тютчевой	тю́тчевой
тютчевою	тю́тчевою
тютчеву	тю́тчеву
тютчевы	тю́тчевы
тютчевым	тю́тчевым
тютчевыми	тю́тчевыми
тютчевых	тю́тчевых
тяглов	тя́глов
тяглова	тя́глова
тяглове	тя́глове
тягловой	тя́гловой
тягловою	тя́гловою
тяглову	тя́глову
тягловы	тя́гловы
тягловым	тя́гловым
тягловыми	тя́гловыми
тягловых	тя́гловых
тянь-шане	тянь-ша́не
тянь-шанем	тянь-ша́нем
тянь-шань	тянь-ша́нь
тянь-шаню	тянь-ша́ню
тянь-шаня	тянь-ша́ня
тяньцзине	тяньцзи́не
тяньцзинем	тяньцзи́нем
тяньцзинь	тяньцзи́нь
тяньцзиню	тяньцзи́ню
тяньцзиня	тяньцзи́ня
тячев	тя́чев
тячева	тя́чева
тячеве	тя́чеве
тячевом	тя́чевом
тячеву	тя́чеву
уагадугу	уагаду́гу
уайсмен	уа́йсмен
уайсмена	уа́йсмена
уайсменам	уа́йсменам
уайсменами	уа́йсменами
уайсменах	уа́йсменах
уайсмене	уа́йсмене
уайсменов	уа́йсменов
уайсменом	уа́йсменом
уайсмену	уа́йсмену
уайсмены	уа́йсмены
уваров	ува́ров
уварова	ува́рова
уварове	ува́рове
уваровой	ува́ровой
уваровою	ува́ровою
уварову	ува́рову
уваровы	ува́ровы
уваровым	ува́ровым
уваровыми	ува́ровыми
уваровых	ува́ровых
уганда	уга́нда
уганде	уга́нде
угандой	уга́ндой
угандою	уга́ндою
уганду	уга́нду
уганды	уга́нды
угледар	угледа́р
угледара	угледа́ра
угледаре	угледа́ре
угледаром	угледа́ром
угледару	угледа́ру
углов	угло́в
углова	угло́ва
углове	угло́ве
угловой	угло́вой
угловою	угло́вою
углову	угло́ву
угловы	угло́вы
угловым	угло́вым
угловыми	угло́выми
угловых	угло́вых
удальцов	удальцо́в
удальцова	удальцо́ва
удальцове	удальцо́ве
удальцовой	удальцо́вой
удальцовою	удальцо́вою
удальцову	удальцо́ву
удальцовы	удальцо́вы
удальцовым	удальцо́вым
удальцовыми	удальцо́выми
удальцовых	удальцо́вых
удмуртией	удму́ртией
удмуртиею	удму́ртиею
удмуртии	удму́ртии
удмуртию	удму́ртию
удмуртия	удму́ртия
ужгород	у́жгород
ужгорода	у́жгорода
ужгороде	у́жгороде
ужгородом	у́жгородом
ужгороду	у́жгороду
узбекистан	узбекиста́н
узбекистана	узбекиста́на
узбекистане	узбекиста́не
узбекистаном	узбекиста́ном
узбекистану	узбекиста́ну
узлов	узло́в
узлова	узло́ва
узлове	узло́ве
узловой	узло́вой
узловою	узло́вою
узлову	узло́ву
узловы	узло́вы
узловым	узло́вым
узловыми	узло́выми
узловых	узло́вых
уиллард	уи́ллард
уилларда	уи́лларда
уиллардам	уи́ллардам
уиллардами	уи́ллардами
уиллардах	уи́ллардах
уилларде	уи́лларде
уиллардов	уи́ллардов
уиллардом	уи́ллардом
уилларду	уи́лларду
уилларды	уи́лларды
уильямс	уи́льямс
уильямса	уи́льямса
уильямсам	уи́льямсам
уильямсами	уи́льямсами
уильямсах	уи́льямсах
уильямсе	уи́льямсе
уильямсов	уи́льямсов
уильямсом	уи́льямсом
уильямсу	уи́льямсу
уильямсы	уи́льямсы
уиткофф	уи́ткофф
уиткоффа	уи́ткоффа
уиткоффам	уи́ткоффам
уиткоффами	уи́ткоффами
уиткоффах	уи́ткоффах
уиткоффе	уи́ткоффе
уиткоффов	уи́ткоффов
уиткоффом	уи́ткоффом
уиткоффу	уи́ткоффу
уиткоффы	уи́ткоффы
украйна	укра́йна
укрогабон	укрогабо́н
укропией	укро́пией
укропиею	укро́пиею
укропии	укро́пии
укропий	укро́пий
укропию	укро́пию
укропия	укро́пия
укропиям	укро́пиям
укропиями	укро́пиями
укропиях	укро́пиях
укрорейх	укроре́йх
укрорейха	укроре́йха
укрорейхе	укроре́йхе
укрорейхом	укроре́йхом
укрорейху	укроре́йху
улаанбаатар	улаанба́атар
улаанбаатара	улаанба́атара
улаанбаатаре	улаанба́атаре
улаанбаатаром	улаанба́атаром
улаанбаатару	улаанба́атару
улан-батор	улан-ба́тор
улан-батора	улан-ба́тора
улан-баторе	улан-ба́торе
улан-батором	улан-ба́тором
улан-батору	улан-ба́тору
уланов	ула́нов
уланова	ула́нова
уланове	ула́нове
улановой	ула́новой
улановою	ула́новою
уланову	ула́нову
улановы	ула́новы
улановым	ула́новым
улановыми	ула́новыми
улановых	ула́новых
улисс	ули́сс
улисса	ули́сса
улиссам	ули́ссам
улиссами	ули́ссами
улиссах	ули́ссах
улиссе	ули́ссе
улиссов	ули́ссов
улиссом	ули́ссом
улиссу	ули́ссу
улиссы	ули́ссы
улицкая	ули́цкая
улицкие	ули́цкие
улицкий	ули́цкий
улицким	ули́цким
улицкими	ули́цкими
улицких	ули́цких
улицкого	ули́цкого
улицкой	ули́цкой
улицком	ули́цком
улицкому	ули́цкому
улицкою	ули́цкою
улицкую	ули́цкую
улуру	улуру́
ульян	улья́н
ульяна	улья́на
ульянам	улья́нам
ульянами	улья́нами
ульянах	улья́нах
ульяне	улья́не
ульянов	улья́нов
ульянова	улья́нова
ульянове	улья́нове
ульяновой	улья́новой
ульяновою	улья́новою
ульяновск	улья́новск
ульяновска	улья́новска
ульяновске	улья́новске
ульяновском	улья́новском
ульяновску	улья́новску
ульянову	улья́нову
ульяновы	улья́новы
ульяновым	улья́новым
ульяновыми	улья́новыми
ульяновых	улья́новых
ульяной	улья́ной
ульяном	улья́ном
ульяною	улья́ною
ульяну	улья́ну
ульяны	улья́ны
умани	у́мани
умань	у́мань
уманью	у́манью
умеров	уме́ров
умерова	уме́рова
умерове	уме́рове
умеровой	уме́ровой
умеровою	уме́ровою
умерову	уме́рову
умеровы	уме́ровы
умеровым	уме́ровым
умеровыми	уме́ровыми
умеровых	уме́ровых
умиление	умиле́ние
умилением	умиле́нием
умилении	умиле́нии
умилений	умиле́ний
умилению	умиле́нию
умиления	умиле́ния
умилениям	умиле́ниям
умилениями	умиле́ниями
умилениях	умиле́ниях
уникод	унико́д
уникода	унико́да
уникоде	унико́де
уникодом	унико́дом
уникоду	унико́ду
уоллингтон	уо́ллингтон
уоллингтона	уо́ллингтона
уоллингтонам	уо́ллингтонам
уоллингтонами	уо́ллингтонами
уоллингтонах	уо́ллингтонах
уоллингтоне	уо́ллингтоне
уоллингтонов	уо́ллингтонов
уоллингтоном	уо́ллингтоном
уоллингтону	уо́ллингтону
уоллингтоны	уо́ллингтоны
урал	ура́л
урала	ура́ла
урале	ура́ле
уралом	ура́лом
уралу	ура́лу
уран	ура́н
урана	ура́на
уране	ура́не
ураном	ура́ном
урану	ура́ну
урарту	ура́рту
уркаина	уркаи́на
уркаине	уркаи́не
уркаиной	уркаи́ной
уркаиною	уркаи́ною
уркаину	уркаи́ну
уркаины	уркаи́ны
урожайного	урожа́йного
урожайное	урожа́йное
урожайном	урожа́йном
урожайному	урожа́йному
урожайным	урожа́йным
уругвае	уругва́е
уругваем	уругва́ем
уругвай	уругва́й
уругваю	уругва́ю
уругвая	уругва́я
урумчи	урумчи́
уссурийск	уссури́йск
уссурийска	уссури́йска
уссурийске	уссури́йске
уссурийском	уссури́йском
уссурийску	уссури́йску
устиний	усти́ний
устинов	усти́нов
устинова	усти́нова
устинове	усти́нове
устиновой	усти́новой
устиновою	усти́новою
устинову	усти́нову
устиновы	усти́новы
устиновым	усти́новым
устиновыми	усти́новыми
устиновых	усти́новых
устинье	усти́нье
устиньей	усти́ньей
устиньею	усти́ньею
устиньи	усти́ньи
устинью	усти́нью
устинья	усти́нья
устиньям	усти́ньям
устиньями	усти́ньями
устиньях	усти́ньях
усть-луга	усть-лу́га
усть-луге	усть-лу́ге
усть-луги	усть-лу́ги
усть-лугой	усть-лу́гой
усть-лугою	усть-лу́гою
усть-лугу	усть-лу́гу
устюжна	у́стюжна
устюжне	у́стюжне
устюжной	у́стюжной
устюжною	у́стюжною
устюжну	у́стюжну
устюжны	у́стюжны
утесов	утёсов
утесова	утёсова
утесове	утёсове
утесовой	утёсовой
утесовою	утёсовою
утесову	утёсову
утесовы	утёсовы
утесовым	утёсовым
утесовыми	утёсовыми
утесовых	утёсовых
уткин	у́ткин
уткина	у́ткина
уткине	у́ткине
уткиной	у́ткиной
уткиною	у́ткиною
уткину	у́ткину
уткины	у́ткины
уткиным	у́ткиным
уткиными	у́ткиными
уткиных	у́ткиных
утрехт	у́трехт
утрехта	у́трехта
утрехте	у́трехте
утрехтом	у́трехтом
утрехту	у́трехту
уттар-прадеш	уттар-праде́ш
уттар-прадеша	уттар-праде́ша
уттар-прадеше	уттар-праде́ше
уттар-прадешем	уттар-праде́шем
уттар-прадешу	уттар-праде́шу
уфа	уфа́
уфе	уфе́
уфой	уфо́й
уфою	уфо́ю
уфу	уфу́
уфы	уфы́
ухане	уха́не
уханем	уха́нем
ухань	уха́нь
уханю	уха́ню
уханя	уха́ня
ушаков	ушако́в
ушакова	ушако́ва
ушакове	ушако́ве
ушаковой	ушако́вой
ушаковою	ушако́вою
ушакову	ушако́ву
ушаковы	ушако́вы
ушаковым	ушако́вым
ушаковыми	ушако́выми
ушаковых	ушако́вых
ушкова	ушко́ва
ушкове	ушко́ве
ушково	ушко́во
ушковом	ушко́вом
ушкову	ушко́ву
уэлен	уэле́н
уэлена	уэле́на
уэлене	уэле́не
уэленом	уэле́ном
уэлену	уэле́ну
уэллингтон	уэ́ллингтон
уэллингтона	уэ́ллингтона
уэллингтонам	уэ́ллингтонам
уэллингтонами	уэ́ллингтонами
уэллингтонах	уэ́ллингтонах
уэллингтоне	уэ́ллингтоне
уэллингтонов	уэ́ллингтонов
уэллингтоном	уэ́ллингтоном
уэллингтону	уэ́ллингтону
уэллингтоны	уэ́ллингтоны
уэлсли	уэ́лсли
уэльс	уэ́льс
уэльса	уэ́льса
уэльсе	уэ́льсе
уэльсом	уэ́льсом
уэльсу	уэ́льсу
уэсли	уэ́сли
фаберже	фаберже́
фадеев	фаде́ев
фадеева	фаде́ева
фадееве	фаде́еве
фадеевой	фаде́евой
фадеевою	фаде́евою
фадееву	фаде́еву
фадеевы	фаде́евы
фадеевым	фаде́евым
фадеевыми	фаде́евыми
фадеевых	фаде́евых
фазании	фаза́нии
фазания	фаза́ния
фаин	фаи́н
фаина	фаи́на
фаинам	фаи́нам
фаинами	фаи́нами
фаинах	фаи́нах
фаине	фаи́не
фаиной	фаи́ной
фаиною	фаи́ною
фаину	фаи́ну
фаины	фаи́ны
фалес	фале́с
фалеса	фале́са
фалесе	фале́се
фалесом	фале́сом
фалесу	фале́су
фараж	фа́раж
фаража	фа́ража
фаражам	фа́ражам
фаражами	фа́ражами
фаражах	фа́ражах
фараже	фа́раже
фаражей	фа́ражей
фаражем	фа́ражем
фаражи	фа́ражи
фаражу	фа́ражу
фарер	фаре́р
фарерам	фаре́рам
фарерами	фаре́рами
фарерах	фаре́рах
фареры	фаре́ры
фарид	фари́д
фарида	фари́да
фаридам	фари́дам
фаридами	фари́дами
фаридах	фари́дах
фариде	фари́де
фаридой	фари́дой
фаридою	фари́дою
фариду	фари́ду
фариды	фари́ды
фасмер	фа́смер
фасмера	фа́смера
фасмерам	фа́смерам
фасмерами	фа́смерами
фасмерах	фа́смерах
фасмере	фа́смере
фасмеров	фа́смеров
фасмером	фа́смером
фасмеру	фа́смеру
фасмеры	фа́смеры
фастов	фа́стов
фастова	фа́стова
фастове	фа́стове
фастовом	фа́стовом
фастову	фа́стову
фатеев	фате́ев
фатеева	фате́ева
фатееве	фате́еве
фатеевой	фате́евой
фатеевою	фате́евою
фатееву	фате́еву
фатеевы	фате́евы
фатеевым	фате́евым
фатеевыми	фате́евыми
фатеевых	фате́евых
фатим	фа́тим
фатима	фа́тима
фатимам	фа́тимам
фатимами	фа́тимами
фатимах	фа́тимах
фатиме	фа́тиме
фатимой	фа́тимой
фатимою	фа́тимою
фатиму	фа́тиму
фатимы	фа́тимы
фашингтон	фашингто́н
фашингтона	фашингто́на
фашингтонам	фашингто́нам
фашингтонами	фашингто́нами
фашингтонах	фашингто́нах
фашингтоне	фашингто́не
фашингтонов	фашингто́нов
фашингтоном	фашингто́ном
фашингтону	фашингто́ну
фашингтоны	фашингто́ны
фаэтон	фаэто́н
фаэтона	фаэто́на
фаэтоне	фаэто́не
фаэтоном	фаэто́ном
фаэтонт	фаэто́нт
фаэтону	фаэто́ну
феде	фе́де
федей	фе́дей
феденька	фе́денька
федерстон	фе́дерстон
федерстона	фе́дерстона
федерстонам	фе́дерстонам
федерстонами	фе́дерстонами
федерстонах	фе́дерстонах
федерстоне	фе́дерстоне
федерстонов	фе́дерстонов
федерстоном	фе́дерстоном
федерстону	фе́дерстону
федерстоны	фе́дерстоны
федею	фе́дею
феди	фе́ди
федор	фёдор
федора	фёдора
федорам	фёдорам
федорами	фёдорами
федорах	фёдорах
федоре	фёдоре
федоров	фёдоров
федорова	фёдорова
федорове	фёдорове
федоровой	фёдоровой
федоровою	фёдоровою
федорову	фёдорову
федоровы	фёдоровы
федоровым	фёдоровым
федоровыми	фёдоровыми
федоровых	фёдоровых
федорой	федо́рой
федором	фёдором
федорою	федо́рою
федору	фёдору
федоры	фёдоры
федька	фе́дька
федю	фе́дю
федя	фе́дя
федям	фе́дям
федями	фе́дями
федях	фе́дях
фейгин	фе́йгин
фейгина	фе́йгина
фейгине	фе́йгине
фейгиной	фе́йгиной
фейгиною	фе́йгиною
фейгину	фе́йгину
фейгины	фе́йгины
фейгиным	фе́йгиным
фейгиными	фе́йгиными
фейгиных	фе́йгиных
фекл	фёкл
фекла	фёкла
феклам	фёклам
феклами	фёклами
феклах	фёклах
фекле	фёкле
феклой	фёклой
феклою	фёклою
феклу	фёклу
феклы	фёклы
фельгенгауэр	фельгенга́уэр
фельгенгауэра	фельгенга́уэра
фельгенгауэрам	фельгенга́уэрам
фельгенгауэрами	фельгенга́уэрами
фельгенгауэрах	фельгенга́уэрах
фельгенгауэре	фельгенга́уэре
фельгенгауэров	фельгенга́уэров
фельгенгауэром	фельгенга́уэром
фельгенгауэру	фельгенга́уэру
фельгенгауэры	фельгенга́уэры
фельштинская	фельшти́нская
фельштинские	фельшти́нские
фельштинский	фельшти́нский
фельштинским	фельшти́нским
фельштинскими	фельшти́нскими
фельштинских	фельшти́нских
фельштинского	фельшти́нского
фельштинской	фельшти́нской
фельштинском	фельшти́нском
фельштинскому	фельшти́нскому
фельштинскою	фельшти́нскою
фельштинскую	фельшти́нскую
фемид	феми́д
фемида	феми́да
фемидам	феми́дам
фемидами	феми́дами
фемидах	феми́дах
фемиде	феми́де
фемидой	феми́дой
фемидою	феми́дою
фемиду	феми́ду
фемиды	феми́ды
феодор	фео́дор
феодосией	феодо́сией
феодосиею	феодо́сиею
феодосии	феодо́сии
феодосию	феодо́сию
феодосия	феодо́сия
фергюсон	фе́ргюсон
фергюсона	фе́ргюсона
фергюсонам	фе́ргюсонам
фергюсонами	фе́ргюсонами
фергюсонах	фе́ргюсонах
фергюсоне	фе́ргюсоне
фергюсонов	фе́ргюсонов
фергюсоном	фе́ргюсоном
фергюсону	фе́ргюсону
фергюсоны	фе́ргюсоны
фесенко	фесе́нко
фессалией	фесса́лией
фессалиею	фесса́лиею
фессалии	фесса́лии
фессалию	фесса́лию
фессалия	фесса́лия
фибоначчи	фибона́ччи
фивам	фи́вам
фивами	фи́вами
фивах	фи́вах
фивы	фи́вы
фиджи	фи́джи
филипов	фили́пов
филипова	фили́пова
филипове	фили́пове
филиповой	фили́повой
филиповою	фили́повою
филипову	фили́пову
филиповы	фили́повы
филиповым	фили́повым
филиповыми	фили́повыми
филиповых	фили́повых
филипп	фили́пп
филиппа	фили́ппа
филиппам	фили́ппам
филиппами	фили́ппами
филиппах	фили́ппах
филиппе	фили́ппе
филиппин	филиппи́н
филиппинам	филиппи́нам
филиппинами	филиппи́нами
филиппинах	филиппи́нах
филиппины	филиппи́ны
филиппов	фили́ппов
филиппова	фили́ппова
филиппове	фили́ппове
филипповой	фили́пповой
филипповою	фили́пповою
филиппову	фили́ппову
филипповы	фили́пповы
филипповым	фили́пповым
филипповыми	фили́пповыми
филипповых	фили́пповых
филиппом	фили́ппом
филиппу	фили́ппу
филиппы	фили́ппы
финляндией	финля́ндией
финляндиею	финля́ндиею
финляндии	финля́ндии
финляндию	финля́ндию
финляндия	финля́ндия
фишман	фи́шман
фишмана	фи́шмана
фишманам	фи́шманам
фишманами	фи́шманами
фишманах	фи́шманах
фишмане	фи́шмане
фишманов	фи́шманов
фишманом	фи́шманом
фишману	фи́шману
фишманы	фи́шманы
фламинием	флами́нием
фламинии	флами́нии
фламиний	флами́ний
фламинию	флами́нию
фламиния	флами́ния
фландрией	фла́ндрией
фландриею	фла́ндриею
фландрии	фла́ндрии
фландрий	фла́ндрий
фландрию	фла́ндрию
фландрия	фла́ндрия
фландриям	фла́ндриям
фландриями	фла́ндриями
фландриях	фла́ндриях
флеволанд	фле́воланд
флеволанда	фле́воланда
флеволанде	фле́воланде
флеволандом	фле́воландом
флеволанду	фле́воланду
флоренцией	флоре́нцией
флоренциею	флоре́нциею
флоренции	флоре́нции
флоренцию	флоре́нцию
флоренция	флоре́нция
флорестан	флореста́н
флорестана	флореста́на
флорестанам	флореста́нам
флорестанами	флореста́нами
флорестанах	флореста́нах
флорестане	флореста́не
флорестанов	флореста́нов
флорестаном	флореста́ном
флорестану	флореста́ну
флорестаны	флореста́ны
флорид	флори́д
флорида	флори́да
флоридам	флори́дам
флоридами	флори́дами
флоридах	флори́дах
флориде	флори́де
флоридой	флори́дой
флоридою	флори́дою
флориду	флори́ду
флориды	флори́ды
фокса	фо́кса
фоксам	фо́ксам
фоксами	фо́ксами
фоксах	фо́ксах
фоксе	фо́ксе
фоксов	фо́ксов
фоксом	фо́ксом
фоксу	фо́ксу
фоксы	фо́ксы
фолкнер	фо́лкнер
фолкнера	фо́лкнера
фолкнерам	фо́лкнерам
фолкнерами	фо́лкнерами
фолкнерах	фо́лкнерах
фолкнере	фо́лкнере
фолкнеров	фо́лкнеров
фолкнером	фо́лкнером
фолкнеру	фо́лкнеру
фолкнеры	фо́лкнеры
фома	фома́
фомам	фома́м
фомами	фома́ми
фомах	фома́х
фоме	фоме́
фомин	фоми́н
фомина	фомина́
фомине	фомине́
фоминична	фоми́нична
фоминой	фомино́й
фоминою	фомино́ю
фомину	фомину́
фомины	фомины́
фоминым	фомины́м
фомиными	фомины́ми
фоминых	фомины́х
фомич	фоми́ч
фомича	фоми́ча
фомичам	фоми́чам
фомичами	фоми́чами
фомичах	фоми́чах
фомиче	фоми́че
фомичей	фоми́чей
фомичем	фоми́чем
фомичи	фоми́чи
фомичу	фоми́чу
фомой	фомо́й
фомою	фомо́ю
фому	фому́
фомы	фомы́
фонарев	фонарёв
фонарева	фонарёва
фонареве	фонарёве
фонаревой	фонарёвой
фонаревою	фонарёвою
фонареву	фонарёву
фонаревы	фонарёвы
фонаревым	фонарёвым
фонаревыми	фонарёвыми
фонаревых	фонарёвых
форт-ворт	форт-во́рт
форт-ворта	форт-во́рта
форт-ворте	форт-во́рте
форт-вортом	форт-во́ртом
форт-ворту	форт-во́рту
фортунат	фортуна́т
фортуната	фортуна́та
фортунате	фортуна́те
фортунатом	фортуна́том
фортунату	фортуна́ту
фортюне	фортюне́
франклин	фра́нклин
франклина	фра́нклина
франклинам	фра́нклинам
франклинами	фра́нклинами
франклинах	фра́нклинах
франклине	фра́нклине
франклинов	фра́нклинов
франклином	фра́нклином
франклину	фра́нклину
франклины	фра́нклины
франконией	франко́нией
франкониею	франко́ниею
франконии	франко́нии
франконию	франко́нию
франкония	франко́ния
франкфурт	фра́нкфурт
франкфурта	фра́нкфурта
франкфуртам	фра́нкфуртам
франкфуртами	фра́нкфуртами
франкфуртах	фра́нкфуртах
франкфурте	фра́нкфурте
франкфуртов	фра́нкфуртов
франкфуртом	фра́нкфуртом
франкфурту	фра́нкфурту
франкфурты	фра́нкфурты
францией	фра́нцией
франциею	фра́нциею
франции	фра́нции
франциск	франци́ск
франциска	франци́ска
францискам	франци́скам
францисками	франци́сками
францисках	франци́сках
франциске	франци́ске
франциски	франци́ски
францисков	франци́сков
франциском	франци́ском
франциску	франци́ску
францию	фра́нцию
франция	фра́нция
франьо	фра́ньо
фредди	фре́дди
фрейзер	фре́йзер
фрейзера	фре́йзера
фрейзерам	фре́йзерам
фрейзерами	фре́йзерами
фрейзерах	фре́йзерах
фрейзере	фре́йзере
фрейзеров	фре́йзеров
фрейзером	фре́йзером
фрейзеру	фре́йзеру
фрейзеры	фре́йзеры
френкеле	фре́нкеле
френкелей	фре́нкелей
френкелем	фре́нкелем
френкели	фре́нкели
френкель	фре́нкель
френкелю	фре́нкелю
френкеля	фре́нкеля
френкелям	фре́нкелям
френкелями	фре́нкелями
френкелях	фре́нкелях
фригией	фри́гией
фригиею	фри́гиею
фригии	фри́гии
фригию	фри́гию
фригия	фри́гия
фридман	фри́дман
фридмана	фри́дмана
фридманам	фри́дманам
фридманами	фри́дманами
фридманах	фри́дманах
фридмане	фри́дмане
фридманов	фри́дманов
фридманом	фри́дманом
фридману	фри́дману
фридманы	фри́дманы
фрисландией	фрисла́ндией
фрисландиею	фрисла́ндиею
фрисландии	фрисла́ндии
фрисландию	фрисла́ндию
фрисландия	фрисла́ндия
фритаун	фрита́ун
фритауна	фрита́уна
фритауне	фрита́уне
фритауном	фрита́уном
фритауну	фрита́уну
фриуль	фриу́ль
фрунзе	фру́нзе
фукуи	фуку́и
фукуока	фукуо́ка
фукусима	фукуси́ма
фукусиме	фукуси́ме
фукусимой	фукуси́мой
фукусимою	фукуси́мою
фукусиму	фукуси́му
фукусимы	фукуси́мы
фунафути	фунафу́ти
футю	футю́
фуцзяне	фуцзя́не
фуцзянем	фуцзя́нем
фуцзянь	фуцзя́нь
фуцзяню	фуцзя́ню
фуцзяня	фуцзя́ня
фэллон	фэ́ллон
фэллона	фэ́ллона
фэллонам	фэ́ллонам
фэллонами	фэ́ллонами
фэллонах	фэ́ллонах
фэллоне	фэ́ллоне
фэллонов	фэ́ллонов
фэллоном	фэ́ллоном
фэллону	фэ́ллону
фэллоны	фэ́ллоны
хабар	ха́бар
хабара	ха́бара
хабаровск	хаба́ровск
хабаровска	хаба́ровска
хабаровске	хаба́ровске
хабаровском	хаба́ровском
хабаровску	хаба́ровску
хабермас	ха́бермас
хабермаса	ха́бермаса
хабермасам	ха́бермасам
хабермасами	ха́бермасами
хабермасах	ха́бермасах
хабермасе	ха́бермасе
хабермасов	ха́бермасов
хабермасом	ха́бермасом
хабермасу	ха́бермасу
хабермасы	ха́бермасы
хабомаи	хабома́и
хабэс	ха́бэс
хава	ха́ва
хавам	ха́вам
хавами	ха́вами
хавах	ха́вах
хаве	ха́ве
хавой	ха́вой
хавою	ха́вою
хаву	ха́ву
хавы	ха́вы
хагатна	хага́тна
хагатне	хага́тне
хагатной	хага́тной
хагатною	хага́тною
хагатну	хага́тну
хагатны	хага́тны
хайдарабад	хайдараба́д
хайдарабада	хайдараба́да
хайдарабадам	хайдараба́дам
хайдарабадами	хайдараба́дами
хайдарабадах	хайдараба́дах
хайдарабаде	хайдараба́де
хайдарабадов	хайдараба́дов
хайдарабадом	хайдараба́дом
хайдарабаду	хайдараба́ду
хайдарабады	хайдараба́ды
хайле	ха́йле
хайлей	ха́йлей
хайлем	ха́йлем
хайли	ха́йли
хайлю	ха́йлю
хайля	ха́йля
хайлям	ха́йлям
хайлями	ха́йлями
хайлях	ха́йлях
хайнане	хайна́не
хайнанем	хайна́нем
хайнань	хайна́нь
хайнаню	хайна́ню
хайнаня	хайна́ня
хакасией	хака́сией
хакасиею	хака́сиею
хакасии	хака́сии
хакасию	хака́сию
хакасия	хака́сия
хакодате	хакода́те
хаксли	ха́ксли
халха	халха́
халхе	халхе́
халхи	халхи́
халхой	халхо́й
халхою	халхо́ю
халху	халху́
хама	ха́ма
хамас	хама́с
хамаса	хама́са
хамасе	хама́се
хамасом	хама́сом
хамасу	хама́су
хаме	ха́ме
хаменеи	хаменеи́
хаммаршельд	хаммарше́льд
хаммаршельда	хаммарше́льда
хаммаршельдам	хаммарше́льдам
хаммаршельдами	хаммарше́льдами
хаммаршельдах	хаммарше́льдах
хаммаршельде	хаммарше́льде
хаммаршельдов	хаммарше́льдов
хаммаршельдом	хаммарше́льдом
хаммаршельду	хаммарше́льду
хаммаршельды	хаммарше́льды
хаммер	ха́ммер
хаммера	ха́ммера
хаммерам	ха́ммерам
хаммерами	ха́ммерами
хаммерах	ха́ммерах
хаммере	ха́ммере
хаммеров	ха́ммеров
хаммером	ха́ммером
хаммеру	ха́ммеру
хаммеры	ха́ммеры
хамом	ха́мом
хаму	ха́му
ханджян	ханджя́н
ханджяна	ханджя́на
ханджянам	ханджя́нам
ханджянами	ханджя́нами
ханджянах	ханджя́нах
ханджяне	ханджя́не
ханджянов	ханджя́нов
ханджяном	ханджя́ном
ханджяну	ханджя́ну
ханджяны	ханджя́ны
ханое	хано́е
ханоем	хано́ем
ханой	хано́й
ханою	хано́ю
ханоя	хано́я
ханса	ха́нса
хансам	ха́нсам
хансами	ха́нсами
хансах	ха́нсах
хансе	ха́нсе
хансов	ха́нсов
хансом	ха́нсом
хансу	ха́нсу
хансы	ха́нсы
ханты-мансийск	ханты-манси́йск
ханты-мансийска	ханты-манси́йска
ханты-мансийске	ханты-манси́йске
ханты-мансийском	ханты-манси́йском
ханты-мансийску	ханты-манси́йску
ханук	ха́нук
ханука	ха́нука
ханукам	ха́нукам
хануками	ха́нуками
хануках	ха́нуках
хануке	ха́нуке
хануки	ха́нуки
ханукой	ха́нукой
ханукою	ха́нукою
хануку	ха́нуку
ханчжоу	ханчжо́у
хараре	хара́ре
харатьян	харатья́н
харатьяна	харатья́на
харатьянам	харатья́нам
харатьянами	харатья́нами
харатьянах	харатья́нах
харатьяне	харатья́не
харатьянов	харатья́нов
харатьяном	харатья́ном
харатьяну	харатья́ну
харатьяны	харатья́ны
харбин	харби́н
харбина	харби́на
харбине	харби́не
харбином	харби́ном
харбину	харби́ну
харитон	харито́н
харитона	харито́на
харитонам	харито́нам
харитонами	харито́нами
харитонах	харито́нах
харитоне	харито́не
харитонов	харито́нов
харитонова	харито́нова
харитонове	харито́нове
харитоновой	харито́новой
харитоновою	харито́новою
харитонову	харито́нову
харитоновы	харито́новы
харитоновым	харито́новым
харитоновыми	харито́новыми
харитоновых	харито́новых
харитоном	харито́ном
харитону	харито́ну
харитоны	харито́ны
харламов	харла́мов
харламова	харла́мова
харламове	харла́мове
харламовой	харла́мовой
харламовою	харла́мовою
харламову	харла́мову
харламовы	харла́мовы
харламовым	харла́мовым
харламовыми	харла́мовыми
харламовых	харла́мовых
харлем	ха́рлем
харлема	ха́рлема
харлеме	ха́рлеме
харлемом	ха́рлемом
харлему	ха́рлему
харрис	ха́ррис
харриса	ха́рриса
харрисам	ха́ррисам
харрисами	ха́ррисами
харрисах	ха́ррисах
харрисе	ха́ррисе
харрисов	ха́ррисов
харрисом	ха́ррисом
харрису	ха́ррису
харрисы	ха́ррисы
хартум	харту́м
хартума	харту́ма
хартуме	харту́ме
хартумом	харту́мом
хартуму	харту́му
харьков	ха́рьков
харькова	ха́рькова
харькове	ха́рькове
харьковом	ха́рьковом
харькову	ха́рькову
хатидзе	хатидзё
хацет	хаце́т
хацета	хаце́та
хацетам	хаце́там
хацетами	хаце́тами
хацетах	хаце́тах
хацете	хаце́те
хацетов	хаце́тов
хацетом	хаце́том
хацету	хаце́ту
хацеты	хаце́ты
хачанов	хача́нов
хачанова	хача́нова
хачанове	хача́нове
хачановой	хача́новой
хачановою	хача́новою
хачанову	хача́нову
хачановы	хача́новы
хачановым	хача́новым
хачановыми	хача́новыми
хачановых	хача́новых
хачатурян	хачатуря́н
хачатуряна	хачатуря́на
хачатурянам	хачатуря́нам
хачатурянами	хачатуря́нами
хачатурянах	хачатуря́нах
хачатуряне	хачатуря́не
хачатурянов	хачатуря́нов
хачатуряном	хачатуря́ном
хачатуряну	хачатуря́ну
хачатуряны	хачатуря́ны
хезбалла	хезбалла́
хезбалле	хезбалле́
хезбаллой	хезбалло́й
хезбаллою	хезбалло́ю
хезбаллу	хезбаллу́
хезбаллы	хезбаллы́
хезболла	хезболла́
хезболлах	хезболла́х
хезболле	хезболле́
хезболлой	хезболло́й
хезболлою	хезболло́ю
хезболлу	хезболлу́
хезболлы	хезболлы́
хеллоуин	хеллоуи́н
хеллоуина	хеллоуи́на
хеллоуине	хеллоуи́не
хеллоуином	хеллоуи́ном
хеллоуину	хеллоуи́ну
хельсинки	хе́льсинки
хема	хе́ма
хемниц	хе́мниц
хемница	хе́мница
хемнице	хе́мнице
хемницем	хе́мницем
хемницу	хе́мницу
хемы	хе́мы
хендерсон	хе́ндерсон
хендерсона	хе́ндерсона
хендерсонам	хе́ндерсонам
хендерсонами	хе́ндерсонами
хендерсонах	хе́ндерсонах
хендерсоне	хе́ндерсоне
хендерсонов	хе́ндерсонов
хендерсоном	хе́ндерсоном
хендерсону	хе́ндерсону
хендерсоны	хе́ндерсоны
хенерсон	хе́нерсон
хенерсона	хе́нерсона
хенерсонам	хе́нерсонам
хенерсонами	хе́нерсонами
хенерсонах	хе́нерсонах
хенерсоне	хе́нерсоне
хенерсонов	хе́нерсонов
хенерсоном	хе́нерсоном
хенерсону	хе́нерсону
хенерсоны	хе́нерсоны
хенсон	хе́нсон
хенсона	хе́нсона
хенсонам	хе́нсонам
хенсонами	хе́нсонами
хенсонах	хе́нсонах
хенсоне	хе́нсоне
хенсонов	хе́нсонов
хенсоном	хе́нсоном
хенсону	хе́нсону
хенсоны	хе́нсоны
херлен	хе́рлен
херлена	хе́рлена
херлене	хе́рлене
херленом	хе́рленом
херлену	хе́рлену
херсон	херсо́н
херсона	херсо́на
херсоне	херсо́не
херсоном	херсо́ном
херсону	херсо́ну
хертогенбос	хе́ртогенбос
хертогенбоса	хе́ртогенбоса
хертогенбосе	хе́ртогенбосе
хертогенбосом	хе́ртогенбосом
хертогенбосу	хе́ртогенбосу
хизбалла	хизбалла́
хиле	хи́ле
хилей	хи́лей
хилем	хи́лем
хили	хи́ли
хилон	хило́н
хилона	хило́на
хилоне	хило́не
хилоном	хило́ном
хилону	хило́ну
хилю	хи́лю
хиля	хи́ля
хилям	хи́лям
хилями	хи́лями
хилях	хи́лях
хино	хи́но
хиого	хио́го
хиос	хи́ос
хиоса	хи́оса
хиосе	хи́осе
хиосом	хи́осом
хиосу	хи́осу
хирадо	хира́до
хиросаки	хиро́саки
хиросима	хироси́ма
хиросиме	хироси́ме
хиросимой	хироси́мой
хиросимою	хироси́мою
хиросиму	хироси́му
хиросимы	хироси́мы
хияма	хия́ма
хлебников	хле́бников
хлебникова	хле́бникова
хлебникове	хле́бникове
хлебниковой	хле́бниковой
хлебниковою	хле́бниковою
хлебникову	хле́бникову
хлебниковы	хле́бниковы
хлебниковым	хле́бниковым
хлебниковыми	хле́бниковыми
хлебниковых	хле́бниковых
хлодвиг	хло́двиг
хлодвига	хло́двига
хлодвигам	хло́двигам
хлодвигами	хло́двигами
хлодвигах	хло́двигах
хлодвиге	хло́двиге
хлодвиги	хло́двиги
хлодвигов	хло́двигов
хлодвигом	хло́двигом
хлодвигу	хло́двигу
хмельник	хмельни́к
хмельника	хмельни́ка
хмельнике	хмельни́ке
хмельником	хмельни́ком
хмельнику	хмельни́ку
хмельницкая	хмельни́цкая
хмельницкие	хмельни́цкие
хмельницкий	хмельни́цкий
хмельницким	хмельни́цким
хмельницкими	хмельни́цкими
хмельницких	хмельни́цких
хмельницкого	хмельни́цкого
хмельницкой	хмельни́цкой
хмельницком	хмельни́цком
хмельницкому	хмельни́цкому
хмельницкою	хмельни́цкою
хмельницкую	хмельни́цкую
хобарт	хо́барт
хобарта	хо́барта
хобарте	хо́барте
хобартом	хо́бартом
хобарту	хо́барту
хоббса	хо́ббса
хоббсам	хо́ббсам
хоббсами	хо́ббсами
хоббсах	хо́ббсах
хоббсе	хо́ббсе
хоббсов	хо́ббсов
хоббсом	хо́ббсом
хоббсу	хо́ббсу
хоббсы	хо́ббсы
хованская	хова́нская
хованские	хова́нские
хованский	хова́нский
хованским	хова́нским
хованскими	хова́нскими
хованских	хова́нских
хованского	хова́нского
хованской	хова́нской
хованском	хова́нском
хованскому	хова́нскому
хованскою	хова́нскою
хованскую	хова́нскую
ходорковская	ходорко́вская
ходорковские	ходорко́вские
ходорковский	ходорко́вский
ходорковским	ходорко́вским
ходорковскими	ходорко́вскими
ходорковских	ходорко́вских
ходорковского	ходорко́вского
ходорковской	ходорко́вской
ходорковском	ходорко́вском
ходорковскому	ходорко́вскому
ходорковскою	ходорко́вскою
ходорковскую	ходорко́вскую
хоккайдо	хокка́йдо
хокуто	хо́куто
холли	хо́лли
холодов	хо́лодов
холодова	хо́лодова
холодове	хо́лодове
холодовой	хо́лодовой
холодовою	хо́лодовою
холодову	хо́лодову
холодовы	хо́лодовы
холодовым	хо́лодовым
холодовыми	хо́лодовыми
холодовых	хо́лодовых
холокост	холоко́ст
холокоста	холоко́ста
холокосте	холоко́сте
холокостом	холоко́стом
холокосту	холоко́сту
хомса	хо́мса
хомсе	хо́мсе
хомсом	хо́мсом
хомсу	хо́мсу
хонда	хо́нда
хониара	хониа́ра
хониаре	хониа́ре
хониарой	хониа́рой
хониарою	хониа́рою
хониару	хониа́ру
хониары	хониа́ры
хонсю	хонсю́
хорасан	хораса́н
хорасана	хораса́на
хорасане	хораса́не
хорасаном	хораса́ном
хорасану	хораса́ну
хорватией	хорва́тией
хорватиею	хорва́тиею
хорватии	хорва́тии
хорватию	хорва́тию
хорватия	хорва́тия
хотетов	хо́тетов
хотетово	хоте́тово
хотетовой	хоте́товой
хотетовою	хоте́товою
хотетовская	хотето́вская
хотетовские	хотето́вские
хотетовский	хотето́вский
хотетовским	хотето́вским
хотетовскими	хотето́вскими
хотетовских	хотето́вских
хотетовского	хотето́вского
хотетовской	хотето́вской
хотетовском	хотето́вском
хотетовскому	хотето́вскому
хотетовскою	хотето́вскою
хотетовскую	хотето́вскую
хотетовы	хоте́товы
хохлов	хохло́в
хохлова	хохло́ва
хохлове	хохло́ве
хохловой	хохло́вой
хохловою	хохло́вою
хохлову	хохло́ву
хохловы	хохло́вы
хохловым	хохло́вым
хохловыми	хохло́выми
хохловых	хохло́вых
хохлостан	хохлоста́н
хохлостана	хохлоста́на
хохлостанам	хохлоста́нам
хохлостанами	хохлоста́нами
хохлостанах	хохлоста́нах
хохлостане	хохлоста́не
хохлостанов	хохлоста́нов
хохлостаном	хохлоста́ном
хохлостану	хохлоста́ну
хохлостаны	хохлоста́ны
хохляндией	хохля́ндией
хохляндиею	хохля́ндиею
хохляндии	хохля́ндии
хохляндию	хохля́ндию
хохляндия	хохля́ндия
хошимин	хошими́н
хошимина	хошими́на
хошимине	хошими́не
хошимином	хошими́ном
хошимину	хошими́ну
христа	христа́
христам	христа́м
христами	христа́ми
христах	христа́х
христе	христе́
христин	христи́н
христина	христи́на
христинам	христи́нам
христинами	христи́нами
христинах	христи́нах
христине	христи́не
христиной	христи́ной
христиною	христи́ною
христину	христи́ну
христины	христи́ны
христов	христо́в
христом	христо́м
христос	христо́с
христу	христу́
христы	христы́
хромых	хромы́х
хрущев	хрущёв
хрущева	хрущёва
хрущеве	хрущёве
хрущевой	хрущёвой
хрущевою	хрущёвою
хрущеву	хрущёву
хрущевы	хрущёвы
хрущевым	хрущёвым
хрущевыми	хрущёвыми
хрущевых	хрущёвых
хуанхэ	хуанхэ́
хубэе	хубэ́е
хубэем	хубэ́ем
хубэй	хубэ́й
хубэю	хубэ́ю
хубэя	хубэ́я
хувентуд	хувенту́д
хувентуда	хувенту́да
хувентуде	хувенту́де
хувентудом	хувенту́дом
хувентуду	хувенту́ду
худжанд	худжа́нд
худжанда	худжа́нда
худжанде	худжа́нде
худжандом	худжа́ндом
худжанду	худжа́нду
худик	ху́дик
худика	ху́дика
худикам	ху́дикам
худиками	ху́диками
худиках	ху́диках
худике	ху́дике
худики	ху́дики
худиков	ху́диков
худиком	ху́диком
худику	ху́дику
хуйлостан	хуйлоста́н
хуйлостана	хуйлоста́на
хуйлостане	хуйлоста́не
хуйлостаном	хуйлоста́ном
хуйлостану	хуйлоста́ну
хунане	хуна́не
хунанем	хуна́нем
хунань	хуна́нь
хунаню	хуна́ню
хунаня	хуна́ня
хуста	ху́ста
хусте	ху́сте
хустом	ху́стом
хусту	ху́сту
хух-хото	хух-хо́то
хухэхаотэ	хухэхаотэ́
хьюберт	хью́берт
хьюберта	хью́берта
хьюбертам	хью́бертам
хьюбертами	хью́бертами
хьюбертах	хью́бертах
хьюберте	хью́берте
хьюбертов	хью́бертов
хьюбертом	хью́бертом
хьюберту	хью́берту
хьюберты	хью́берты
хэбэе	хэбэ́е
хэбэем	хэбэ́ем
хэбэй	хэбэ́й
хэбэю	хэбэ́ю
хэбэя	хэбэ́я
хэйлунцзян	хэйлунцзя́н
хэйлунцзяна	хэйлунцзя́на
хэйлунцзяне	хэйлунцзя́не
хэйлунцзяном	хэйлунцзя́ном
хэйлунцзяну	хэйлунцзя́ну
хэллоуин	хэллоуи́н
хэллоуина	хэллоуи́на
хэллоуине	хэллоуи́не
хэллоуином	хэллоуи́ном
хэллоуину	хэллоуи́ну
хэнане	хэна́не
хэнанем	хэна́нем
хэнань	хэна́нь
хэнаню	хэна́ню
хэнаня	хэна́ня
царев	царёв
царева	царёва
цареве	царёве
царевой	царёвой
царевою	царёвою
цареву	царёву
царевы	царёвы
царевым	царёвым
царевыми	царёвыми
царевых	царёвых
цареград	царегра́д
цареграде	царегра́де
царемградом	царёмгра́дом
царин	ца́рин
царина	ца́рина
царине	ца́рине
цариной	ца́риной
цариною	ца́риною
царину	ца́рину
царины	ца́рины
цариным	ца́риным
цариными	ца́риными
цариных	ца́риных
царицын	цари́цын
царицына	цари́цына
царицыне	цари́цыне
царицыной	цари́цыной
царицыном	цари́цыном
царицыною	цари́цыною
царицыну	цари́цыну
царицыны	цари́цыны
царицыным	цари́цыным
царицыными	цари́цыными
царицыных	цари́цыных
царьград	царьгра́д
царьграда	царьгра́да
царьграде	царьгра́де
царьградом	царьгра́дом
царьграду	царьгра́ду
царюграду	царюгра́ду
царяграда	царягра́да
цахкадзор	цахкадзо́р
цахкадзора	цахкадзо́ра
цахкадзоре	цахкадзо́ре
цахкадзором	цахкадзо́ром
цахкадзору	цахкадзо́ру
цветаев	цвета́ев
цветаева	цвета́ева
цветаеве	цвета́еве
цветаевой	цвета́евой
цветаевою	цвета́евою
цветаеву	цвета́еву
цветаевы	цвета́евы
цветаевым	цвета́евым
цветаевыми	цвета́евыми
цветаевых	цвета́евых
цветков	цветко́в
цветкова	цветко́ва
цветкове	цветко́ве
цветковой	цветко́вой
цветковою	цветко́вою
цветкову	цветко́ву
цветковы	цветко́вы
цветковым	цветко́вым
цветковыми	цветко́выми
цветковых	цветко́вых
цветов	цве́тов
цветова	цве́това
цветове	цве́тове
цветовой	цве́товой
цветовою	цве́товою
цветову	цве́тову
цветовы	цве́товы
цветовым	цве́товым
цветовыми	цве́товыми
цветовых	цве́товых
цеевропа	цеевро́па
цеевропе	цеевро́пе
цеевропой	цеевро́пой
цеевропою	цеевро́пою
цеевропу	цеевро́пу
цеевропы	цеевро́пы
цезаре	це́заре
цезарей	це́зарей
цезарем	це́зарем
цезари	це́зари
цезарь	це́зарь
цезарю	це́зарю
цезаря	це́заря
цезарям	це́зарям
цезарями	це́зарями
цезарях	це́зарях
цейлон	цейло́н
цейлона	цейло́на
цейлоне	цейло́не
цейлоном	цейло́ном
цейлону	цейло́ну
цельсиев	це́льсиев
цельсием	це́льсием
цельсии	це́льсии
цельсий	це́льсий
цельсию	це́льсию
цельсия	це́льсия
цельсиям	це́льсиям
цельсиями	це́льсиями
цельсиях	це́льсиях
церера	цере́ра
церере	цере́ре
церерой	цере́рой
церерою	цере́рою
цереру	цере́ру
цереры	цере́ры
цеткин	це́ткин
цеткина	це́ткина
цеткинам	це́ткинам
цеткинами	це́ткинами
цеткинах	це́ткинах
цеткине	це́ткине
цеткинов	це́ткинов
цеткином	це́ткином
цеткину	це́ткину
цеткины	це́ткины
цзилине	цзили́не
цзилинем	цзили́нем
цзилинь	цзили́нь
цзилиню	цзили́ню
цзилиня	цзили́ня
цзянси	цзянси́
цзянсу	цзянсу́
цина	ци́на
цинам	ци́нам
цинами	ци́нами
цинах	ци́нах
циндао	цинда́о
цине	ци́не
цинов	ци́нов
цином	ци́ном
цину	ци́ну
цинхае	цинха́е
цинхаем	цинха́ем
цинхай	цинха́й
цинхаю	цинха́ю
цинхая	цинха́я
цинциннати	цинцинна́ти
цины	ци́ны
циолковская	циолко́вская
циолковские	циолко́вские
циолковский	циолко́вский
циолковским	циолко́вским
циолковскими	циолко́вскими
циолковских	циолко́вских
циолковского	циолко́вского
циолковской	циолко́вской
циолковском	циолко́вском
циолковскому	циолко́вскому
циолковскою	циолко́вскою
циолковскую	циолко́вскую
цицерон	цицеро́н
цицерона	цицеро́на
цицероне	цицеро́не
цицероном	цицеро́ном
цицерону	цицеро́ну
цое	цо́е
цоев	цо́ев
цоем	цо́ем
цои	цо́и
цолак	цола́к
цолака	цола́ка
цолакам	цола́кам
цолаками	цола́ками
цолаках	цола́ках
цолаке	цола́ке
цолаки	цола́ки
цолаков	цола́ков
цолаком	цола́ком
цолаку	цола́ку
цою	цо́ю
цоя	цо́я
цоям	цо́ям
цоями	цо́ями
цоях	цо́ях
црвенковская	црве́нковская
црвенковские	црве́нковские
црвенковский	црве́нковский
црвенковских	црве́нковских
црвенковского	црве́нковского
црвенкоская	црве́нкоская
црвенкоские	црве́нкоские
црвенкоский	црве́нкоский
црвенкоских	црве́нкоских
црвенкоского	црве́нкоского
цхинвал	цхинва́л
цхинвала	цхинва́ла
цхинвале	цхинва́ле
цхинвали	цхинва́ли
цхинвалом	цхинва́лом
цхинвалу	цхинва́лу
цыбигон	цыбиго́н
цыганенко	цыгане́нко
цыренов	цыре́нов
цыренова	цыре́нова
цыренове	цыре́нове
цыреновой	цыре́новой
цыреновою	цыре́новою
цыренову	цыре́нову
цыреновы	цыре́новы
цыреновым	цыре́новым
цыреновыми	цыре́новыми
цыреновых	цыре́новых
цюрих	цю́рих
цюриха	цю́риха
цюрихе	цю́рихе
цюрихом	цю́рихом
цюриху	цю́риху
чаадаев	чаада́ев
чаадаева	чаада́ева
чаадаеве	чаада́еве
чаадаевой	чаада́евой
чаадаевою	чаада́евою
чаадаеву	чаада́еву
чаадаевы	чаада́евы
чаадаевым	чаада́евым
чаадаевыми	чаада́евыми
чаадаевых	чаада́евых
чаво	чаво́
чада	ча́да
чаде	ча́де
чадом	ча́дом
чаду	ча́ду
чайковскаго	чайко́вскаго
чайковская	чайко́вская
чайковские	чайко́вские
чайковский	чайко́вский
чайковским	чайко́вским
чайковскими	чайко́вскими
чайковских	чайко́вских
чайковского	чайко́вского
чайковской	чайко́вской
чайковском	чайко́вском
чайковскому	чайко́вскому
чайковскою	чайко́вскою
чайковскую	чайко́вскую
чамбарак	чамбара́к
чамбарака	чамбара́ка
чамбараке	чамбара́ке
чамбараком	чамбара́ком
чамбараку	чамбара́ку
чанаккале	чанаккале́
чанаккалем	чанаккале́м
чанаккалю	чанаккалю́
чанаккаля	чанаккаля́
чандра	ча́ндра
чандры	ча́ндры
чанчуне	чанчу́не
чанчунем	чанчу́нем
чанчунь	чанчу́нь
чанчуню	чанчу́ню
чанчуня	чанчу́ня
чанша	чанша́
чанше	чанше́
чанши	чанши́
чаншой	чаншо́й
чаншою	чаншо́ю
чаншу	чаншу́
чанышев	ча́нышев
чанышева	ча́нышева
чанышеве	ча́нышеве
чанышевой	ча́нышевой
чанышевою	ча́нышевою
чанышеву	ча́нышеву
чанышевы	ча́нышевы
чанышевым	ча́нышевым
чанышевыми	ча́нышевыми
чанышевых	ча́нышевых
чапаев	чапа́ев
чапаева	чапа́ева
чапаеве	чапа́еве
чапаевой	чапа́евой
чапаевою	чапа́евою
чапаеву	чапа́еву
чапаевы	чапа́евы
чапаевым	чапа́евым
чапаевыми	чапа́евыми
чапаевых	чапа́евых
чаренцаван	чаренцава́н
чаренцавана	чаренцава́на
чаренцаване	чаренцава́не
чаренцаваном	чаренцава́ном
чаренцавану	чаренцава́ну
чарлсон	ча́рлсон
чарлсона	ча́рлсона
чарлсонам	ча́рлсонам
чарлсонами	ча́рлсонами
чарлсонах	ча́рлсонах
чарлсоне	ча́рлсоне
чарлсонов	ча́рлсонов
чарлсоном	ча́рлсоном
чарлсону	ча́рлсону
чарлсоны	ча́рлсоны
чатлахистан	чатлахиста́н
чатлахистана	чатлахиста́на
чатлахистанам	чатлахиста́нам
чатлахистанами	чатлахиста́нами
чатлахистанах	чатлахиста́нах
чатлахистане	чатлахиста́не
чатлахистанов	чатлахиста́нов
чатлахистаном	чатлахиста́ном
чатлахистану	чатлахиста́ну
чатлахистаны	чатлахиста́ны
чатлахостан	чатлахоста́н
чатлахостана	чатлахоста́на
чатлахостанам	чатлахоста́нам
чатлахостанами	чатлахоста́нами
чатлахостанах	чатлахоста́нах
чатлахостане	чатлахоста́не
чатлахостанов	чатлахоста́нов
чатлахостаном	чатлахоста́ном
чатлахостану	чатлахоста́ну
чатлахостаны	чатлахоста́ны
чаушеску	чауше́ску
чебатуркин	чебату́ркин
чебатуркина	чебату́ркина
чебатуркине	чебату́ркине
чебатуркину	чебату́ркину
чебатуркины	чебату́ркины
чебатуркиным	чебату́ркиным
чебатуркиными	чебату́ркиными
чебатуркиных	чебату́ркиных
чебоксар	чебокса́р
чебоксарам	чебокса́рам
чебоксарами	чебокса́рами
чебоксарах	чебокса́рах
чебоксары	чебокса́ры
чебурашек	чебура́шек
чебурашка	чебура́шка
чебурашкам	чебура́шкам
чебурашками	чебура́шками
чебурашках	чебура́шках
чебурашке	чебура́шке
чебурашки	чебура́шки
чебурашкой	чебура́шкой
чебурашкою	чебура́шкою
чебурашку	чебура́шку
чеджудо	чеджудо́
чейза	че́йза
чейзам	че́йзам
чейзами	че́йзами
чейзах	че́йзах
чейзе	че́йзе
чейзов	че́йзов
чейзом	че́йзом
чейзу	че́йзу
чейзы	че́йзы
чейса	че́йса
чейсам	че́йсам
чейсами	че́йсами
чейсах	че́йсах
чейсе	че́йсе
чейсов	че́йсов
чейсом	че́йсом
чейсу	че́йсу
чейсы	че́йсы
чека	чека́
челябинск	челя́бинск
челябинска	челя́бинска
челябинске	челя́бинске
челябинском	челя́бинском
челябинску	челя́бинску
ченду	ченду́
ченнаи	ченна́и
ченстохова	ченстохо́ва
ченстохове	ченстохо́ве
ченстоховой	ченстохо́вой
ченстоховою	ченстохо́вою
ченстохову	ченстохо́ву
ченстоховы	ченстохо́вы
червоноград	червоногра́д
червонограда	червоногра́да
червонограде	червоногра́де
червоноградом	червоногра́дом
червонограду	червоногра́ду
червочкин	черво́чкин
червочкина	черво́чкина
червочкине	черво́чкине
червочкиной	черво́чкиной
червочкиною	черво́чкиною
червочкину	черво́чкину
червочкины	черво́чкины
червочкиным	черво́чкиным
червочкиными	черво́чкиными
червочкиных	черво́чкиных
черкасов	черка́сов
черкасова	черка́сова
черкасове	черка́сове
черкасовой	черка́совой
черкасовою	черка́совою
черкасову	черка́сову
черкасовы	черка́совы
черкасовым	черка́совым
черкасовыми	черка́совыми
черкасовых	черка́совых
черкасс	черка́сс
черкассам	черка́ссам
черкассами	черка́ссами
черкассах	черка́ссах
черкассы	черка́ссы
черкесск	черке́сск
черкесска	черке́сска
черкесске	черке́сске
черкесском	черке́сском
черкесску	черке́сску
черненко	черне́нко
чернигов	черни́гов
чернигова	черни́гова
чернигове	черни́гове
черниговом	черни́говом
чернигову	черни́гову
чернобыле	черно́быле
чернобылей	черно́былей
чернобылем	черно́былем
чернобыли	черно́были
чернобыль	черно́быль
чернобылю	черно́былю
чернобыля	черно́быля
чернобылям	черно́былям
чернобылями	черно́былями
чернобылях	черно́былях
чернов	черно́в
чернова	черно́ва
чернове	черно́ве
черновой	черно́вой
черновою	черно́вою
чернову	черно́ву
черновцам	черновца́м
черновцами	черновца́ми
черновцах	черновца́х
черновцов	черновцо́в
черновцы	черновцы́
черновы	черно́вы
черновым	черно́вым
черновыми	черно́выми
черновых	черно́вых
черногорией	черного́рией
черногориею	черного́риею
черногории	черного́рии
черногорию	черного́рию
черногория	черного́рия
черноморье	черномо́рье
черноморьем	черномо́рьем
черноморью	черномо́рью
черноморья	черномо́рья
черномырдин	черномы́рдин
черномырдина	черномы́рдина
черномырдине	черномы́рдине
черномырдиной	черномы́рдиной
черномырдиною	черномы́рдиною
черномырдину	черномы́рдину
черномырдины	черномы́рдины
черномырдиным	черномы́рдиным
черномырдиными	черномы́рдиными
черномырдиных	черномы́рдиных
черных	черны́х
чернышев	чернышёв
чернышева	чернышёва
чернышеве	чернышёве
чернышевой	чернышёвой
чернышевою	чернышёвою
чернышевская	черныше́вская
чернышевские	черныше́вские
чернышевский	черныше́вский
чернышевским	черныше́вским
чернышевскими	черныше́вскими
чернышевских	черныше́вских
чернышевского	черныше́вского
чернышевской	черныше́вской
чернышевском	черныше́вском
чернышевскому	черныше́вскому
чернышевскою	черныше́вскою
чернышевскую	черныше́вскую
чернышеву	чернышёву
чернышевы	чернышёвы
чернышевым	чернышёвым
чернышевыми	чернышёвыми
чернышевых	чернышёвых
черняк	черня́к
черняка	черняка́
чернякам	черняка́м
черняками	черняка́ми
черняках	черняка́х
черняке	черняке́
черняки	черняки́
черняков	черняко́в
черняком	черняко́м
черняку	черняку́
чехией	че́хией
чехиею	че́хиею
чехии	че́хии
чехию	че́хию
чехия	че́хия
чехов	че́хов
чехова	че́хова
чехове	че́хове
чеховой	че́ховой
чеховою	че́ховою
чехову	че́хову
чеховы	че́ховы
чеховым	че́ховым
чеховыми	че́ховыми
чеховых	че́ховых
чехословакией	чехослова́кией
чехословакиею	чехослова́киею
чехословакии	чехослова́кии
чехословакий	чехослова́кий
чехословакию	чехослова́кию
чехословакия	чехослова́кия
чечне	чечне́
чечней	чечнёй
чечнею	чечнёю
чечни	чечни́
чечню	чечню́
чечня	чечня́
чжалайнор	чжалайно́р
чжалайнора	чжалайно́ра
чжалайноре	чжалайно́ре
чжалайнором	чжалайно́ром
чжалайнору	чжалайно́ру
чжэцзян	чжэцзя́н
чжэцзяна	чжэцзя́на
чжэцзяне	чжэцзя́не
чжэцзяном	чжэцзя́ном
чжэцзяну	чжэцзя́ну
чиангмае	чиангма́е
чиангмаем	чиангма́ем
чиангмай	чиангма́й
чиангмаю	чиангма́ю
чиангмая	чиангма́я
чикаго	чика́го
чили	чи́ли
чимкент	чимке́нт
чимкента	чимке́нта
чимкенте	чимке́нте
чимкентом	чимке́нтом
чимкенту	чимке́нту
чингисхан	чингисха́н
чингисхана	чингисха́на
чингисхане	чингисха́не
чингисханом	чингисха́ном
чингисхану	чингисха́ну
чириков	чи́риков
чирикова	чи́рикова
чирикове	чи́рикове
чириковой	чи́риковой
чириковою	чи́риковою
чирикову	чи́рикову
чириковы	чи́риковы
чириковым	чи́риковым
чириковыми	чи́риковыми
чириковых	чи́риковых
чистополе	чи́стополе
чистополем	чи́стополем
чистополь	чи́стополь
чистополю	чи́стополю
чистополя	чи́стополя
чита	чита́
чите	чите́
читой	чито́й
читою	чито́ю
читу	читу́
читы	читы́
чичерин	чиче́рин
чичерина	чиче́рина
чичерине	чиче́рине
чичериной	чиче́риной
чичериною	чиче́риною
чичерину	чиче́рину
чичерины	чиче́рины
чичериным	чиче́риным
чичериными	чиче́риными
чичериных	чиче́риных
чонногу	чонногу́
чортков	чортко́в
чорткова	чортко́ва
чорткове	чортко́ве
чортковом	чортко́вом
чорткову	чортко́ву
чубайс	чуба́йс
чубайса	чуба́йса
чубайсам	чуба́йсам
чубайсами	чуба́йсами
чубайсах	чуба́йсах
чубайсе	чуба́йсе
чубайсов	чуба́йсов
чубайсом	чуба́йсом
чубайсу	чуба́йсу
чубайсы	чуба́йсы
чувашией	чува́шией
чувашиею	чува́шиею
чувашии	чува́шии
чувашию	чува́шию
чувашия	чува́шия
чугуев	чугу́ев
чугуева	чугу́ева
чугуеве	чугу́еве
чугуевом	чугу́евом
чугуеву	чугу́еву
чукотка	чуко́тка
чукоткам	чуко́ткам
чукотками	чуко́тками
чукотках	чуко́тках
чукотке	чуко́тке
чукотки	чуко́тки
чукоткой	чуко́ткой
чукоткою	чуко́ткою
чукотку	чуко́тку
чукоток	чуко́ток
чунцин	чунци́н
чунцина	чунци́на
чунцине	чунци́не
чунцином	чунци́ном
чунцину	чунци́ну
чурапча	чурапча́
чурапче	чурапче́
чурапчи	чурапчи́
чурапчой	чурапчо́й
чурапчою	чурапчо́ю
чурапчу	чурапчу́
чуркестан	чуркеста́н
чуркестана	чуркеста́на
чуркестанам	чуркеста́нам
чуркестанами	чуркеста́нами
чуркестанах	чуркеста́нах
чуркестане	чуркеста́не
чуркестанов	чуркеста́нов
чуркестаном	чуркеста́ном
чуркестану	чуркеста́ну
чуркестаны	чуркеста́ны
чуркистан	чуркиста́н
чуркистана	чуркиста́на
чуркистанам	чуркиста́нам
чуркистанами	чуркиста́нами
чуркистанах	чуркиста́нах
чуркистане	чуркиста́не
чуркистанов	чуркиста́нов
чуркистаном	чуркиста́ном
чуркистану	чуркиста́ну
чуркистаны	чуркиста́ны
чэнду	чэнду́
шаведдинов	шаведди́нов
шаведдинова	шаведди́нова
шаведдинове	шаведди́нове
шаведдиновой	шаведди́новой
шаведдиновою	шаведди́новою
шаведдинову	шаведди́нову
шаведдиновы	шаведди́новы
шаведдиновым	шаведди́новым
шаведдиновыми	шаведди́новыми
шаведдиновых	шаведди́новых
шадрин	ша́дрин
шадрина	ша́дрина
шадрине	ша́дрине
шадриной	ша́дриной
шадриною	ша́дриною
шадрину	ша́дрину
шадрины	ша́дрины
шадриным	ша́дриным
шадриными	ша́дриными
шадриных	ша́дриных
шаинская	шаи́нская
шаинские	шаи́нские
шаинский	шаи́нский
шаинским	шаи́нским
шаинскими	шаи́нскими
шаинских	шаи́нских
шаинского	шаи́нского
шаинской	шаи́нской
шаинском	шаи́нском
шаинскому	шаи́нскому
шаинскою	шаи́нскою
шаинскую	шаи́нскую
шайо	шайо́
шайтан	шайта́н
шайтана	шайта́на
шайтанам	шайта́нам
шайтанами	шайта́нами
шайтанах	шайта́нах
шайтане	шайта́не
шайтанов	шайта́нов
шайтаном	шайта́ном
шайтану	шайта́ну
шайтаны	шайта́ны
шаламов	шала́мов
шаламова	шала́мова
шаламове	шала́мове
шаламовой	шала́мовой
шаламовою	шала́мовою
шаламову	шала́мову
шаламовы	шала́мовы
шаламовым	шала́мовым
шаламовыми	шала́мовыми
шаламовых	шала́мовых
шаляпин	шаля́пин
шаляпина	шаля́пина
шаляпине	шаля́пине
шаляпиной	шаля́пиной
шаляпиною	шаля́пиною
шаляпину	шаля́пину
шаляпины	шаля́пины
шаляпиным	шаля́пиным
шаляпиными	шаля́пиными
шаляпиных	шаля́пиных
шамбала	ша́мбала
шамбале	ша́мбале
шамбалой	ша́мбалой
шамбалою	ша́мбалою
шамбалу	ша́мбалу
шамбалы	ша́мбалы
шамлуг	шамлу́г
шамлуга	шамлу́га
шамлуге	шамлу́ге
шамлугом	шамлу́гом
шамлугу	шамлу́гу
шанхае	шанха́е
шанхаем	шанха́ем
шанхай	шанха́й
шанхаю	шанха́ю
шанхая	шанха́я
шаньдун	шаньду́н
шаньдуна	шаньду́на
шаньдуне	шаньду́не
шаньдуном	шаньду́ном
шаньдуну	шаньду́ну
шаньси	шаньси́
шаповалов	шапова́лов
шаповалова	шапова́лова
шаповалове	шапова́лове
шаповаловой	шапова́ловой
шаповаловою	шапова́ловою
шаповалову	шапова́лову
шаповаловы	шапова́ловы
шаповаловым	шапова́ловым
шаповаловыми	шапова́ловыми
шаповаловых	шапова́ловых
шапошников	ша́пошников
шапошникова	ша́пошникова
шапошникове	ша́пошникове
шапошниковой	ша́пошниковой
шапошниковою	ша́пошниковою
шапошникову	ша́пошникову
шапошниковы	ша́пошниковы
шапошниковым	ша́пошниковым
шапошниковыми	ша́пошниковыми
шапошниковых	ша́пошниковых
шарапов	шара́пов
шарапова	шара́пова
шарапове	шара́пове
шараповой	шара́повой
шараповою	шара́повою
шарапову	шара́пову
шараповы	шара́повы
шараповым	шара́повым
шараповыми	шара́повыми
шараповых	шара́повых
шарлотт	шарло́тт
шарлотта	шарло́тта
шарлоттам	шарло́ттам
шарлоттами	шарло́ттами
шарлоттах	шарло́ттах
шарлотте	шарло́тте
шарлоттой	шарло́ттой
шарлоттою	шарло́ттою
шарлотту	шарло́тту
шарлотты	шарло́тты
шарля	ша́рля
шахла	шахла́
шахлам	шахла́м
шахлами	шахла́ми
шахлах	шахла́х
шахле	шахле́
шахлой	шахло́й
шахлою	шахло́ю
шахлу	шахлу́
шахлы	шахлы́
шахназаров	шахназа́ров
шахназарова	шахназа́рова
шахназарове	шахназа́рове
шахназаровой	шахназа́ровой
шахназаровою	шахназа́ровою
шахназарову	шахназа́рову
шахназаровы	шахназа́ровы
шахназаровым	шахназа́ровым
шахназаровыми	шахназа́ровыми
шахназаровых	шахназа́ровых
шахрияр	шахрия́р
шахрияра	шахрия́ра
шахриярам	шахрия́рам
шахриярами	шахрия́рами
шахриярах	шахрия́рах
шахрияре	шахрия́ре
шахрияров	шахрия́ров
шахрияром	шахрия́ром
шахрияру	шахрия́ру
шахрияры	шахрия́ры
шведов	шве́дов
шведова	шве́дова
шведове	шве́дове
шведовой	шве́довой
шведовою	шве́довою
шведову	шве́дову
шведовы	шве́довы
шведовым	шве́довым
шведовыми	шве́довыми
шведовых	шве́довых
швейцарией	швейца́рией
швейцариею	швейца́риею
швейцарии	швейца́рии
швейцарию	швейца́рию
швейцария	швейца́рия
швецией	шве́цией
швециею	шве́циею
швеции	шве́ции
швецию	шве́цию
швеция	шве́ция
шебекина	шебе́кина
шебекине	шебе́кине
шебекино	шебе́кино
шебекином	шебе́кином
шебекину	шебе́кину
шеварднадзе	шевардна́дзе
шевченко	шевче́нко
шевчук	шевчу́к
шевчука	шевчука́
шевчукам	шевчука́м
шевчуками	шевчука́ми
шевчуках	шевчука́х
шевчуке	шевчуке́
шевчуки	шевчуки́
шевчуков	шевчуко́в
шевчуком	шевчуко́м
шевчуку	шевчуку́
шексна	шексна́
шексне	шексне́
шексной	шексно́й
шексною	шексно́ю
шексну	шексну́
шексны	шексны́
шекспир	шекспи́р
шекспира	шекспи́ра
шекспире	шекспи́ре
шекспиром	шекспи́ром
шекспиру	шекспи́ру
шендерович	шендеро́вич
шендеровича	шендеро́вича
шендеровичам	шендеро́вичам
шендеровичами	шендеро́вичами
шендеровичах	шендеро́вичах
шендеровиче	шендеро́виче
шендеровичей	шендеро́вичей
шендеровичем	шендеро́вичем
шендеровичи	шендеро́вичи
шендеровичу	шендеро́вичу
шепетовка	шепето́вка
шепетовке	шепето́вке
шепетовки	шепето́вки
шепетовкой	шепето́вкой
шепетовкою	шепето́вкою
шепетовку	шепето́вку
шереметьева	шереме́тьева
шереметьеве	шереме́тьеве
шереметьево	шереме́тьево
шереметьевом	шереме́тьевом
шереметьеву	шереме́тьеву
шерлок	ше́рлок
шерлока	ше́рлока
шерлокам	ше́рлокам
шерлоками	ше́рлоками
шерлоках	ше́рлоках
шерлоке	ше́рлоке
шерлоки	ше́рлоки
шерлоков	ше́рлоков
шерлоком	ше́рлоком
шерлоку	ше́рлоку
шестаков	шестако́в
шестакова	шестако́ва
шестакове	шестако́ве
шестаковой	шестако́вой
шестаковою	шестако́вою
шестакову	шестако́ву
шестаковы	шестако́вы
шестаковым	шестако́вым
шестаковыми	шестако́выми
шестаковых	шестако́вых
шива	ши́ва
шивам	ши́вам
шивами	ши́вами
шивах	ши́вах
шиве	ши́ве
шивой	ши́вой
шивою	ши́вою
шиву	ши́ву
шивы	ши́вы
шикльгрубер	шикльгру́бер
шикльгрубера	шикльгру́бера
шикльгруберам	шикльгру́берам
шикльгруберами	шикльгру́берами
шикльгруберах	шикльгру́берах
шикльгрубере	шикльгру́бере
шикльгруберов	шикльгру́беров
шикльгрубером	шикльгру́бером
шикльгруберу	шикльгру́беру
шикльгруберы	шикльгру́беры
ширак	шира́к
ширака	шира́ка
ширакам	шира́кам
шираками	шира́ками
шираках	шира́ках
шираке	шира́ке
шираки	шира́ки
шираков	шира́ков
шираком	шира́ком
шираку	шира́ку
шлиссельбург	шлиссельбу́рг
шлиссельбурга	шлиссельбу́рга
шлиссельбурге	шлиссельбу́рге
шлиссельбургом	шлиссельбу́ргом
шлиссельбургу	шлиссельбу́ргу
шлосберг	шло́сберг
шлосберга	шло́сберга
шлосбергам	шло́сбергам
шлосбергами	шло́сбергами
шлосбергах	шло́сбергах
шлосберге	шло́сберге
шлосберги	шло́сберги
шлосбергов	шло́сбергов
шлосбергом	шло́сбергом
шлосбергу	шло́сбергу
шмелев	шмелёв
шмелева	шмелёва
шмелеве	шмелёве
шмелевой	шмелёвой
шмелевою	шмелёвою
шмелеву	шмелёву
шмелевы	шмелёвы
шмелевым	шмелёвым
шмелевыми	шмелёвыми
шмелевых	шмелёвых
шмида	шми́да
шмидам	шми́дам
шмидами	шми́дами
шмидах	шми́дах
шмиде	шми́де
шмидов	шми́дов
шмидом	шми́дом
шмидта	шми́дта
шмидтам	шми́дтам
шмидтами	шми́дтами
шмидтах	шми́дтах
шмидте	шми́дте
шмидтов	шми́дтов
шмидтом	шми́дтом
шмидту	шми́дту
шмидты	шми́дты
шмиду	шми́ду
шмиды	шми́ды
шойгу	шойгу́
шолохов	шо́лохов
шолохова	шо́лохова
шолохове	шо́лохове
шолоховой	шо́лоховой
шолоховою	шо́лоховою
шолохову	шо́лохову
шолоховы	шо́лоховы
шолоховым	шо́лоховым
шолоховыми	шо́лоховыми
шолоховых	шо́лоховых
шостакович	шостако́вич
шостаковича	шостако́вича
шостаковичам	шостако́вичам
шостаковичами	шостако́вичами
шостаковичах	шостако́вичах
шостаковиче	шостако́виче
шостаковичей	шостако́вичей
шостаковичем	шостако́вичем
шостаковичи	шостако́вичи
шостаковичу	шостако́вичу
шостка	шо́стка
шостке	шо́стке
шостки	шо́стки
шосткой	шо́сткой
шосткою	шо́сткою
шостку	шо́стку
шотландией	шотла́ндией
шотландиею	шотла́ндиею
шотландии	шотла́ндии
шотландию	шотла́ндию
шотландия	шотла́ндия
шпанов	шпа́нов
шпанова	шпа́нова
шпанове	шпа́нове
шпановом	шпа́новом
шпанову	шпа́нову
шпилькин	шпи́лькин
шпилькина	шпи́лькина
шпилькине	шпи́лькине
шпилькиной	шпи́лькиной
шпилькиною	шпи́лькиною
шпилькину	шпи́лькину
шпилькины	шпи́лькины
шпилькиным	шпи́лькиным
шпилькиными	шпи́лькиными
шпилькиных	шпи́лькиных
шпицберген	шпицбе́рген
шпицбергена	шпицбе́ргена
шпицбергене	шпицбе́ргене
шпицбергеном	шпицбе́ргеном
шпицбергену	шпицбе́ргену
шредер	шрёдер
шредера	шрёдера
шредерам	шрёдерам
шредерами	шрёдерами
шредерах	шрёдерах
шредере	шрёдере
шредеров	шрёдеров
шредером	шрёдером
шредеру	шрёдеру
шредеры	шрёдеры
штатам	шта́там
штатами	шта́тами
штатах	шта́тах
штатов	шта́тов
штаты	шта́ты
штирнер	шти́рнер
штирнера	шти́рнера
штирнерам	шти́рнерам
штирнерами	шти́рнерами
штирнерах	шти́рнерах
штирнере	шти́рнере
штирнеров	шти́рнеров
штирнером	шти́рнером
штирнеру	шти́рнеру
штирнеры	шти́рнеры
штутгарт	шту́тгарт
штутгарта	шту́тгарта
штутгартам	шту́тгартам
штутгартами	шту́тгартами
штутгартах	шту́тгартах
штутгарте	шту́тгарте
штутгартов	шту́тгартов
штутгартом	шту́тгартом
штутгарту	шту́тгарту
штутгарты	шту́тгарты
шукшин	шукши́н
шукшина	шукшина́
шукшине	шукшине́
шукшиной	шукшино́й
шукшиною	шукшино́ю
шукшину	шукшину́
шукшины	шукшины́
шукшиным	шукшины́м
шукшиными	шукшины́ми
шукшиных	шукшины́х
шульгин	шульги́н
шульгинам	шульгина́м
шульгинами	шульгина́ми
шульгинах	шульгина́х
шульгине	шульгине́
шульгиной	шульгино́й
шульгиною	шульгино́ю
шульгину	шульгину́
шульгины	шульгины́
шульгиным	шульгины́м
шульгиными	шульгины́ми
шульгиных	шульгины́х
шульман	шу́льман
шульмана	шу́льмана
шульманам	шу́льманам
шульманами	шу́льманами
шульманах	шу́льманах
шульмане	шу́льмане
шульманов	шу́льманов
шульманом	шу́льманом
шульману	шу́льману
шульманы	шу́льманы
шура	шу́ра
шурам	шу́рам
шурами	шу́рами
шурах	шу́рах
шуре	шу́ре
шурик	шу́рик
шурика	шу́рика
шурикам	шу́рикам
шуриками	шу́риками
шуриках	шу́риках
шурике	шу́рике
шурики	шу́рики
шуриков	шу́риков
шуриком	шу́риком
шурику	шу́рику
шурой	шу́рой
шурою	шу́рою
шуру	шу́ру
шуры	шу́ры
шымкент	шымке́нт
шымкента	шымке́нта
шымкенте	шымке́нте
шымкентом	шымке́нтом
шымкенту	шымке́нту
шэньси	шэньси́
шэньчжэне	шэньчжэ́не
шэньчжэнем	шэньчжэ́нем
шэньчжэнь	шэньчжэ́нь
шэньчжэню	шэньчжэ́ню
шэньчжэня	шэньчжэ́ня
шэньян	шэнья́н
шэньяна	шэнья́на
шэньяне	шэнья́не
шэньяном	шэнья́ном
шэньяну	шэнья́ну
щедрин	щедри́н
щедрина	щедрина́
щедрине	щедрине́
щедриной	щедрино́й
щедриною	щедрино́ю
щедрину	щедрину́
щедрины	щедрины́
щедриным	щедрины́м
щедриными	щедрины́ми
щедриных	щедрины́х
щекочихин	щекочи́хин
щекочихина	щекочи́хина
щекочихине	щекочи́хине
щекочихиной	щекочи́хиной
щекочихиною	щекочи́хиною
щекочихину	щекочи́хину
щекочихины	щекочи́хины
щекочихиным	щекочи́хиным
щекочихиными	щекочи́хиными
щекочихиных	щекочи́хиных
щеневмерла	щеневме́рла
щеневмерле	щеневме́рле
щеневмерлой	щеневме́рлой
щеневмерлою	щеневме́рлою
щеневмерлу	щеневме́рлу
щеневмерлы	щеневме́рлы
щецин	ще́цин
щецина	ще́цина
щецине	ще́цине
щецином	ще́цином
щецину	ще́цину
щитна	щи́тна
щитне	щи́тне
щитно	щи́тно
щитном	щи́тном
щитну	щи́тну
щукин	щу́кин
щукина	щу́кина
щукине	щу́кине
щукиной	щу́киной
щукиною	щу́киною
щукину	щу́кину
щукины	щу́кины
щукиным	щу́киным
щукиными	щу́киными
щукиных	щу́киных
щучинск	щу́чинск
щучинска	щу́чинска
щучинске	щу́чинске
щучинском	щу́чинском
щучинску	щу́чинску
ыгыатта	ыгыатта́
ыгыатте	ыгыатте́
ыгыаттой	ыгыатто́й
ыгыаттою	ыгыатто́ю
ыгыатту	ыгыатту́
ыгыатты	ыгыатты́
ыгыта	ыгыта́
ыныкчан	ыныкча́н
ыныкчанский	ыныкча́нский
ыныкчанским	ыныкча́нским
ыныкчанского	ыныкча́нского
ыныкчанском	ыныкча́нском
ыныкчанскому	ыныкча́нскому
эбецу	эбе́цу
эбола	эбо́ла
эболе	эбо́ле
эболой	эбо́лой
эболою	эбо́лою
эболу	эбо́лу
эболы	эбо́лы
эвбее	эвбе́е
эвбеей	эвбе́ей
эвбеею	эвбе́ею
эвбеи	эвбе́и
эвбею	эвбе́ю
эвбея	эвбе́я
эверест	эвере́ст
эвереста	эвере́ста
эверестам	эвере́стам
эверестами	эвере́стами
эверестах	эвере́стах
эвересте	эвере́сте
эверестов	эвере́стов
эверестом	эвере́стом
эвересту	эвере́сту
эвересты	эвере́сты
эвридик	эвриди́к
эвридика	эвриди́ка
эвридикам	эвриди́кам
эвридиками	эвриди́ками
эвридиках	эвриди́ках
эвридике	эвриди́ке
эвридики	эвриди́ки
эвридикой	эвриди́кой
эвридикою	эвриди́кою
эвридику	эвриди́ку
эврипид	эврипи́д
эврипида	эврипи́да
эврипидам	эврипи́дам
эврипидами	эврипи́дами
эврипидах	эврипи́дах
эврипиде	эврипи́де
эврипидов	эврипи́дов
эврипидом	эврипи́дом
эврипиду	эврипи́ду
эврипиды	эврипи́ды
эгалео	эга́лео
эггерт	э́ггерт
эггерта	э́ггерта
эггертам	э́ггертам
эггертами	э́ггертами
эггертах	э́ггертах
эггерте	э́ггерте
эггертов	э́ггертов
эггертом	э́ггертом
эггерту	э́ггерту
эггерты	э́ггерты
эгин	эги́н
эгина	эги́на
эгинам	эги́нам
эгинами	эги́нами
эгинах	эги́нах
эгине	эги́не
эгиной	эги́ной
эгиною	эги́ною
эгину	эги́ну
эгины	эги́ны
эддисон	э́ддисон
эддисона	э́ддисона
эддисонам	э́ддисонам
эддисонами	э́ддисонами
эддисонах	э́ддисонах
эддисоне	э́ддисоне
эддисонов	э́ддисонов
эддисоном	э́ддисоном
эддисону	э́ддисону
эддисоны	э́ддисоны
эдик	э́дик
эдика	э́дика
эдикам	э́дикам
эдиками	э́диками
эдиках	э́диках
эдике	э́дике
эдики	э́дики
эдиков	э́диков
эдиком	э́диком
эдику	э́дику
эдинбург	эдинбу́рг
эдинбурга	эдинбу́рга
эдинбурге	эдинбу́рге
эдинбургом	эдинбу́ргом
эдинбургу	эдинбу́ргу
эдип	эди́п
эдипа	эди́па
эдипам	эди́пам
эдипами	эди́пами
эдипах	эди́пах
эдипе	эди́пе
эдипов	эди́пов
эдипом	эди́пом
эдипу	эди́пу
эдипы	эди́пы
эдирне	эди́рне
эдирнем	эди́рнем
эдирню	эди́рню
эдирня	эди́рня
эдмонтон	э́дмонтон
эдмонтона	э́дмонтона
эдмонтоне	э́дмонтоне
эдмонтоном	э́дмонтоном
эдмонтону	э́дмонтону
эдмунд	эдму́нд
эдмунда	эдму́нда
эдмундам	эдму́ндам
эдмундами	эдму́ндами
эдмундах	эдму́ндах
эдмунде	эдму́нде
эдмундов	эдму́ндов
эдмундом	эдму́ндом
эдмунду	эдму́нду
эдмунды	эдму́нды
эдо	э́до
эдогава	эдога́ва
эдогаве	эдога́ве
эдогавой	эдога́вой
эдогавою	эдога́вою
эдогаву	эдога́ву
эдогавы	эдога́вы
эдриан	э́дриан
эдриана	э́дриана
эдрианам	э́дрианам
эдрианами	э́дрианами
эдрианах	э́дрианах
эдриане	э́дриане
эдрианов	э́дрианов
эдрианом	э́дрианом
эдриану	э́дриану
эдрианы	э́дрианы
эдуард	эдуа́рд
эдуарда	эдуа́рда
эдуардам	эдуа́рдам
эдуардами	эдуа́рдами
эдуардах	эдуа́рдах
эдуарде	эдуа́рде
эдуардов	эдуа́рдов
эдуардом	эдуа́рдом
эдуарду	эдуа́рду
эдуарды	эдуа́рды
эзоп	эзо́п
эзопа	эзо́па
эзопам	эзо́пам
эзопами	эзо́пами
эзопах	эзо́пах
эзопе	эзо́пе
эзопов	эзо́пов
эзопом	эзо́пом
эзопу	эзо́пу
эзопы	эзо́пы
эзус	э́зус
эзусь	э́зусь
эйбел	э́йбел
эйбела	э́йбела
эйбелам	э́йбелам
эйбелами	э́йбелами
эйбелах	э́йбелах
эйбеле	э́йбеле
эйбелов	э́йбелов
эйбелом	э́йбелом
эйбелу	э́йбелу
эйбелы	э́йбелы
эйбрахам	э́йбрахам
эйбрахама	э́йбрахама
эйбрахамам	э́йбрахамам
эйбрахамами	э́йбрахамами
эйбрахамах	э́йбрахамах
эйбрахаме	э́йбрахаме
эйбрахамов	э́йбрахамов
эйбрахамом	э́йбрахамом
эйбрахаму	э́йбрахаму
эйбрахамы	э́йбрахамы
эйзенхауэр	эйзенха́уэр
эйзенхауэра	эйзенха́уэра
эйзенхауэрам	эйзенха́уэрам
эйзенхауэрами	эйзенха́уэрами
эйзенхауэрах	эйзенха́уэрах
эйзенхауэре	эйзенха́уэре
эйзенхауэров	эйзенха́уэров
эйзенхауэром	эйзенха́уэром
эйзенхауэру	эйзенха́уэру
эйзенхауэры	эйзенха́уэры
эйзенштейн	эйзенште́йн
эйзенштейна	эйзенште́йна
эйндховен	э́йндховен
эйндховена	э́йндховена
эйндховене	э́йндховене
эйндховеном	э́йндховеном
эйндховену	э́йндховену
эйнштейн	эйнште́йн
эйнштейна	эйнште́йна
эйнштейне	эйнште́йне
эйнштейном	эйнште́йном
эйнштейну	эйнште́йну
эквадор	эквадо́р
эквадора	эквадо́ра
эквадоре	эквадо́ре
эквадором	эквадо́ром
эквадору	эквадо́ру
элагабал	элагаба́л
элагабала	элагаба́ла
элвин	э́лвин
элвина	э́лвина
элвинам	э́лвинам
элвинами	э́лвинами
элвинах	э́лвинах
элвине	э́лвине
элвинов	э́лвинов
элвином	э́лвином
элвину	э́лвину
элвины	э́лвины
электрозаводская	электрозаво́дская
электрозаводской	электрозаво́дской
электрозаводскою	электрозаво́дскою
электрозаводскую	электрозаво́дскую
элеонор	элеоно́р
элеонора	элеоно́ра
элеонорам	элеоно́рам
элеонорами	элеоно́рами
элеонорах	элеоно́рах
элеоноре	элеоно́ре
элеонорой	элеоно́рой
элеонорою	элеоно́рою
элеонору	элеоно́ру
элеоноры	элеоно́ры
элис	э́лис
элиста	элиста́
элисте	элисте́
элистой	элисто́й
элистою	элисто́ю
элисту	элисту́
элисты	элисты́
элла	э́лла
эллада	элла́да
элладе	элла́де
элладой	элла́дой
элладою	элла́дою
элладу	элла́ду
эллады	элла́ды
эллам	э́ллам
эллами	э́ллами
эллах	э́ллах
элле	э́лле
эллой	э́ллой
эллою	э́ллою
эллу	э́ллу
эллы	э́ллы
элогим	элоги́м
элоим	элои́м
элохим	элохи́м
элохима	элохи́ма
элохиме	элохи́ме
элохимом	элохи́мом
элохиму	элохи́му
эль-аюн	эль-аю́н
эль-аюна	эль-аю́на
эль-аюне	эль-аю́не
эль-аюном	эль-аю́ном
эль-аюну	эль-аю́ну
эль-ниньо	эль-ни́ньо
эль-сальвадор	эль-сальвадо́р
эль-сальвадора	эль-сальвадо́ра
эль-сальвадорам	эль-сальвадо́рам
эль-сальвадорами	эль-сальвадо́рами
эль-сальвадорах	эль-сальвадо́рах
эль-сальвадоре	эль-сальвадо́ре
эль-сальвадоров	эль-сальвадо́ров
эль-сальвадором	эль-сальвадо́ром
эль-сальвадору	эль-сальвадо́ру
эль-сальвадоры	эль-сальвадо́ры
эльба	э́льба
эльбе	э́льбе
эльбой	э́льбой
эльбою	э́льбою
эльбрус	эльбру́с
эльбруса	эльбру́са
эльбрусе	эльбру́се
эльбрусом	эльбру́сом
эльбрусу	эльбру́су
эльбу	э́льбу
эльбы	э́льбы
эльвир	эльви́р
эльвира	эльви́ра
эльвирам	эльви́рам
эльвирами	эльви́рами
эльвирах	эльви́рах
эльвире	эльви́ре
эльвирой	эльви́рой
эльвирою	эльви́рою
эльвиру	эльви́ру
эльвиры	эльви́ры
эльдар	эльда́р
эльдара	эльда́ра
эльдарам	эльда́рам
эльдарами	эльда́рами
эльдарах	эльда́рах
эльдаре	эльда́ре
эльдаров	эльда́ров
эльдаром	эльда́ром
эльдару	эльда́ру
эльдары	эльда́ры
эльзас	эльза́с
эльзаса	эльза́са
эльзасе	эльза́се
эльзасом	эльза́сом
эльзасу	эльза́су
эмеса	эме́са
эмесе	эме́се
эмесой	эме́сой
эмесою	эме́сою
эмесу	эме́су
эмесы	эме́сы
эмиле	эми́ле
эмилей	эми́лей
эмилем	эми́лем
эмили	эми́ли
эмилией	эми́лией
эмилиею	эми́лиею
эмилии	эми́лии
эмилий	эми́лий
эмилию	эми́лию
эмилия	эми́лия
эмилиям	эми́лиям
эмилиями	эми́лиями
эмилиях	эми́лиях
эмиль	эми́ль
эмилю	эми́лю
эмиля	эми́ля
эмилям	эми́лям
эмилями	эми́лями
эмилях	эми́лях
эмма	э́мма
эммам	э́ммам
эммами	э́ммами
эммах	э́ммах
эмме	э́мме
эммой	э́ммой
эммою	э́ммою
эмму	э́мму
эммы	э́ммы
эмпедокл	эмпедо́кл
эмпедокла	эмпедо́кла
эмпедокле	эмпедо́кле
эмпедоклом	эмпедо́клом
эмпедоклу	эмпедо́клу
энгельс	э́нгельс
энгельса	э́нгельса
энгельсам	э́нгельсам
энгельсами	э́нгельсами
энгельсах	э́нгельсах
энгельсе	э́нгельсе
энгельсов	э́нгельсов
энгельсом	э́нгельсом
энгельсу	э́нгельсу
энгельсы	э́нгельсы
эндрю	э́ндрю
энее	эне́е
энеем	эне́ем
энеида	энеи́да
энеиде	энеи́де
энеидой	энеи́дой
энеидою	энеи́дою
энеиду	энеи́ду
энеиды	энеи́ды
эней	эне́й
энергией	эне́ргией
энергиею	эне́ргиею
энергии	эне́ргии
энергий	эне́ргий
энергию	эне́ргию
энергия	эне́ргия
энергиям	эне́ргиям
энергиями	эне́ргиями
энергиях	эне́ргиях
энергодар	энергода́р
энергодара	энергода́ра
энергодаре	энергода́ре
энергодаром	энергода́ром
энергодару	энергода́ру
энею	эне́ю
энея	эне́я
энсхеде	э́нсхеде
энтони	э́нтони
эол	эо́л
эола	эо́ла
эоле	эо́ле
эолом	эо́лом
эолу	эо́лу
эос	э́ос
эпиктет	эпикте́т
эпиктета	эпикте́та
эпиктете	эпикте́те
эпиктетом	эпикте́том
эпиктету	эпикте́ту
эпикур	эпику́р
эпикура	эпику́ра
эпикуре	эпику́ре
эпикуром	эпику́ром
эпикуру	эпику́ру
эппса	э́ппса
эппсам	э́ппсам
эппсами	э́ппсами
эппсах	э́ппсах
эппсе	э́ппсе
эппсов	э́ппсов
эппсом	э́ппсом
эппсу	э́ппсу
эппсы	э́ппсы
эпштейн	эпште́йн
эпштейна	эпште́йна
эпштейнам	эпште́йнам
эпштейнами	эпште́йнами
эпштейнах	эпште́йнах
эпштейне	эпште́йне
эпштейнов	эпште́йнов
эпштейном	эпште́йном
эпштейну	эпште́йну
эпштейны	эпште́йны
эр-рияд	эр-рия́д
эр-рияда	эр-рия́да
эр-рияде	эр-рия́де
эр-риядом	эр-рия́дом
эр-рияду	эр-рия́ду
эрдоган	э́рдоган
эрдогана	э́рдогана
эрдоганам	э́рдоганам
эрдоганами	э́рдоганами
эрдоганах	э́рдоганах
эрдогане	э́рдогане
эрдоганов	э́рдоганов
эрдоганом	э́рдоганом
эрдогану	э́рдогану
эрдоганы	э́рдоганы
эребуни	эребуни́
эрзурум	эрзуру́м
эрзурума	эрзуру́ма
эрзуруме	эрзуру́ме
эрзурумом	эрзуру́мом
эрзуруму	эрзуру́му
эривани	эрива́ни
эривань	эрива́нь
эриванью	эрива́нью
эрид	эри́д
эрида	эри́да
эридам	эри́дам
эридами	эри́дами
эридах	эри́дах
эриде	эри́де
эридой	эри́дой
эридою	эри́дою
эриду	эри́ду
эриды	эри́ды
эритрее	эритре́е
эритреей	эритре́ей
эритреею	эритре́ею
эритреи	эритре́и
эритрею	эритре́ю
эритрея	эритре́я
эрмитаж	эрмита́ж
эрмитажа	эрмита́жа
эрмитаже	эрмита́же
эрмитажем	эрмита́жем
эрмитажу	эрмита́жу
эрос	э́рос
эроса	э́роса
эросам	э́росам
эросами	э́росами
эросах	э́росах
эросе	э́росе
эросов	э́росов
эросом	э́росом
эросу	э́росу
эросы	э́росы
эрот	эро́т
эрота	эро́та
эротам	эро́там
эротами	эро́тами
эротах	эро́тах
эроте	эро́те
эротов	эро́тов
эротом	эро́том
эроту	эро́ту
эроты	эро́ты
эрэфией	эрэ́фией
эрэфиею	эрэ́фиею
эрэфии	эрэ́фии
эрэфию	эрэ́фию
эрэфия	эрэ́фия
эсватини	эсвати́ни
эскулап	эскула́п
эскулапа	эскула́па
эскулапе	эскула́пе
эскулапом	эскула́пом
эскулапу	эскула́пу
эсон	эсо́н
эстемиров	эстеми́ров
эстемирова	эстеми́рова
эстемирове	эстеми́рове
эстемировой	эстеми́ровой
эстемировою	эстеми́ровою
эстемирову	эстеми́рову
эстемировы	эстеми́ровы
эстемировым	эстеми́ровым
эстемировыми	эстеми́ровыми
эстемировых	эстеми́ровых
эстонией	эсто́нией
эстониею	эсто́ниею
эстонии	эсто́нии
эстонию	эсто́нию
эстония	эсто́ния
эсфири	эсфи́ри
эсфирь	эсфи́рь
эсфирью	эсфи́рью
эсхил	эсхи́л
эсхила	эсхи́ла
эсхиле	эсхи́ле
эсхилом	эсхи́лом
эсхилу	эсхи́лу
этолией	это́лией
этолиею	это́лиею
этолии	это́лии
этолий	это́лий
этолию	это́лию
этолия	это́лия
этолиям	это́лиям
этолиями	это́лиями
этолиях	это́лиях
эфенгар	эфенга́р
эфенгарь	эфенга́рь
эфиальт	эфиа́льт
эфиальта	эфиа́льта
эфиальтам	эфиа́льтам
эфиальтами	эфиа́льтами
эфиальтах	эфиа́льтах
эфиальте	эфиа́льте
эфиальтов	эфиа́льтов
эфиальтом	эфиа́льтом
эфиальту	эфиа́льту
эфиальты	эфиа́льты
эфиопией	эфио́пией
эфиопиею	эфио́пиею
эфиопии	эфио́пии
эфиопию	эфио́пию
эфиопия	эфио́пия
эфир	эфи́р
эфира	эфи́ра
эфире	эфи́ре
эфиром	эфи́ром
эфиру	эфи́ру
эхетатон	эхетато́н
эхетатона	эхетато́на
эхетатоне	эхетато́не
эхетатоном	эхетато́ном
эхетатону	эхетато́ну
эхиме	эхиме́
эхимэ	эхимэ́
юане	юа́не
юаней	юа́ней
юанем	юа́нем
юани	юа́ни
юань	юа́нь
юаню	юа́ню
юаня	юа́ня
юаням	юа́ням
юанями	юа́нями
юанях	юа́нях
юар	юа́р
югославией	югосла́вией
югославиею	югосла́виею
югославии	югосла́вии
югославий	югосла́вий
югославию	югосла́вию
югославия	югосла́вия
юденич	юде́нич
юденича	юде́нича
юденичам	юде́ничам
юденичами	юде́ничами
юденичах	юде́ничах
юдениче	юде́ниче
юденичей	юде́ничей
юденичем	юде́ничем
юденичи	юде́ничи
юденичу	юде́ничу
юдин	ю́дин
юдина	ю́дина
юдине	ю́дине
юдиной	ю́диной
юдиною	ю́диною
юдину	ю́дину
юдины	ю́дины
юдиным	ю́диным
юдиными	ю́диными
юдиных	ю́диных
южно-сахалинск	южно-сахали́нск
южно-сахалинска	южно-сахали́нска
южно-сахалинске	южно-сахали́нске
южно-сахалинском	южно-сахали́нском
южно-сахалинску	южно-сахали́нску
южного	ю́жного
южное	ю́жное
южном	ю́жном
южному	ю́жному
южноукраинск	южноукраи́нск
южноукраинска	южноукраи́нска
южноукраинске	южноукраи́нске
южноукраинском	южноукраи́нском
южноукраинску	южноукраи́нску
южным	ю́жным
юле	ю́ле
юлей	ю́лей
юлею	ю́лею
юли	ю́ли
юлиан	юлиа́н
юлиана	юлиа́на
юлианам	юлиа́нам
юлианами	юлиа́нами
юлианах	юлиа́нах
юлиане	юлиа́не
юлианов	юлиа́нов
юлианой	юлиа́ной
юлианом	юлиа́ном
юлианою	юлиа́ною
юлиану	юлиа́ну
юлианы	юлиа́ны
юлиев	ю́лиев
юлией	ю́лией
юлием	ю́лием
юлиею	ю́лиею
юлии	ю́лии
юлий	ю́лий
юлию	ю́лию
юлия	ю́лия
юлиям	ю́лиям
юлиями	ю́лиями
юлиях	ю́лиях
юлю	ю́лю
юля	ю́ля
юлям	ю́лям
юлями	ю́лями
юлях	ю́лях
юнармией	юна́рмией
юнармиею	юна́рмиею
юнармии	юна́рмии
юнармию	юна́рмию
юнармия	юна́рмия
юнеско	юне́ско
юникод	юнико́д
юникода	юнико́да
юникоде	юнико́де
юникодом	юнико́дом
юникоду	юнико́ду
юнон	юно́н
юнона	юно́на
юнонам	юно́нам
юнонами	юно́нами
юнонах	юно́нах
юноне	юно́не
юноной	юно́ной
юноною	юно́ною
юнону	юно́ну
юноны	юно́ны
юньнане	юньна́не
юньнанем	юньна́нем
юньнань	юньна́нь
юньнаню	юньна́ню
юньнаня	юньна́ня
юпитер	юпи́тер
юпитера	юпи́тера
юпитерам	юпи́терам
юпитерами	юпи́терами
юпитерах	юпи́терах
юпитере	юпи́тере
юпитеров	юпи́теров
юпитером	юпи́тером
юпитеру	юпи́теру
юпитеры	юпи́теры
юрам	ю́рам
юрами	ю́рами
юрах	ю́рах
юрец	юре́ц
юриев	ю́риев
юрием	ю́рием
юрии	ю́рии
юрий	ю́рий
юрик	ю́рик
юрию	ю́рию
юрия	ю́рия
юриям	ю́риям
юриями	ю́риями
юриях	ю́риях
юрка	ю́рка
юрок	юро́к
юрчик	ю́рчик
юрьев	ю́рьев
юрьева	ю́рьева
юрьеве	ю́рьеве
юрьевой	ю́рьевой
юрьевою	ю́рьевою
юрьевский	ю́рьевский
юрьеву	ю́рьеву
юрьевы	ю́рьевы
юрьевым	ю́рьевым
юрьевыми	ю́рьевыми
юрьевых	ю́рьевых
юстас	ю́стас
юстаса	ю́стаса
юстасам	ю́стасам
юстасами	ю́стасами
юстасах	ю́стасах
юстасе	ю́стасе
юстасов	ю́стасов
юстасом	ю́стасом
юстасу	ю́стасу
юстасы	ю́стасы
юстицией	юсти́цией
юстициею	юсти́циею
юстиции	юсти́ции
юстиций	юсти́ций
юстицию	юсти́цию
юстиция	юсти́ция
юстициям	юсти́циям
юстициями	юсти́циями
юстициях	юсти́циях
юсупов	юсу́пов
юсупова	юсу́пова
юсупове	юсу́пове
юсуповой	юсу́повой
юсуповою	юсу́повою
юсупову	юсу́пову
юсуповы	юсу́повы
юсуповым	юсу́повым
юсуповыми	юсу́повыми
юсуповых	юсу́повых
юта	ю́та
юте	ю́те
ютой	ю́той
ютою	ю́тою
юту	ю́ту
юты	ю́ты
юшенков	юшенко́в
юшенкова	юшенко́ва
юшенкове	юшенко́ве
юшенковой	юшенко́вой
юшенковою	юшенко́вою
юшенкову	юшенко́ву
юшенковы	юшенко́вы
юшенковым	юшенко́вым
юшенковыми	юшенко́выми
юшенковых	юшенко́вых
ющенко	ю́щенко
ява	я́ва
яве	я́ве
явлинская	явли́нская
явлинские	явли́нские
явлинский	явли́нский
явлинским	явли́нским
явлинскими	явли́нскими
явлинских	явли́нских
явлинского	явли́нского
явлинской	явли́нской
явлинском	явли́нском
явлинскому	явли́нскому
явлинскою	явли́нскою
явлинскую	явли́нскую
явой	я́вой
яворов	я́воров
яворова	я́ворова
яворове	я́ворове
яворовом	я́воровом
яворову	я́ворову
явою	я́вою
яву	я́ву
явы	я́вы
ядвиг	ядви́г
ядвига	ядви́га
ядвигам	ядви́гам
ядвигами	ядви́гами
ядвигах	ядви́гах
ядвиге	ядви́ге
ядвиги	ядви́ги
ядвигой	ядви́гой
ядвигою	ядви́гою
ядвигу	ядви́гу
язов	я́зов
язова	я́зова
язове	я́зове
язовой	я́зовой
язовою	я́зовою
язову	я́зову
язовы	я́зовы
язовым	я́зовым
язовыми	я́зовыми
язовых	я́зовых
язон	язо́н
язона	язо́на
язоне	язо́не
язоном	язо́ном
язону	язо́ну
яков	я́ков
якова	я́кова
яковам	я́ковам
яковами	я́ковами
яковах	я́ковах
якове	я́кове
яковенко	якове́нко
яковов	я́ковов
яковом	я́ковом
якову	я́кову
яковы	я́ковы
якутией	яку́тией
якутиею	яку́тиею
якутии	яку́тии
якутию	яку́тию
якутия	яку́тия
якутск	яку́тск
якутска	яку́тска
якутске	яку́тске
якутском	яку́тском
якутску	яку́тску
ялта	я́лта
ялте	я́лте
ялтой	я́лтой
ялтою	я́лтою
ялту	я́лту
ялты	я́лты
ялуторовск	ялу́торовск
ялуторовска	ялу́торовска
ялуторовске	ялу́торовске
ялуторовском	ялу́торовском
ялуторовску	ялу́торовску
яма	я́ма
ямагата	ямага́та
ямагате	ямага́те
ямагатой	ямага́той
ямагатою	ямага́тою
ямагату	ямага́ту
ямагаты	ямага́ты
ямагути	ямагу́ти
ямайка	яма́йка
ямайке	яма́йке
ямайки	яма́йки
ямайкой	яма́йкой
ямайкою	яма́йкою
ямайку	яма́йку
ямал	яма́л
ямала	яма́ла
ямалам	яма́лам
ямалами	яма́лами
ямалах	яма́лах
ямале	яма́ле
ямалов	яма́лов
ямалом	яма́лом
ямалу	яма́лу
ямалы	яма́лы
ямам	я́мам
ямами	я́мами
яманаси	ямана́си
ямато	яма́то
ямах	я́мах
ямвлих	я́мвлих
ямвлиха	я́мвлиха
ямвлихе	я́мвлихе
ямвлихом	я́мвлихом
ямвлиху	я́мвлиху
яме	я́ме
ямой	я́мой
ямою	я́мою
ямполе	я́мполе
ямполем	я́мполем
ямполь	я́мполь
ямполю	я́мполю
ямполя	я́мполя
яму	я́му
ямуна	яму́на
ямуне	яму́не
ямуной	яму́ной
ямуною	яму́ною
ямуну	яму́ну
ямуны	яму́ны
ямусукро	ямусу́кро
ямы	я́мы
яна	я́на
янам	я́нам
янами	я́нами
янах	я́нах
янгон	янго́н
янгона	янго́на
янгоне	янго́не
янгоном	янго́ном
янгону	янго́ну
яндекс	я́ндекс
яндекса	я́ндекса
яне	я́не
янин	я́нин
янкович	я́нкович
янковича	я́нковича
янковичам	я́нковичам
янковичами	я́нковичами
янковичах	я́нковичах
янковиче	я́нковиче
янковичей	я́нковичей
янковичем	я́нковичем
янковичи	я́нковичи
янковичу	я́нковичу
янковская	янко́вская
янковские	янко́вские
янковский	янко́вский
янковским	янко́вским
янковскими	янко́вскими
янковских	янко́вских
янковского	янко́вского
янковской	янко́вской
янковском	янко́вском
янковскому	янко́вскому
янковскою	янко́вскою
янковскую	янко́вскую
янов	я́нов
яной	я́ной
яном	я́ном
яною	я́ною
яну	я́ну
янукович	януко́вич
януковича	януко́вича
януковичам	януко́вичам
януковичами	януко́вичами
януковичах	януко́вичах
януковиче	януко́виче
януковичей	януко́вичей
януковичем	януко́вичем
януковичи	януко́вичи
януковичу	януко́вичу
янус	я́нус
януса	я́нуса
янусе	я́нусе
янусом	я́нусом
янусу	я́нусу
янцзы	янцзы́
яны	я́ны
японией	япо́нией
япониею	япо́ниею
японии	япо́нии
японию	япо́нию
япония	япо́ния
ярдена	ярде́на
ярдене	ярде́не
ярденой	ярде́ной
ярденою	ярде́ною
ярдену	ярде́ну
ярдены	ярде́ны
ярик	я́рик
ярил	яри́л
ярила	яри́ла
ярилам	яри́лам
ярилами	яри́лами
ярилах	яри́лах
яриле	яри́ле
ярило	яри́ло
ярилом	яри́лом
ярилу	яри́лу
ярмольник	ярмо́льник
ярмольника	ярмо́льника
ярмольникам	ярмо́льникам
ярмольниками	ярмо́льниками
ярмольниках	ярмо́льниках
ярмольнике	ярмо́льнике
ярмольники	ярмо́льники
ярмольников	ярмо́льников
ярмольником	ярмо́льником
ярмольнику	ярмо́льнику
ярмыш	я́рмыш
ярмыша	я́рмыша
ярмышам	я́рмышам
ярмышами	я́рмышами
ярмышах	я́рмышах
ярмыше	я́рмыше
ярмышей	я́рмышей
ярмышем	я́рмышем
ярмыши	я́рмыши
ярмышу	я́рмышу
ярополк	яропо́лк
ярополка	яропо́лка
ярополкам	яропо́лкам
ярополками	яропо́лками
ярополках	яропо́лках
ярополке	яропо́лке
ярополки	яропо́лки
ярополков	яропо́лков
ярополком	яропо́лком
ярополку	яропо́лку
ярославле	яросла́вле
ярославлем	яросла́влем
ярославль	яросла́вль
ярославлю	яросла́влю
ярославля	яросла́вля
ярославой	яросла́вой
ярославою	яросла́вою
ясон	ясо́н
ясона	ясо́на
ясоне	ясо́не
ясоном	ясо́ном
ясону	ясо́ну
ястребов	я́стребов
ястребова	я́стребова
ястребове	я́стребове
ястребовой	я́стребовой
ястребовою	я́стребовою
ястребову	я́стребову
ястребовы	я́стребовы
ястребовым	я́стребовым
ястребовыми	я́стребовыми
ястребовых	я́стребовых
яунде	я́унде
яффа	я́ффа
яффе	я́ффе
яффой	я́ффой
яффою	я́ффою
яффу	я́ффу
яффы	я́ффы
яша	я́ша
яшам	я́шам
яшами	я́шами
яшах	я́шах
яше	я́ше
яшей	я́шей
яшенька	я́шенька
яшею	я́шею
яши	я́ши
яшин	я́шин
яшина	я́шина
яшине	я́шине
яшиной	я́шиной
яшиною	я́шиною
яшину	я́шину
яшины	я́шины
яшиным	я́шиным
яшиными	я́шиными
яшиных	я́шиных
яшка	я́шка
яшу	я́шу
ящерица	я́щерица
ящерице	я́щерице
ящерицей	я́щерицей
ящерицею	я́щерицею
ящерицу	я́щерицу
ящерицы	я́щерицы
